Label,Word,Count,Probability
spam,call,355,0.02680459075807913
spam,free,224,0.016913319238900635
spam,txt,163,0.012307459981878587
spam,mobile,127,0.009589247961340985
spam,text,125,0.00943823618242223
spam,stop,121,0.009136212624584718
spam,claim,113,0.008532165508909695
spam,reply,104,0.007852612503775294
spam,www,98,0.007399577167019027
spam,prize,93,0.007022047719722139
spam,get,86,0.006493506493506494
spam,cash,76,0.005738447598912715
spam,uk,74,0.00558743581999396
spam,150p,71,0.005360918151615826
spam,send,70,0.005285412262156448
spam,new,69,0.0052099063726970705
spam,nokia,67,0.005058894593778315
spam,win,64,0.004832376925400181
spam,urgent,63,0.0047568710359408035
spam,week,60,0.0045303533675626695
spam,tone,60,0.0045303533675626695
spam,50,57,0.0043038356991845364
spam,c,56,0.004228329809725159
spam,service,56,0.004228329809725159
spam,contact,56,0.004228329809725159
spam,please,55,0.004152823920265781
spam,co,54,0.0040773180308064025
spam,com,54,0.0040773180308064025
spam,msg,54,0.0040773180308064025
spam,16,51,0.0038508003624282694
spam,18,51,0.0038508003624282694
spam,guaranteed,50,0.0037752944729688917
spam,customer,49,0.0036997885835095136
spam,per,46,0.00347327091513138
spam,3,45,0.0033977650256720024
spam,phone,45,0.0033977650256720024
spam,chat,44,0.0033222591362126247
spam,500,44,0.0033222591362126247
spam,cs,44,0.0033222591362126247
spam,min,43,0.003246753246753247
spam,1000,41,0.003095741467834491
spam,100,40,0.0030202355783751134
spam,draw,39,0.0029447296889157353
spam,awarded,38,0.0028692237994563576
spam,latest,36,0.002718212020537602
spam,sms,36,0.002718212020537602
spam,mins,36,0.002718212020537602
spam,camera,35,0.002642706131078224
spam,line,35,0.002642706131078224
spam,message,34,0.0025672002416188464
spam,150ppm,34,0.0025672002416188464
spam,receive,33,0.0024916943521594683
spam,every,33,0.0024916943521594683
spam,holiday,32,0.0024161884627000906
spam,landline,32,0.0024161884627000906
spam,video,32,0.0024161884627000906
spam,wk,32,0.0024161884627000906
spam,ringtone,31,0.002340682573240713
spam,shows,31,0.002340682573240713
spam,go,31,0.002340682573240713
spam,find,31,0.002340682573240713
spam,rate,30,0.0022651766837813348
spam,apply,30,0.0022651766837813348
spam,code,30,0.0022651766837813348
spam,r,30,0.0022651766837813348
spam,want,30,0.0022651766837813348
spam,box,30,0.0022651766837813348
spam,number,30,0.0022651766837813348
spam,000,29,0.002189670794321957
spam,live,29,0.002189670794321957
spam,po,29,0.002189670794321957
spam,award,28,0.0021141649048625794
spam,10,27,0.0020386590154032012
spam,offer,27,0.0020386590154032012
spam,orange,27,0.0020386590154032012
spam,chance,27,0.0020386590154032012
spam,entry,26,0.0019631531259438235
spam,tones,26,0.0019631531259438235
spam,1st,26,0.0019631531259438235
spam,collection,26,0.0019631531259438235
spam,word,25,0.0018876472364844459
spam,network,25,0.0018876472364844459
spam,selected,25,0.0018876472364844459
spam,mob,25,0.0018876472364844459
spam,5000,25,0.0018876472364844459
spam,know,25,0.0018876472364844459
spam,valid,24,0.001812141347025068
spam,cost,24,0.001812141347025068
spam,2000,24,0.001812141347025068
spam,10p,24,0.001812141347025068
spam,weekly,24,0.001812141347025068
spam,back,23,0.00173663545756569
spam,collect,23,0.00173663545756569
spam,national,22,0.0016611295681063123
spam,help,22,0.0016611295681063123
spam,attempt,22,0.0016611295681063123
spam,800,22,0.0016611295681063123
spam,http,21,0.0015856236786469344
spam,yes,21,0.0015856236786469344
spam,delivery,21,0.0015856236786469344
spam,bonus,21,0.0015856236786469344
spam,today,21,0.0015856236786469344
spam,vouchers,21,0.0015856236786469344
spam,music,21,0.0015856236786469344
spam,sae,21,0.0015856236786469344
spam,8007,21,0.0015856236786469344
spam,day,20,0.0015101177891875567
spam,2nd,20,0.0015101177891875567
spam,update,19,0.0014346118997281788
spam,colour,19,0.0014346118997281788
spam,special,19,0.0014346118997281788
spam,account,19,0.0014346118997281788
spam,see,19,0.0014346118997281788
spam,750,19,0.0014346118997281788
spam,club,19,0.0014346118997281788
spam,86688,19,0.0014346118997281788
spam,games,19,0.0014346118997281788
spam,poly,19,0.0014346118997281788
spam,texts,19,0.0014346118997281788
spam,await,19,0.0014346118997281788
spam,time,19,0.0014346118997281788
spam,play,18,0.001359106010268801
spam,private,18,0.001359106010268801
spam,unsubscribe,18,0.001359106010268801
spam,250,18,0.001359106010268801
spam,land,18,0.001359106010268801
spam,150,18,0.001359106010268801
spam,gift,18,0.001359106010268801
spam,pounds,17,0.0012836001208094232
spam,tried,17,0.0012836001208094232
spam,waiting,17,0.0012836001208094232
spam,12hrs,17,0.0012836001208094232
spam,expires,17,0.0012836001208094232
spam,todays,17,0.0012836001208094232
spam,services,17,0.0012836001208094232
spam,double,17,0.0012836001208094232
spam,price,17,0.0012836001208094232
spam,dating,17,0.0012836001208094232
spam,opt,17,0.0012836001208094232
spam,final,16,0.0012080942313500453
spam,winner,16,0.0012080942313500453
spam,pobox,16,0.0012080942313500453
spam,next,16,0.0012080942313500453
spam,08000930705,16,0.0012080942313500453
spam,statement,16,0.0012080942313500453
spam,points,16,0.0012080942313500453
spam,identifier,16,0.0012080942313500453
spam,top,16,0.0012080942313500453
spam,join,16,0.0012080942313500453
spam,ltd,16,0.0012080942313500453
spam,row,16,0.0012080942313500453
spam,mobileupd8,16,0.0012080942313500453
spam,dear,16,0.0012080942313500453
spam,voucher,16,0.0012080942313500453
spam,hi,16,0.0012080942313500453
spam,tell,16,0.0012080942313500453
spam,auction,16,0.0012080942313500453
spam,net,15,0.0011325883418906674
spam,thanks,15,0.0011325883418906674
spam,5,15,0.0011325883418906674
spam,camcorder,15,0.0011325883418906674
spam,trying,15,0.0011325883418906674
spam,operator,15,0.0011325883418906674
spam,350,15,0.0011325883418906674
spam,quiz,15,0.0011325883418906674
spam,real,15,0.0011325883418906674
spam,bt,15,0.0011325883418906674
spam,sexy,15,0.0011325883418906674
spam,hot,15,0.0011325883418906674
spam,suite342,15,0.0011325883418906674
spam,2lands,15,0.0011325883418906674
spam,xmas,15,0.0011325883418906674
spam,08000839402,15,0.0011325883418906674
spam,b,15,0.0011325883418906674
spam,wkly,14,0.0010570824524312897
spam,freemsg,14,0.0010570824524312897
spam,info,14,0.0010570824524312897
spam,order,14,0.0010570824524312897
spam,content,14,0.0010570824524312897
spam,someone,14,0.0010570824524312897
spam,congratulations,14,0.0010570824524312897
spam,take,14,0.0010570824524312897
spam,savamob,14,0.0010570824524312897
spam,pic,14,0.0010570824524312897
spam,like,13,0.0009815765629719118
spam,end,13,0.0009815765629719118
spam,0800,13,0.0009815765629719118
spam,last,13,0.0009815765629719118
spam,03,13,0.0009815765629719118
spam,name,13,0.0009815765629719118
spam,make,13,0.0009815765629719118
spam,87066,13,0.0009815765629719118
spam,easy,13,0.0009815765629719118
spam,txts,13,0.0009815765629719118
spam,messages,13,0.0009815765629719118
spam,half,13,0.0009815765629719118
spam,worth,13,0.0009815765629719118
spam,offers,13,0.0009815765629719118
spam,2003,13,0.0009815765629719118
spam,mates,13,0.0009815765629719118
spam,11,12,0.000906070673512534
spam,mobiles,12,0.000906070673512534
spam,dont,12,0.000906070673512534
spam,charged,12,0.000906070673512534
spam,ac,12,0.000906070673512534
spam,complimentary,12,0.000906070673512534
spam,caller,12,0.000906070673512534
spam,player,12,0.000906070673512534
spam,e,12,0.000906070673512534
spam,reveal,12,0.000906070673512534
spam,anytime,12,0.000906070673512534
spam,200,12,0.000906070673512534
spam,call2optout,12,0.000906070673512534
spam,phones,12,0.000906070673512534
spam,rental,12,0.000906070673512534
spam,calls,12,0.000906070673512534
spam,ipod,12,0.000906070673512534
spam,un,12,0.000906070673512534
spam,redeemed,12,0.000906070673512534
spam,04,12,0.000906070673512534
spam,important,12,0.000906070673512534
spam,days,12,0.000906070673512534
spam,good,12,0.000906070673512534
spam,pics,12,0.000906070673512534
spam,std,11,0.0008305647840531562
spam,xxx,11,0.0008305647840531562
spam,valued,11,0.0008305647840531562
spam,reward,11,0.0008305647840531562
spam,wap,11,0.0008305647840531562
spam,n,11,0.0008305647840531562
spam,eg,11,0.0008305647840531562
spam,dogging,11,0.0008305647840531562
spam,yr,11,0.0008305647840531562
spam,pls,11,0.0008305647840531562
spam,f,11,0.0008305647840531562
spam,friend,11,0.0008305647840531562
spam,x,11,0.0008305647840531562
spam,hg,11,0.0008305647840531562
spam,w1j6hl,11,0.0008305647840531562
spam,motorola,11,0.0008305647840531562
spam,sex,11,0.0008305647840531562
spam,enjoy,11,0.0008305647840531562
spam,great,11,0.0008305647840531562
spam,comp,10,0.0007550588945937784
spam,news,10,0.0007550588945937784
spam,tomorrow,10,0.0007550588945937784
spam,congrats,10,0.0007550588945937784
spam,representative,10,0.0007550588945937784
spam,speak,10,0.0007550588945937784
spam,sent,10,0.0007550588945937784
spam,direct,10,0.0007550588945937784
spam,txting,10,0.0007550588945937784
spam,tc,10,0.0007550588945937784
spam,date,10,0.0007550588945937784
spam,secret,10,0.0007550588945937784
spam,admirer,10,0.0007550588945937784
spam,thinks,10,0.0007550588945937784
spam,unlimited,10,0.0007550588945937784
spam,choose,10,0.0007550588945937784
spam,charge,10,0.0007550588945937784
spam,hmv,10,0.0007550588945937784
spam,custcare,10,0.0007550588945937784
spam,currently,10,0.0007550588945937784
spam,love,10,0.0007550588945937784
spam,ldn,10,0.0007550588945937784
spam,welcome,10,0.0007550588945937784
spam,00,10,0.0007550588945937784
spam,ts,10,0.0007550588945937784
spam,getzed,10,0.0007550588945937784
spam,either,10,0.0007550588945937784
spam,need,10,0.0007550588945937784
spam,ntt,10,0.0007550588945937784
spam,wanna,10,0.0007550588945937784
spam,part,10,0.0007550588945937784
spam,enter,10,0.0007550588945937784
spam,ringtones,10,0.0007550588945937784
spam,fun,9,0.0006795530051344004
spam,use,9,0.0006795530051344004
spam,credit,9,0.0006795530051344004
spam,england,9,0.0006795530051344004
spam,6,9,0.0006795530051344004
spam,specially,9,0.0006795530051344004
spam,numbers,9,0.0006795530051344004
spam,rates,9,0.0006795530051344004
spam,tv,9,0.0006795530051344004
spam,g,9,0.0006795530051344004
spam,looking,9,0.0006795530051344004
spam,ldew,9,0.0006795530051344004
spam,credits,9,0.0006795530051344004
spam,11mths,9,0.0006795530051344004
spam,fancy,9,0.0006795530051344004
spam,balance,9,0.0006795530051344004
spam,bluetooth,9,0.0006795530051344004
spam,discount,9,0.0006795530051344004
spam,age16,9,0.0006795530051344004
spam,us,9,0.0006795530051344004
spam,weeks,9,0.0006795530051344004
spam,game,9,0.0006795530051344004
spam,7,9,0.0006795530051344004
spam,best,9,0.0006795530051344004
spam,comuk,9,0.0006795530051344004
spam,charity,9,0.0006795530051344004
spam,20p,9,0.0006795530051344004
spam,del,9,0.0006795530051344004
spam,flag,9,0.0006795530051344004
spam,weekend,9,0.0006795530051344004
spam,entitled,8,0.0006040471156750226
spam,87077,8,0.0006040471156750226
spam,month,8,0.0006040471156750226
spam,ip4,8,0.0006040471156750226
spam,5we,8,0.0006040471156750226
spam,inc,8,0.0006040471156750226
spam,2004,8,0.0006040471156750226
spam,ending,8,0.0006040471156750226
spam,sunshine,8,0.0006040471156750226
spam,sony,8,0.0006040471156750226
spam,sp,8,0.0006040471156750226
spam,msgs,8,0.0006040471156750226
spam,age,8,0.0006040471156750226
spam,freephone,8,0.0006040471156750226
spam,meet,8,0.0006040471156750226
spam,cd,8,0.0006040471156750226
spam,answer,8,0.0006040471156750226
spam,rcvd,8,0.0006040471156750226
spam,first,8,0.0006040471156750226
spam,3030,8,0.0006040471156750226
spam,terms,8,0.0006040471156750226
spam,02,8,0.0006040471156750226
spam,sub,8,0.0006040471156750226
spam,50p,8,0.0006040471156750226
spam,shopping,8,0.0006040471156750226
spam,shop,8,0.0006040471156750226
spam,area,8,0.0006040471156750226
spam,25p,8,0.0006040471156750226
spam,one,8,0.0006040471156750226
spam,matches,8,0.0006040471156750226
spam,summer,8,0.0006040471156750226
spam,store,8,0.0006040471156750226
spam,no1,8,0.0006040471156750226
spam,polys,8,0.0006040471156750226
spam,user,8,0.0006040471156750226
spam,08712460324,8,0.0006040471156750226
spam,lucky,8,0.0006040471156750226
spam,digital,8,0.0006040471156750226
spam,information,8,0.0006040471156750226
spam,awaiting,8,0.0006040471156750226
spam,babe,8,0.0006040471156750226
spam,0870,8,0.0006040471156750226
spam,06,8,0.0006040471156750226
spam,pm,8,0.0006040471156750226
spam,details,8,0.0006040471156750226
spam,may,7,0.0005285412262156448
spam,question,7,0.0005285412262156448
spam,still,7,0.0005285412262156448
spam,900,7,0.0005285412262156448
spam,20,7,0.0005285412262156448
spam,miss,7,0.0005285412262156448
spam,try,7,0.0005285412262156448
spam,etc,7,0.0005285412262156448
spam,bx420,7,0.0005285412262156448
spam,10am,7,0.0005285412262156448
spam,dvd,7,0.0005285412262156448
spam,82277,7,0.0005285412262156448
spam,years,7,0.0005285412262156448
spam,biz,7,0.0005285412262156448
spam,start,7,0.0005285412262156448
spam,horny,7,0.0005285412262156448
spam,loyalty,7,0.0005285412262156448
spam,minute,7,0.0005285412262156448
spam,access,7,0.0005285412262156448
spam,08718720201,7,0.0005285412262156448
spam,maximize,7,0.0005285412262156448
spam,logo,7,0.0005285412262156448
spam,tenerife,7,0.0005285412262156448
spam,visit,7,0.0005285412262156448
spam,85023,7,0.0005285412262156448
spam,unsub,7,0.0005285412262156448
spam,within,7,0.0005285412262156448
spam,spree,7,0.0005285412262156448
spam,gr8,7,0.0005285412262156448
spam,fantastic,7,0.0005285412262156448
spam,could,7,0.0005285412262156448
spam,36504,7,0.0005285412262156448
spam,bid,7,0.0005285412262156448
spam,extra,7,0.0005285412262156448
spam,give,7,0.0005285412262156448
spam,sk38xh,7,0.0005285412262156448
spam,guess,7,0.0005285412262156448
spam,o2,7,0.0005285412262156448
spam,log,7,0.0005285412262156448
spam,onto,7,0.0005285412262156448
spam,got,7,0.0005285412262156448
spam,1327,7,0.0005285412262156448
spam,croydon,7,0.0005285412262156448
spam,cr9,7,0.0005285412262156448
spam,5wb,7,0.0005285412262156448
spam,plus,7,0.0005285412262156448
spam,im,7,0.0005285412262156448
spam,costa,7,0.0005285412262156448
spam,sol,7,0.0005285412262156448
spam,costå,7,0.0005285412262156448
spam,saturday,7,0.0005285412262156448
spam,400,7,0.0005285412262156448
spam,12,6,0.000453035336756267
spam,hl,6,0.000453035336756267
spam,link,6,0.000453035336756267
spam,replying,6,0.000453035336756267
spam,year,6,0.000453035336756267
spam,150pm,6,0.000453035336756267
spam,flights,6,0.000453035336756267
spam,match,6,0.000453035336756267
spam,08712300220,6,0.000453035336756267
spam,standard,6,0.000453035336756267
spam,inviting,6,0.000453035336756267
spam,frnd,6,0.000453035336756267
spam,62468,6,0.000453035336756267
spam,goto,6,0.000453035336756267
spam,even,6,0.000453035336756267
spam,tncs,6,0.000453035336756267
spam,handset,6,0.000453035336756267
spam,questions,6,0.000453035336756267
spam,keep,6,0.000453035336756267
spam,cc,6,0.000453035336756267
spam,calling,6,0.000453035336756267
spam,entered,6,0.000453035336756267
spam,vary,6,0.000453035336756267
spam,40gb,6,0.000453035336756267
spam,member,6,0.000453035336756267
spam,pound,6,0.000453035336756267
spam,announcement,6,0.000453035336756267
spam,28,6,0.000453035336756267
spam,guys,6,0.000453035336756267
spam,vodafone,6,0.000453035336756267
spam,holder,6,0.000453035336756267
spam,pc,6,0.000453035336756267
spam,7pm,6,0.000453035336756267
spam,b4,6,0.000453035336756267
spam,txtauction,6,0.000453035336756267
spam,book,6,0.000453035336756267
spam,pobox84,6,0.000453035336756267
spam,w45wq,6,0.000453035336756267
spam,norm150p,6,0.000453035336756267
spam,zed,6,0.000453035336756267
spam,asap,6,0.000453035336756267
spam,gay,6,0.000453035336756267
spam,asked,6,0.000453035336756267
spam,sipix,6,0.000453035336756267
spam,ans,6,0.000453035336756267
spam,urawinner,6,0.000453035336756267
spam,luck,6,0.000453035336756267
spam,ready,6,0.000453035336756267
spam,fantasies,6,0.000453035336756267
spam,08707509020,6,0.000453035336756267
spam,arrive,6,0.000453035336756267
spam,86021,6,0.000453035336756267
spam,arcade,6,0.000453035336756267
spam,09050090044,6,0.000453035336756267
spam,toclaim,6,0.000453035336756267
spam,pobox334,6,0.000453035336756267
spam,stockport,6,0.000453035336756267
spam,max10mins,6,0.000453035336756267
spam,sky,6,0.000453035336756267
spam,tariffs,6,0.000453035336756267
spam,night,6,0.000453035336756267
spam,cup,5,0.0003775294472968892
spam,hey,5,0.0003775294472968892
spam,ok,5,0.0003775294472968892
spam,hours,5,0.0003775294472968892
spam,click,5,0.0003775294472968892
spam,v,5,0.0003775294472968892
spam,subscription,5,0.0003775294472968892
spam,pass,5,0.0003775294472968892
spam,following,5,0.0003775294472968892
spam,weekends,5,0.0003775294472968892
spam,voda,5,0.0003775294472968892
spam,quoting,5,0.0003775294472968892
spam,locations,5,0.0003775294472968892
spam,ec2a,5,0.0003775294472968892
spam,must,5,0.0003775294472968892
spam,local,5,0.0003775294472968892
spam,luv,5,0.0003775294472968892
spam,434,5,0.0003775294472968892
spam,2optout,5,0.0003775294472968892
spam,partner,5,0.0003775294472968892
spam,25,5,0.0003775294472968892
spam,singles,5,0.0003775294472968892
spam,themob,5,0.0003775294472968892
spam,selection,5,0.0003775294472968892
spam,sport,5,0.0003775294472968892
spam,december,5,0.0003775294472968892
spam,sonyericsson,5,0.0003775294472968892
spam,eve,5,0.0003775294472968892
spam,pobox36504w45wq,5,0.0003775294472968892
spam,contacted,5,0.0003775294472968892
spam,activate,5,0.0003775294472968892
spam,mp3,5,0.0003775294472968892
spam,83355,5,0.0003775294472968892
spam,1x150p,5,0.0003775294472968892
spam,euro2004,5,0.0003775294472968892
spam,80062,5,0.0003775294472968892
spam,immediately,5,0.0003775294472968892
spam,polyphonic,5,0.0003775294472968892
spam,login,5,0.0003775294472968892
spam,care,5,0.0003775294472968892
spam,talk,5,0.0003775294472968892
spam,friends,5,0.0003775294472968892
spam,cds,5,0.0003775294472968892
spam,records,5,0.0003775294472968892
spam,girls,5,0.0003775294472968892
spam,3g,5,0.0003775294472968892
spam,videophones,5,0.0003775294472968892
spam,videochat,5,0.0003775294472968892
spam,wid,5,0.0003775294472968892
spam,java,5,0.0003775294472968892
spam,dload,5,0.0003775294472968892
spam,noline,5,0.0003775294472968892
spam,rentl,5,0.0003775294472968892
spam,girl,5,0.0003775294472968892
spam,revealed,5,0.0003775294472968892
spam,invited,5,0.0003775294472968892
spam,xchat,5,0.0003775294472968892
spam,surprise,5,0.0003775294472968892
spam,place,5,0.0003775294472968892
spam,cum,5,0.0003775294472968892
spam,callså,5,0.0003775294472968892
spam,80488,5,0.0003775294472968892
spam,linerental,5,0.0003775294472968892
spam,optout,5,0.0003775294472968892
spam,reach,5,0.0003775294472968892
spam,eerie,5,0.0003775294472968892
spam,rply,5,0.0003775294472968892
spam,60p,5,0.0003775294472968892
spam,05,5,0.0003775294472968892
spam,buy,5,0.0003775294472968892
spam,computer,5,0.0003775294472968892
spam,well,5,0.0003775294472968892
spam,fone,5,0.0003775294472968892
spam,official,5,0.0003775294472968892
spam,inclusive,5,0.0003775294472968892
spam,spook,5,0.0003775294472968892
spam,fantasy,5,0.0003775294472968892
spam,crazy,5,0.0003775294472968892
spam,cancel,5,0.0003775294472968892
spam,3510i,5,0.0003775294472968892
spam,300,5,0.0003775294472968892
spam,minutes,5,0.0003775294472968892
spam,fa,4,0.0003020235578375113
spam,tkts,4,0.0003020235578375113
spam,87121,4,0.0003020235578375113
spam,87575,4,0.0003020235578375113
spam,team,4,0.0003020235578375113
spam,correct,4,0.0003020235578375113
spam,review,4,0.0003020235578375113
spam,trip,4,0.0003020235578375113
spam,786,4,0.0003020235578375113
spam,unredeemed,4,0.0003020235578375113
spam,app,4,0.0003020235578375113
spam,q,4,0.0003020235578375113
spam,country,4,0.0003020235578375113
spam,ansr,4,0.0003020235578375113
spam,tyrone,4,0.0003020235578375113
spam,laid,4,0.0003020235578375113
spam,largest,4,0.0003020235578375113
spam,nothing,4,0.0003020235578375113
spam,netcollex,4,0.0003020235578375113
spam,0808,4,0.0003020235578375113
spam,145,4,0.0003020235578375113
spam,4742,4,0.0003020235578375113
spam,9am,4,0.0003020235578375113
spam,11pm,4,0.0003020235578375113
spam,flirt,4,0.0003020235578375113
spam,recd,4,0.0003020235578375113
spam,com1win150ppmx3age16,4,0.0003020235578375113
spam,card,4,0.0003020235578375113
spam,ends,4,0.0003020235578375113
spam,4u,4,0.0003020235578375113
spam,21,4,0.0003020235578375113
spam,check,4,0.0003020235578375113
spam,think,4,0.0003020235578375113
spam,08002986906,4,0.0003020235578375113
spam,85,4,0.0003020235578375113
spam,83600,4,0.0003020235578375113
spam,reference,4,0.0003020235578375113
spam,87131,4,0.0003020235578375113
spam,true,4,0.0003020235578375113
spam,3mins,4,0.0003020235578375113
spam,close,4,0.0003020235578375113
spam,post,4,0.0003020235578375113
spam,wc1n3xx,4,0.0003020235578375113
spam,loan,4,0.0003020235578375113
spam,purpose,4,0.0003020235578375113
spam,tenants,4,0.0003020235578375113
spam,refused,4,0.0003020235578375113
spam,tcs,4,0.0003020235578375113
spam,cw25wx,4,0.0003020235578375113
spam,conditions,4,0.0003020235578375113
spam,mtmsgrcvd18,4,0.0003020235578375113
spam,ring,4,0.0003020235578375113
spam,08715705022,4,0.0003020235578375113
spam,24,4,0.0003020235578375113
spam,542,4,0.0003020235578375113
spam,paris,4,0.0003020235578375113
spam,daily,4,0.0003020235578375113
spam,hello,4,0.0003020235578375113
spam,forwarded,4,0.0003020235578375113
spam,81151,4,0.0003020235578375113
spam,4t,4,0.0003020235578375113
spam,break,4,0.0003020235578375113
spam,88039,4,0.0003020235578375113
spam,skilgme,4,0.0003020235578375113
spam,08718727870,4,0.0003020235578375113
spam,m263uz,4,0.0003020235578375113
spam,3qxj9,4,0.0003020235578375113
spam,08702840625,4,0.0003020235578375113
spam,9ae,4,0.0003020235578375113
spam,cust,4,0.0003020235578375113
spam,remove,4,0.0003020235578375113
spam,ibiza,4,0.0003020235578375113
spam,ppm,4,0.0003020235578375113
spam,vip,4,0.0003020235578375113
spam,address,4,0.0003020235578375113
spam,sale,4,0.0003020235578375113
spam,cheap,4,0.0003020235578375113
spam,money,4,0.0003020235578375113
spam,away,4,0.0003020235578375113
spam,getting,4,0.0003020235578375113
spam,w1,4,0.0003020235578375113
spam,contract,4,0.0003020235578375113
spam,registered,4,0.0003020235578375113
spam,cant,4,0.0003020235578375113
spam,subscriber,4,0.0003020235578375113
spam,bored,4,0.0003020235578375113
spam,let,4,0.0003020235578375113
spam,future,4,0.0003020235578375113
spam,takes,4,0.0003020235578375113
spam,wrc,4,0.0003020235578375113
spam,rally,4,0.0003020235578375113
spam,lucozade,4,0.0003020235578375113
spam,jordan,4,0.0003020235578375113
spam,delivered,4,0.0003020235578375113
spam,txtin,4,0.0003020235578375113
spam,4info,4,0.0003020235578375113
spam,08712405020,4,0.0003020235578375113
spam,xx,4,0.0003020235578375113
spam,jamster,4,0.0003020235578375113
spam,original,4,0.0003020235578375113
spam,3gbp,4,0.0003020235578375113
spam,msgrcvdhg,4,0.0003020235578375113
spam,textpod,4,0.0003020235578375113
spam,pod,4,0.0003020235578375113
spam,2nite,4,0.0003020235578375113
spam,hope,4,0.0003020235578375113
spam,2day,4,0.0003020235578375113
spam,brand,4,0.0003020235578375113
spam,7250i,4,0.0003020235578375113
spam,w1jhl,4,0.0003020235578375113
spam,king,4,0.0003020235578375113
spam,london,4,0.0003020235578375113
spam,moby,4,0.0003020235578375113
spam,action,4,0.0003020235578375113
spam,going,4,0.0003020235578375113
spam,bahamas,4,0.0003020235578375113
spam,0,4,0.0003020235578375113
spam,alert,4,0.0003020235578375113
spam,exciting,4,0.0003020235578375113
spam,08001950382,4,0.0003020235578375113
spam,would,4,0.0003020235578375113
spam,done,4,0.0003020235578375113
spam,87239,4,0.0003020235578375113
spam,freefone,4,0.0003020235578375113
spam,starting,4,0.0003020235578375113
spam,yer,4,0.0003020235578375113
spam,84199,4,0.0003020235578375113
spam,eng,4,0.0003020235578375113
spam,box39822,4,0.0003020235578375113
spam,w111wx,4,0.0003020235578375113
spam,starts,4,0.0003020235578375113
spam,pix,4,0.0003020235578375113
spam,ntwk,4,0.0003020235578375113
spam,ref,4,0.0003020235578375113
spam,8552,4,0.0003020235578375113
spam,adult,4,0.0003020235578375113
spam,hit,4,0.0003020235578375113
spam,show,4,0.0003020235578375113
spam,porn,4,0.0003020235578375113
spam,09061221066,4,0.0003020235578375113
spam,fromm,4,0.0003020235578375113
spam,mths,4,0.0003020235578375113
spam,bloomberg,4,0.0003020235578375113
spam,picked,4,0.0003020235578375113
spam,440,4,0.0003020235578375113
spam,santa,4,0.0003020235578375113
spam,2005,3,0.0002265176683781335
spam,months,3,0.0002265176683781335
spam,six,3,0.0002265176683781335
spam,red,3,0.0002265176683781335
spam,cinema,3,0.0002265176683781335
spam,09061209465,3,0.0002265176683781335
spam,suprman,3,0.0002265176683781335
spam,matrix3,3,0.0002265176683781335
spam,starwars3,3,0.0002265176683781335
spam,pleased,3,0.0002265176683781335
spam,advise,3,0.0002265176683781335
spam,recent,3,0.0002265176683781335
spam,1500,3,0.0002265176683781335
spam,hear,3,0.0002265176683781335
spam,comes,3,0.0002265176683781335
spam,simply,3,0.0002265176683781335
spam,password,3,0.0002265176683781335
spam,mix,3,0.0002265176683781335
spam,verify,3,0.0002265176683781335
spam,k52,3,0.0002265176683781335
spam,45239,3,0.0002265176683781335
spam,download,3,0.0002265176683781335
spam,89545,3,0.0002265176683781335
spam,087187262701,3,0.0002265176683781335
spam,50gbp,3,0.0002265176683781335
spam,mtmsg18,3,0.0002265176683781335
spam,dream,3,0.0002265176683781335
spam,soon,3,0.0002265176683781335
spam,followed,3,0.0002265176683781335
spam,sam,3,0.0002265176683781335
spam,pence,3,0.0002265176683781335
spam,125gift,3,0.0002265176683781335
spam,networks,3,0.0002265176683781335
spam,genuine,3,0.0002265176683781335
spam,100percent,3,0.0002265176683781335
spam,upgrade,3,0.0002265176683781335
spam,0845,3,0.0002265176683781335
spam,w,3,0.0002265176683781335
spam,newest,3,0.0002265176683781335
spam,m26,3,0.0002265176683781335
spam,3uz,3,0.0002265176683781335
spam,germany,3,0.0002265176683781335
spam,via,3,0.0002265176683781335
spam,gbp,3,0.0002265176683781335
spam,available,3,0.0002265176683781335
spam,4mths,3,0.0002265176683781335
spam,mobilesdirect,3,0.0002265176683781335
spam,08000938767,3,0.0002265176683781335
spam,or2stoptxt,3,0.0002265176683781335
spam,competition,3,0.0002265176683781335
spam,heart,3,0.0002265176683781335
spam,ave,3,0.0002265176683781335
spam,75,3,0.0002265176683781335
spam,homeowners,3,0.0002265176683781335
spam,previously,3,0.0002265176683781335
spam,1956669,3,0.0002265176683781335
spam,0207,3,0.0002265176683781335
spam,notice,3,0.0002265176683781335
spam,123,3,0.0002265176683781335
spam,1450,3,0.0002265176683781335
spam,ibhltd,3,0.0002265176683781335
spam,ldnw15h,3,0.0002265176683781335
spam,mono,3,0.0002265176683781335
spam,09,3,0.0002265176683781335
spam,0871,3,0.0002265176683781335
spam,box95qu,3,0.0002265176683781335
spam,08717898035,3,0.0002265176683781335
spam,80878,3,0.0002265176683781335
spam,ladies,3,0.0002265176683781335
spam,kick,3,0.0002265176683781335
spam,kept,3,0.0002265176683781335
spam,results,3,0.0002265176683781335
spam,83222,3,0.0002265176683781335
spam,postcode,3,0.0002265176683781335
spam,tlp,3,0.0002265176683781335
spam,31,3,0.0002265176683781335
spam,work,3,0.0002265176683781335
spam,89555,3,0.0002265176683781335
spam,textoperator,3,0.0002265176683781335
spam,csbcm4235wc1n3xx,3,0.0002265176683781335
spam,maxå,3,0.0002265176683781335
spam,subscribed,3,0.0002265176683781335
spam,city,3,0.0002265176683781335
spam,tscs087147403231winawk,3,0.0002265176683781335
spam,50perwksub,3,0.0002265176683781335
spam,ever,3,0.0002265176683781335
spam,life,3,0.0002265176683781335
spam,subpoly,3,0.0002265176683781335
spam,81618,3,0.0002265176683781335
spam,220,3,0.0002265176683781335
spam,cm2,3,0.0002265176683781335
spam,alfie,3,0.0002265176683781335
spam,moon,3,0.0002265176683781335
spam,children,3,0.0002265176683781335
spam,song,3,0.0002265176683781335
spam,m8s,3,0.0002265176683781335
spam,nokias,3,0.0002265176683781335
spam,08701417012,3,0.0002265176683781335
spam,profit,3,0.0002265176683781335
spam,five,3,0.0002265176683781335
spam,sk3,3,0.0002265176683781335
spam,8wp,3,0.0002265176683781335
spam,yrs,3,0.0002265176683781335
spam,supply,3,0.0002265176683781335
spam,till,3,0.0002265176683781335
spam,10k,3,0.0002265176683781335
spam,liverpool,3,0.0002265176683781335
spam,male,3,0.0002265176683781335
spam,5p,3,0.0002265176683781335
spam,88600,3,0.0002265176683781335
spam,114,3,0.0002265176683781335
spam,14,3,0.0002265176683781335
spam,tcr,3,0.0002265176683781335
spam,valid12hrs,3,0.0002265176683781335
spam,09063458130,3,0.0002265176683781335
spam,polyph,3,0.0002265176683781335
spam,fancies,3,0.0002265176683781335
spam,euro,3,0.0002265176683781335
spam,84025,3,0.0002265176683781335
spam,people,3,0.0002265176683781335
spam,p,3,0.0002265176683781335
spam,09061790121,3,0.0002265176683781335
spam,receipt,3,0.0002265176683781335
spam,yesterday,3,0.0002265176683781335
spam,many,3,0.0002265176683781335
spam,energy,3,0.0002265176683781335
spam,celeb,3,0.0002265176683781335
spam,pocketbabe,3,0.0002265176683781335
spam,voicemail,3,0.0002265176683781335
spam,choice,3,0.0002265176683781335
spam,87021,3,0.0002265176683781335
spam,84128,3,0.0002265176683781335
spam,textcomp,3,0.0002265176683781335
spam,saucy,3,0.0002265176683781335
spam,photo,3,0.0002265176683781335
spam,arsenal,3,0.0002265176683781335
spam,alone,3,0.0002265176683781335
spam,09066362231,3,0.0002265176683781335
spam,07xxxxxxxxx,3,0.0002265176683781335
spam,minmobsmorelkpobox177hp51fl,3,0.0002265176683781335
spam,high,3,0.0002265176683781335
spam,strong,3,0.0002265176683781335
spam,shortly,3,0.0002265176683781335
spam,ringtoneking,3,0.0002265176683781335
spam,stay,3,0.0002265176683781335
spam,title,3,0.0002265176683781335
spam,titles,3,0.0002265176683781335
spam,bill,3,0.0002265176683781335
spam,82242,3,0.0002265176683781335
spam,sorry,3,0.0002265176683781335
spam,ordered,3,0.0002265176683781335
spam,81303,3,0.0002265176683781335
spam,hard,3,0.0002265176683781335
spam,121,3,0.0002265176683781335
spam,biggest,3,0.0002265176683781335
spam,tour,3,0.0002265176683781335
spam,tickets,3,0.0002265176683781335
spam,chosen,3,0.0002265176683781335
spam,29,3,0.0002265176683781335
spam,press,3,0.0002265176683781335
spam,settings,3,0.0002265176683781335
spam,purchase,3,0.0002265176683781335
spam,costs,3,0.0002265176683781335
spam,18yrs,3,0.0002265176683781335
spam,abta,3,0.0002265176683781335
spam,right,3,0.0002265176683781335
spam,80182,3,0.0002265176683781335
spam,08452810073,3,0.0002265176683781335
spam,provided,3,0.0002265176683781335
spam,yo,3,0.0002265176683781335
spam,downloads,3,0.0002265176683781335
spam,members,3,0.0002265176683781335
spam,tscs,3,0.0002265176683781335
spam,skillgame,3,0.0002265176683781335
spam,1winaweek,3,0.0002265176683781335
spam,150ppermesssubscription,3,0.0002265176683781335
spam,box97n7qp,3,0.0002265176683781335
spam,subs,3,0.0002265176683781335
spam,med,3,0.0002265176683781335
spam,cross,3,0.0002265176683781335
spam,also,3,0.0002265176683781335
spam,1000s,3,0.0002265176683781335
spam,heard,3,0.0002265176683781335
spam,u4,3,0.0002265176683781335
spam,rude,3,0.0002265176683781335
spam,88066,3,0.0002265176683781335
spam,80082,3,0.0002265176683781335
spam,halloween,3,0.0002265176683781335
spam,town,3,0.0002265176683781335
spam,09066612661,3,0.0002265176683781335
spam,amazing,3,0.0002265176683781335
spam,nyt,3,0.0002265176683781335
spam,3lp,3,0.0002265176683781335
spam,look,3,0.0002265176683781335
spam,sept,3,0.0002265176683781335
spam,uks,3,0.0002265176683781335
spam,2stoptxt,3,0.0002265176683781335
spam,super,3,0.0002265176683781335
spam,little,3,0.0002265176683781335
spam,deliveredtomorrow,3,0.0002265176683781335
spam,billed,3,0.0002265176683781335
spam,truly,3,0.0002265176683781335
spam,save,3,0.0002265176683781335
spam,callback,3,0.0002265176683781335
spam,nat,3,0.0002265176683781335
spam,id,3,0.0002265176683781335
spam,26,3,0.0002265176683781335
spam,wallpaper,3,0.0002265176683781335
spam,21st,2,0.00015101177891875566
spam,08452810075over18,2,0.00015101177891875566
spam,darling,2,0.00015101177891875566
spam,rcv,2,0.00015101177891875566
spam,receivea,2,0.00015101177891875566
spam,09061701461,2,0.00015101177891875566
spam,kl341,2,0.00015101177891875566
spam,08002986030,2,0.00015101177891875566
spam,chances,2,0.00015101177891875566
spam,csh11,2,0.00015101177891875566
spam,6days,2,0.00015101177891875566
spam,tsandcs,2,0.00015101177891875566
spam,membership,2,0.00015101177891875566
spam,jackpot,2,0.00015101177891875566
spam,81010,2,0.00015101177891875566
spam,dbuk,2,0.00015101177891875566
spam,lccltd,2,0.00015101177891875566
spam,4403ldnw1a7rw18,2,0.00015101177891875566
spam,xxxmobilemovieclub,2,0.00015101177891875566
spam,goals,2,0.00015101177891875566
spam,4txt,2,0.00015101177891875566
spam,sptv,2,0.00015101177891875566
spam,09066364589,2,0.00015101177891875566
spam,eurodisinc,2,0.00015101177891875566
spam,trav,2,0.00015101177891875566
spam,aco,2,0.00015101177891875566
spam,entry41,2,0.00015101177891875566
spam,dis,2,0.00015101177891875566
spam,morefrmmob,2,0.00015101177891875566
spam,shracomorsglsuplt,2,0.00015101177891875566
spam,ls1,2,0.00015101177891875566
spam,3aj,2,0.00015101177891875566
spam,169,2,0.00015101177891875566
spam,6031,2,0.00015101177891875566
spam,9pm,2,0.00015101177891875566
spam,collected,2,0.00015101177891875566
spam,85069,2,0.00015101177891875566
spam,usher,2,0.00015101177891875566
spam,britney,2,0.00015101177891875566
spam,fml,2,0.00015101177891875566
spam,gent,2,0.00015101177891875566
spam,09064012160,2,0.00015101177891875566
spam,07742676969,2,0.00015101177891875566
spam,08719180248,2,0.00015101177891875566
spam,algarve,2,0.00015101177891875566
spam,tonight,2,0.00015101177891875566
spam,69888,2,0.00015101177891875566
spam,31p,2,0.00015101177891875566
spam,hardcore,2,0.00015101177891875566
spam,randy,2,0.00015101177891875566
spam,08700621170150p,2,0.00015101177891875566
spam,arrange,2,0.00015101177891875566
spam,0871277810810,2,0.00015101177891875566
spam,bootydelious,2,0.00015101177891875566
spam,unique,2,0.00015101177891875566
spam,enough,2,0.00015101177891875566
spam,august,2,0.00015101177891875566
spam,horo,2,0.00015101177891875566
spam,star,2,0.00015101177891875566
spam,sign,2,0.00015101177891875566
spam,447801259231,2,0.00015101177891875566
spam,09058094597,2,0.00015101177891875566
spam,69698,2,0.00015101177891875566
spam,chart,2,0.00015101177891875566
spam,quality,2,0.00015101177891875566
spam,sim,2,0.00015101177891875566
spam,021,2,0.00015101177891875566
spam,3680,2,0.00015101177891875566
spam,blind,2,0.00015101177891875566
spam,dates,2,0.00015101177891875566
spam,babes,2,0.00015101177891875566
spam,82468,2,0.00015101177891875566
spam,smart,2,0.00015101177891875566
spam,fixed,2,0.00015101177891875566
spam,0844,2,0.00015101177891875566
spam,861,2,0.00015101177891875566
spam,prepayment,2,0.00015101177891875566
spam,valentines,2,0.00015101177891875566
spam,lifetime,2,0.00015101177891875566
spam,update_now,2,0.00015101177891875566
spam,6months,2,0.00015101177891875566
spam,n9dx,2,0.00015101177891875566
spam,box334sk38ch,2,0.00015101177891875566
spam,80086,2,0.00015101177891875566
spam,txttowin,2,0.00015101177891875566
spam,lover,2,0.00015101177891875566
spam,names,2,0.00015101177891875566
spam,joined,2,0.00015101177891875566
spam,name1,2,0.00015101177891875566
spam,name2,2,0.00015101177891875566
spam,mobno,2,0.00015101177891875566
spam,adam,2,0.00015101177891875566
spam,07123456789,2,0.00015101177891875566
spam,yahoo,2,0.00015101177891875566
spam,txtno,2,0.00015101177891875566
spam,ads,2,0.00015101177891875566
spam,3650,2,0.00015101177891875566
spam,09066382422,2,0.00015101177891875566
spam,300603,2,0.00015101177891875566
spam,bcm4284,2,0.00015101177891875566
spam,153,2,0.00015101177891875566
spam,july,2,0.00015101177891875566
spam,dave,2,0.00015101177891875566
spam,09061743806,2,0.00015101177891875566
spam,box326,2,0.00015101177891875566
spam,07781482378,2,0.00015101177891875566
spam,09050002311,2,0.00015101177891875566
spam,b4280703,2,0.00015101177891875566
spam,08718727868,2,0.00015101177891875566
spam,cha,2,0.00015101177891875566
spam,come,2,0.00015101177891875566
spam,872,2,0.00015101177891875566
spam,24hrs,2,0.00015101177891875566
spam,08718738001,2,0.00015101177891875566
spam,web,2,0.00015101177891875566
spam,2stop,2,0.00015101177891875566
spam,call09050000327,2,0.00015101177891875566
spam,claims,2,0.00015101177891875566
spam,08712402050,2,0.00015101177891875566
spam,lines,2,0.00015101177891875566
spam,10ppm,2,0.00015101177891875566
spam,ag,2,0.00015101177891875566
spam,promo,2,0.00015101177891875566
spam,0825,2,0.00015101177891875566
spam,textbuddy,2,0.00015101177891875566
spam,search,2,0.00015101177891875566
spam,gaytextbuddy,2,0.00015101177891875566
spam,89693,2,0.00015101177891875566
spam,4882,2,0.00015101177891875566
spam,09064019014,2,0.00015101177891875566
spam,expressoffer,2,0.00015101177891875566
spam,40533,2,0.00015101177891875566
spam,rstm,2,0.00015101177891875566
spam,sw7,2,0.00015101177891875566
spam,3ss,2,0.00015101177891875566
spam,premium,2,0.00015101177891875566
spam,cool,2,0.00015101177891875566
spam,sue,2,0.00015101177891875566
spam,old,2,0.00015101177891875566
spam,1250,2,0.00015101177891875566
spam,09071512433,2,0.00015101177891875566
spam,050703,2,0.00015101177891875566
spam,callcost,2,0.00015101177891875566
spam,mobilesvary,2,0.00015101177891875566
spam,email,2,0.00015101177891875566
spam,listen,2,0.00015101177891875566
spam,nokia6650,2,0.00015101177891875566
spam,ctxt,2,0.00015101177891875566
spam,mtmsg,2,0.00015101177891875566
spam,helpline,2,0.00015101177891875566
spam,08706091795,2,0.00015101177891875566
spam,40,2,0.00015101177891875566
spam,around,2,0.00015101177891875566
spam,premier,2,0.00015101177891875566
spam,0578,2,0.00015101177891875566
spam,community,2,0.00015101177891875566
spam,8077,2,0.00015101177891875566
spam,cashto,2,0.00015101177891875566
spam,08000407165,2,0.00015101177891875566
spam,getstop,2,0.00015101177891875566
spam,88222,2,0.00015101177891875566
spam,php,2,0.00015101177891875566
spam,09065174042,2,0.00015101177891875566
spam,07821230901,2,0.00015101177891875566
spam,08002888812,2,0.00015101177891875566
spam,09066350750,2,0.00015101177891875566
spam,discreet,2,0.00015101177891875566
spam,smsco,2,0.00015101177891875566
spam,41685,2,0.00015101177891875566
spam,07,2,0.00015101177891875566
spam,drop,2,0.00015101177891875566
spam,5k,2,0.00015101177891875566
spam,travel,2,0.00015101177891875566
spam,09064011000,2,0.00015101177891875566
spam,cr01327bt,2,0.00015101177891875566
spam,fixedline,2,0.00015101177891875566
spam,played,2,0.00015101177891875566
spam,mid,2,0.00015101177891875566
spam,09058094565,2,0.00015101177891875566
spam,09065171142,2,0.00015101177891875566
spam,stopsms,2,0.00015101177891875566
spam,08,2,0.00015101177891875566
spam,reminder,2,0.00015101177891875566
spam,cheaper,2,0.00015101177891875566
spam,08709222922,2,0.00015101177891875566
spam,8p,2,0.00015101177891875566
spam,peak,2,0.00015101177891875566
spam,normal,2,0.00015101177891875566
spam,lux,2,0.00015101177891875566
spam,company,2,0.00015101177891875566
spam,filthy,2,0.00015101177891875566
spam,09050001808,2,0.00015101177891875566
spam,m95,2,0.00015101177891875566
spam,somebody,2,0.00015101177891875566
spam,secretly,2,0.00015101177891875566
spam,datebox1282essexcm61xn,2,0.00015101177891875566
spam,ls15hb,2,0.00015101177891875566
spam,chatting,2,0.00015101177891875566
spam,kickoff,2,0.00015101177891875566
spam,informed,2,0.00015101177891875566
spam,eastenders,2,0.00015101177891875566
spam,flower,2,0.00015101177891875566
spam,dot,2,0.00015101177891875566
spam,compare,2,0.00015101177891875566
spam,violet,2,0.00015101177891875566
spam,tulip,2,0.00015101177891875566
spam,lily,2,0.00015101177891875566
spam,wkent,2,0.00015101177891875566
spam,150p16,2,0.00015101177891875566
spam,lots,2,0.00015101177891875566
spam,09058091854,2,0.00015101177891875566
spam,box385,2,0.00015101177891875566
spam,m6,2,0.00015101177891875566
spam,6wu,2,0.00015101177891875566
spam,09050003091,2,0.00015101177891875566
spam,c52,2,0.00015101177891875566
spam,09061221061,2,0.00015101177891875566
spam,28days,2,0.00015101177891875566
spam,box177,2,0.00015101177891875566
spam,m221bp,2,0.00015101177891875566
spam,2yr,2,0.00015101177891875566
spam,warranty,2,0.00015101177891875566
spam,på,2,0.00015101177891875566
spam,99,2,0.00015101177891875566
spam,speedchat,2,0.00015101177891875566
spam,08000776320,2,0.00015101177891875566
spam,wish,2,0.00015101177891875566
spam,forget,2,0.00015101177891875566
spam,4fil,2,0.00015101177891875566
spam,oz,2,0.00015101177891875566
spam,le,2,0.00015101177891875566
spam,61200,2,0.00015101177891875566
spam,packs,2,0.00015101177891875566
spam,itcould,2,0.00015101177891875566
spam,subs16,2,0.00015101177891875566
spam,1win150ppmx3,2,0.00015101177891875566
spam,08719181513,2,0.00015101177891875566
spam,nok,2,0.00015101177891875566
spam,ph,2,0.00015101177891875566
spam,hungry,2,0.00015101177891875566
spam,feeling,2,0.00015101177891875566
spam,minmoremobsemspobox45po139wa,2,0.00015101177891875566
spam,logos,2,0.00015101177891875566
spam,lions,2,0.00015101177891875566
spam,lionm,2,0.00015101177891875566
spam,lionp,2,0.00015101177891875566
spam,potter,2,0.00015101177891875566
spam,phoenix,2,0.00015101177891875566
spam,harry,2,0.00015101177891875566
spam,among,2,0.00015101177891875566
spam,readers,2,0.00015101177891875566
spam,free2day,2,0.00015101177891875566
spam,st,2,0.00015101177891875566
spam,george,2,0.00015101177891875566
spam,89080,2,0.00015101177891875566
spam,0870241182716,2,0.00015101177891875566
spam,k,2,0.00015101177891875566
spam,bears,2,0.00015101177891875566
spam,upload,2,0.00015101177891875566
spam,08718730666,2,0.00015101177891875566
spam,lf56,2,0.00015101177891875566
spam,claire,2,0.00015101177891875566
spam,costing,2,0.00015101177891875566
spam,lucy,2,0.00015101177891875566
spam,hubby,2,0.00015101177891875566
spam,fri,2,0.00015101177891875566
spam,hotel,2,0.00015101177891875566
spam,leave,2,0.00015101177891875566
spam,jsco,2,0.00015101177891875566
spam,sing,2,0.00015101177891875566
spam,7250,2,0.00015101177891875566
spam,09058094599,2,0.00015101177891875566
spam,british,2,0.00015101177891875566
spam,hotels,2,0.00015101177891875566
spam,sw73ss,2,0.00015101177891875566
spam,dracula,2,0.00015101177891875566
spam,ghost,2,0.00015101177891875566
spam,addamsfa,2,0.00015101177891875566
spam,munsters,2,0.00015101177891875566
spam,exorcist,2,0.00015101177891875566
spam,twilight,2,0.00015101177891875566
spam,cam,2,0.00015101177891875566
spam,msg150p,2,0.00015101177891875566
spam,2rcv,2,0.00015101177891875566
spam,hlp,2,0.00015101177891875566
spam,08712317606,2,0.00015101177891875566
spam,80608,2,0.00015101177891875566
spam,movietrivia,2,0.00015101177891875566
spam,08712405022,2,0.00015101177891875566
spam,wiv,2,0.00015101177891875566
spam,married,2,0.00015101177891875566
spam,received,2,0.00015101177891875566
spam,connect,2,0.00015101177891875566
spam,09094646899,2,0.00015101177891875566
spam,vu,2,0.00015101177891875566
spam,bcm1896wc1n3xx,2,0.00015101177891875566
spam,wow,2,0.00015101177891875566
spam,boys,2,0.00015101177891875566
spam,2007,2,0.00015101177891875566
spam,callfreefone,2,0.00015101177891875566
spam,08081560665,2,0.00015101177891875566
spam,cruise,2,0.00015101177891875566
spam,ofå,2,0.00015101177891875566
spam,07786200117,2,0.00015101177891875566
spam,07734396839,2,0.00015101177891875566
spam,ibh,2,0.00015101177891875566
spam,nokia6600,2,0.00015101177891875566
spam,space,2,0.00015101177891875566
spam,invaders,2,0.00015101177891875566
spam,orig,2,0.00015101177891875566
spam,console,2,0.00015101177891875566
spam,big,2,0.00015101177891875566
spam,mr,2,0.00015101177891875566
spam,foley,2,0.00015101177891875566
spam,prizes,2,0.00015101177891875566
spam,eye,2,0.00015101177891875566
spam,82050,2,0.00015101177891875566
spam,3100,2,0.00015101177891875566
spam,straight,2,0.00015101177891875566
spam,wet,2,0.00015101177891875566
spam,g696ga,2,0.00015101177891875566
spam,upto,2,0.00015101177891875566
spam,12mths,2,0.00015101177891875566
spam,tooth,2,0.00015101177891875566
spam,0776xxxxxxx,2,0.00015101177891875566
spam,326,2,0.00015101177891875566
spam,tells,2,0.00015101177891875566
spam,09066358152,2,0.00015101177891875566
spam,personal,2,0.00015101177891875566
spam,prompts,2,0.00015101177891875566
spam,careful,2,0.00015101177891875566
spam,enjoyed,2,0.00015101177891875566
spam,61610,2,0.00015101177891875566
spam,08712400602450p,2,0.00015101177891875566
spam,tones2you,2,0.00015101177891875566
spam,08006344447,2,0.00015101177891875566
spam,aom,2,0.00015101177891875566
spam,gender,2,0.00015101177891875566
spam,men,2,0.00015101177891875566
spam,hols,2,0.00015101177891875566
spam,stamped,2,0.00015101177891875566
spam,self,2,0.00015101177891875566
spam,envelope,2,0.00015101177891875566
spam,drinks,2,0.00015101177891875566
spam,113,2,0.00015101177891875566
spam,bray,2,0.00015101177891875566
spam,wicklow,2,0.00015101177891875566
spam,eire,2,0.00015101177891875566
spam,idew,2,0.00015101177891875566
spam,27,2,0.00015101177891875566
spam,satisfy,2,0.00015101177891875566
spam,home,2,0.00015101177891875566
spam,term,2,0.00015101177891875566
spam,300p,2,0.00015101177891875566
spam,01223585334,2,0.00015101177891875566
spam,wan,2,0.00015101177891875566
spam,2c,2,0.00015101177891875566
spam,gettin,2,0.00015101177891875566
spam,shagged,2,0.00015101177891875566
spam,2end,2,0.00015101177891875566
spam,88877,2,0.00015101177891875566
spam,lost,2,0.00015101177891875566
spam,oranges,2,0.00015101177891875566
spam,upd8,2,0.00015101177891875566
spam,21870000,2,0.00015101177891875566
spam,mailbox,2,0.00015101177891875566
spam,messaging,2,0.00015101177891875566
spam,09056242159,2,0.00015101177891875566
spam,retrieve,2,0.00015101177891875566
spam,pub,2,0.00015101177891875566
spam,street,2,0.00015101177891875566
spam,duchess,2,0.00015101177891875566
spam,cornwall,2,0.00015101177891875566
spam,008704050406,2,0.00015101177891875566
spam,08701417012150p,2,0.00015101177891875566
spam,football,2,0.00015101177891875566
spam,gamestar,2,0.00015101177891875566
spam,active,2,0.00015101177891875566
spam,250k,2,0.00015101177891875566
spam,scoring,2,0.00015101177891875566
spam,register,2,0.00015101177891875566
spam,88088,2,0.00015101177891875566
spam,baby,2,0.00015101177891875566
spam,slo,2,0.00015101177891875566
spam,acl03530150pm,2,0.00015101177891875566
spam,83383,2,0.00015101177891875566
spam,txt82228,2,0.00015101177891875566
spam,brought,2,0.00015101177891875566
spam,picsfree1,2,0.00015101177891875566
spam,follow,2,0.00015101177891875566
spam,instructions,2,0.00015101177891875566
spam,knock,2,0.00015101177891875566
spam,norm,2,0.00015101177891875566
spam,69696,2,0.00015101177891875566
spam,include,2,0.00015101177891875566
spam,sports,2,0.00015101177891875566
spam,fastest,2,0.00015101177891875566
spam,growing,2,0.00015101177891875566
spam,luxury,2,0.00015101177891875566
spam,canary,2,0.00015101177891875566
spam,islands,2,0.00015101177891875566
spam,burger,2,0.00015101177891875566
spam,interflora,2,0.00015101177891875566
spam,everyone,2,0.00015101177891875566
spam,since,2,0.00015101177891875566
spam,warm,2,0.00015101177891875566
spam,09058099801,2,0.00015101177891875566
spam,b4190604,2,0.00015101177891875566
spam,7876150ppm,2,0.00015101177891875566
spam,frog,2,0.00015101177891875566
spam,88888,2,0.00015101177891875566
spam,reality,2,0.00015101177891875566
spam,yet,2,0.00015101177891875566
spam,54,2,0.00015101177891875566
spam,driving,2,0.00015101177891875566
spam,pt2,2,0.00015101177891875566
spam,improved,2,0.00015101177891875566
spam,lonely,2,0.00015101177891875566
spam,visionsms,2,0.00015101177891875566
spam,lotr,2,0.00015101177891875566
spam,removal,2,0.00015101177891875566
spam,08708034412,2,0.00015101177891875566
spam,lookatme,2,0.00015101177891875566
spam,08712101358,2,0.00015101177891875566
spam,pobox45w2tg150p,2,0.00015101177891875566
spam,missed,2,0.00015101177891875566
spam,charges,2,0.00015101177891875566
spam,600,2,0.00015101177891875566
spam,movie,2,0.00015101177891875566
spam,films,2,0.00015101177891875566
spam,center,2,0.00015101177891875566
spam,447797706009,2,0.00015101177891875566
spam,wait,2,0.00015101177891875566
spam,careers,2,0.00015101177891875566
spam,wan2,2,0.00015101177891875566
spam,greet,2,0.00015101177891875566
spam,westlife,2,0.00015101177891875566
spam,m8,2,0.00015101177891875566
spam,unbreakable,2,0.00015101177891875566
spam,untamed,2,0.00015101177891875566
spam,unkempt,2,0.00015101177891875566
spam,83049,2,0.00015101177891875566
spam,bank,2,0.00015101177891875566
spam,granite,2,0.00015101177891875566
spam,issues,2,0.00015101177891875566
spam,explosive,2,0.00015101177891875566
spam,pick,2,0.00015101177891875566
spam,nasdaq,2,0.00015101177891875566
spam,symbol,2,0.00015101177891875566
spam,cdgt,2,0.00015101177891875566
spam,thurs,2,0.00015101177891875566
spam,sat,2,0.00015101177891875566
spam,69669,2,0.00015101177891875566
spam,believe,2,0.00015101177891875566
spam,incredible,2,0.00015101177891875566
spam,learn,2,0.00015101177891875566
spam,things,2,0.00015101177891875566
spam,blow,2,0.00015101177891875566
spam,mind,2,0.00015101177891875566
spam,o2fwd,2,0.00015101177891875566
spam,18p,2,0.00015101177891875566
spam,tonights,2,0.00015101177891875566
spam,recently,2,0.00015101177891875566
spam,unable,2,0.00015101177891875566
spam,schedule,2,0.00015101177891875566
spam,x49,2,0.00015101177891875566
spam,09065989182,2,0.00015101177891875566
spam,class,2,0.00015101177891875566
spam,using,2,0.00015101177891875566
spam,mila,2,0.00015101177891875566
spam,age23,2,0.00015101177891875566
spam,blonde,2,0.00015101177891875566
spam,mtalk,2,0.00015101177891875566
spam,69866,2,0.00015101177891875566
spam,30pp,2,0.00015101177891875566
spam,5free,2,0.00015101177891875566
spam,increments,2,0.00015101177891875566
spam,help08718728876,2,0.00015101177891875566
spam,funk,2,0.00015101177891875566
spam,tones2u,2,0.00015101177891875566
spam,iscoming,2,0.00015101177891875566
spam,tnc,2,0.00015101177891875566
spam,blu,2,0.00015101177891875566
spam,tms,2,0.00015101177891875566
spam,widelive,2,0.00015101177891875566
spam,index,2,0.00015101177891875566
spam,wml,2,0.00015101177891875566
spam,wave,2,0.00015101177891875566
spam,asp,2,0.00015101177891875566
spam,09061702893,2,0.00015101177891875566
spam,09061743386,2,0.00015101177891875566
spam,674,2,0.00015101177891875566
spam,housewives,2,0.00015101177891875566
spam,0871750,2,0.00015101177891875566
spam,77,2,0.00015101177891875566
spam,landlines,2,0.00015101177891875566
spam,receiving,2,0.00015101177891875566
spam,09066364311,2,0.00015101177891875566
spam,film,2,0.00015101177891875566
spam,current,2,0.00015101177891875566
spam,spanish,2,0.00015101177891875566
spam,indicate,2,0.00015101177891875566
spam,accident,2,0.00015101177891875566
spam,2find,2,0.00015101177891875566
spam,natalja,2,0.00015101177891875566
spam,nat27081980,2,0.00015101177891875566
spam,sending,2,0.00015101177891875566
spam,09061744553,2,0.00015101177891875566
spam,polyh,2,0.00015101177891875566
spam,another,2,0.00015101177891875566
spam,polo,2,0.00015101177891875566
spam,suite,2,0.00015101177891875566
spam,373,2,0.00015101177891875566
spam,w1j,2,0.00015101177891875566
spam,6hl,2,0.00015101177891875566
spam,busy,2,0.00015101177891875566
spam,explicit,2,0.00015101177891875566
spam,30,2,0.00015101177891875566
spam,secs,2,0.00015101177891875566
spam,02073162414,2,0.00015101177891875566
spam,man,2,0.00015101177891875566
spam,89070,2,0.00015101177891875566
spam,mnths,2,0.00015101177891875566
spam,86888,2,0.00015101177891875566
spam,subscribe6gbp,2,0.00015101177891875566
spam,mnth,2,0.00015101177891875566
spam,3hrs,2,0.00015101177891875566
spam,txtstop,2,0.00015101177891875566
spam,randomly,2,0.00015101177891875566
spam,loyal,2,0.00015101177891875566
spam,customers,2,0.00015101177891875566
spam,09066380611,2,0.00015101177891875566
spam,cashbin,2,0.00015101177891875566
spam,support,2,0.00015101177891875566
spam,ones,2,0.00015101177891875566
spam,08718726270,2,0.00015101177891875566
spam,910,2,0.00015101177891875566
spam,warner,2,0.00015101177891875566
spam,village,2,0.00015101177891875566
spam,kiosk,2,0.00015101177891875566
spam,goal,2,0.00015101177891875566
spam,henry,2,0.00015101177891875566
spam,added,2,0.00015101177891875566
spam,dining,2,0.00015101177891875566
spam,donate,2,0.00015101177891875566
spam,goldviking,2,0.00015101177891875566
spam,762,2,0.00015101177891875566
spam,13,2,0.00015101177891875566
spam,165,2,0.00015101177891875566
spam,due,2,0.00015101177891875566
spam,garden,2,0.00015101177891875566
spam,bulbs,2,0.00015101177891875566
spam,seeds,2,0.00015101177891875566
spam,33,2,0.00015101177891875566
spam,scotsman,2,0.00015101177891875566
spam,go2,2,0.00015101177891875566
spam,notxt,2,0.00015101177891875566
spam,maybe,2,0.00015101177891875566
spam,09061213237,2,0.00015101177891875566
spam,177,2,0.00015101177891875566
spam,m227xy,2,0.00015101177891875566
spam,gr8prizes,2,0.00015101177891875566
spam,2p,2,0.00015101177891875566
spam,spider,2,0.00015101177891875566
spam,tb,1,7.550588945937783e-05
spam,chgs,1,7.550588945937783e-05
spam,qjkgighjjgcbl,1,7.550588945937783e-05
spam,macedonia,1,7.550588945937783e-05
spam,wales,1,7.550588945937783e-05
spam,scotland,1,7.550588945937783e-05
spam,ì¼1,1,7.550588945937783e-05
spam,poboxox36504w45wq,1,7.550588945937783e-05
spam,confirm,1,7.550588945937783e-05
spam,07732584351,1,7.550588945937783e-05
spam,rodger,1,7.550588945937783e-05
spam,burns,1,7.550588945937783e-05
spam,jersey,1,7.550588945937783e-05
spam,devils,1,7.550588945937783e-05
spam,detroit,1,7.550588945937783e-05
spam,wings,1,7.550588945937783e-05
spam,ice,1,7.550588945937783e-05
spam,hockey,1,7.550588945937783e-05
spam,incorrect,1,7.550588945937783e-05
spam,divorce,1,7.550588945937783e-05
spam,barbie,1,7.550588945937783e-05
spam,ken,1,7.550588945937783e-05
spam,stuff,1,7.550588945937783e-05
spam,0871277810910p,1,7.550588945937783e-05
spam,9,1,7.550588945937783e-05
spam,09064019788,1,7.550588945937783e-05
spam,box42wr29c,1,7.550588945937783e-05
spam,7548,1,7.550588945937783e-05
spam,4041,1,7.550588945937783e-05
spam,gravel,1,7.550588945937783e-05
spam,nt,1,7.550588945937783e-05
spam,svc,1,7.550588945937783e-05
spam,69988,1,7.550588945937783e-05
spam,replied,1,7.550588945937783e-05
spam,female,1,7.550588945937783e-05
spam,annoncement,1,7.550588945937783e-05
spam,07046744435,1,7.550588945937783e-05
spam,32,1,7.550588945937783e-05
spam,bangbabes,1,7.550588945937783e-05
spam,way,1,7.550588945937783e-05
spam,bangb,1,7.550588945937783e-05
spam,internet,1,7.550588945937783e-05
spam,menu,1,7.550588945937783e-05
spam,09061701939,1,7.550588945937783e-05
spam,s89,1,7.550588945937783e-05
spam,30th,1,7.550588945937783e-05
spam,areyouunique,1,7.550588945937783e-05
spam,career,1,7.550588945937783e-05
spam,flyng,1,7.550588945937783e-05
spam,aries,1,7.550588945937783e-05
spam,thirtyeight,1,7.550588945937783e-05
spam,really,1,7.550588945937783e-05
spam,naked,1,7.550588945937783e-05
spam,changed,1,7.550588945937783e-05
spam,club4mobiles,1,7.550588945937783e-05
spam,87070,1,7.550588945937783e-05
spam,club4,1,7.550588945937783e-05
spam,box1146,1,7.550588945937783e-05
spam,mk45,1,7.550588945937783e-05
spam,2wt,1,7.550588945937783e-05
spam,pay,1,7.550588945937783e-05
spam,28thfeb,1,7.550588945937783e-05
spam,rodds1,1,7.550588945937783e-05
spam,aberdeen,1,7.550588945937783e-05
spam,united,1,7.550588945937783e-05
spam,kingdom,1,7.550588945937783e-05
spam,img,1,7.550588945937783e-05
spam,icmb3cktz8r7,1,7.550588945937783e-05
spam,hide,1,7.550588945937783e-05
spam,gossip,1,7.550588945937783e-05
spam,fit,1,7.550588945937783e-05
spam,funky,1,7.550588945937783e-05
spam,85222,1,7.550588945937783e-05
spam,winnersclub,1,7.550588945937783e-05
spam,84,1,7.550588945937783e-05
spam,gbp1,1,7.550588945937783e-05
spam,shag,1,7.550588945937783e-05
spam,interested,1,7.550588945937783e-05
spam,sextextuk,1,7.550588945937783e-05
spam,xxuk,1,7.550588945937783e-05
spam,suzy,1,7.550588945937783e-05
spam,69876,1,7.550588945937783e-05
spam,website,1,7.550588945937783e-05
spam,08708800282,1,7.550588945937783e-05
spam,f4q,1,7.550588945937783e-05
spam,rp176781,1,7.550588945937783e-05
spam,regalportfolio,1,7.550588945937783e-05
spam,08717205546,1,7.550588945937783e-05
spam,t91,1,7.550588945937783e-05
spam,09057039994,1,7.550588945937783e-05
spam,2814032,1,7.550588945937783e-05
spam,3xå,1,7.550588945937783e-05
spam,150pw,1,7.550588945937783e-05
spam,eå,1,7.550588945937783e-05
spam,nd,1,7.550588945937783e-05
spam,cal,1,7.550588945937783e-05
spam,l,1,7.550588945937783e-05
spam,09064012103,1,7.550588945937783e-05
spam,09111032124,1,7.550588945937783e-05
spam,pobox12n146tf150p,1,7.550588945937783e-05
spam,09058094455,1,7.550588945937783e-05
spam,upgrdcentre,1,7.550588945937783e-05
spam,9153,1,7.550588945937783e-05
spam,26th,1,7.550588945937783e-05
spam,okmail,1,7.550588945937783e-05
spam,moan,1,7.550588945937783e-05
spam,69888nyt,1,7.550588945937783e-05
spam,boltblue,1,7.550588945937783e-05
spam,poly3,1,7.550588945937783e-05
spam,slide,1,7.550588945937783e-05
spam,yeah,1,7.550588945937783e-05
spam,slow,1,7.550588945937783e-05
spam,jamz,1,7.550588945937783e-05
spam,toxic,1,7.550588945937783e-05
spam,8,1,7.550588945937783e-05
spam,topped,1,7.550588945937783e-05
spam,bubbletext,1,7.550588945937783e-05
spam,renewal,1,7.550588945937783e-05
spam,pin,1,7.550588945937783e-05
spam,tgxxrz,1,7.550588945937783e-05
spam,9755,1,7.550588945937783e-05
spam,recieve,1,7.550588945937783e-05
spam,channel,1,7.550588945937783e-05
spam,teletext,1,7.550588945937783e-05
spam,pg,1,7.550588945937783e-05
spam,07815296484,1,7.550588945937783e-05
spam,41782,1,7.550588945937783e-05
spam,applausestore,1,7.550588945937783e-05
spam,monthlysubscription,1,7.550588945937783e-05
spam,max6,1,7.550588945937783e-05
spam,csc,1,7.550588945937783e-05
spam,09050005321,1,7.550588945937783e-05
spam,textand,1,7.550588945937783e-05
spam,08002988890,1,7.550588945937783e-05
spam,07753741225,1,7.550588945937783e-05
spam,08715203677,1,7.550588945937783e-05
spam,42478,1,7.550588945937783e-05
spam,xclusive,1,7.550588945937783e-05
spam,clubsaisai,1,7.550588945937783e-05
spam,2morow,1,7.550588945937783e-05
spam,soiree,1,7.550588945937783e-05
spam,speciale,1,7.550588945937783e-05
spam,zouk,1,7.550588945937783e-05
spam,nichols,1,7.550588945937783e-05
spam,roses,1,7.550588945937783e-05
spam,07946746291,1,7.550588945937783e-05
spam,07880867867,1,7.550588945937783e-05
spam,22,1,7.550588945937783e-05
spam,removed,1,7.550588945937783e-05
spam,08715203694,1,7.550588945937783e-05
spam,88800,1,7.550588945937783e-05
spam,89034,1,7.550588945937783e-05
spam,08718711108,1,7.550588945937783e-05
spam,sun0819,1,7.550588945937783e-05
spam,posts,1,7.550588945937783e-05
spam,seem,1,7.550588945937783e-05
spam,08452810071,1,7.550588945937783e-05
spam,lapdancer,1,7.550588945937783e-05
spam,bedroom,1,7.550588945937783e-05
spam,g2,1,7.550588945937783e-05
spam,1da,1,7.550588945937783e-05
spam,150ppmsg,1,7.550588945937783e-05
spam,448712404000,1,7.550588945937783e-05
spam,08712404000,1,7.550588945937783e-05
spam,gage,1,7.550588945937783e-05
spam,deck,1,7.550588945937783e-05
spam,cnupdates,1,7.550588945937783e-05
spam,newsletter,1,7.550588945937783e-05
spam,alerts,1,7.550588945937783e-05
spam,08714712388,1,7.550588945937783e-05
spam,449071512431,1,7.550588945937783e-05
spam,08714712394,1,7.550588945937783e-05
spam,alertfrom,1,7.550588945937783e-05
spam,jeri,1,7.550588945937783e-05
spam,stewartsize,1,7.550588945937783e-05
spam,2kbsubject,1,7.550588945937783e-05
spam,low,1,7.550588945937783e-05
spam,prescripiton,1,7.550588945937783e-05
spam,drvgsto,1,7.550588945937783e-05
spam,82324,1,7.550588945937783e-05
spam,realize,1,7.550588945937783e-05
spam,thousands,1,7.550588945937783e-05
spam,running,1,7.550588945937783e-05
spam,tattoos,1,7.550588945937783e-05
spam,romantic,1,7.550588945937783e-05
spam,nights,1,7.550588945937783e-05
spam,79,1,7.550588945937783e-05
spam,08704439680ts,1,7.550588945937783e-05
spam,unclaimed,1,7.550588945937783e-05
spam,09066368327,1,7.550588945937783e-05
spam,closingdate04,1,7.550588945937783e-05
spam,claimcode,1,7.550588945937783e-05
spam,m39m51,1,7.550588945937783e-05
spam,50pmmorefrommobile2bremoved,1,7.550588945937783e-05
spam,mobypobox734ls27yf,1,7.550588945937783e-05
spam,thought,1,7.550588945937783e-05
spam,living,1,7.550588945937783e-05
spam,perfect,1,7.550588945937783e-05
spam,100p,1,7.550588945937783e-05
spam,087018728737,1,7.550588945937783e-05
spam,toppoly,1,7.550588945937783e-05
spam,tune,1,7.550588945937783e-05
spam,pole,1,7.550588945937783e-05
spam,9996,1,7.550588945937783e-05
spam,14thmarch,1,7.550588945937783e-05
spam,availa,1,7.550588945937783e-05
spam,rg21,1,7.550588945937783e-05
spam,4jx,1,7.550588945937783e-05
spam,outbid,1,7.550588945937783e-05
spam,simonwatson5120,1,7.550588945937783e-05
spam,shinco,1,7.550588945937783e-05
spam,plyr,1,7.550588945937783e-05
spam,smsrewards,1,7.550588945937783e-05
spam,notifications,1,7.550588945937783e-05
spam,smsservices,1,7.550588945937783e-05
spam,yourinclusive,1,7.550588945937783e-05
spam,wed,1,7.550588945937783e-05
spam,fall,1,7.550588945937783e-05
spam,worlds,1,7.550588945937783e-05
spam,83110,1,7.550588945937783e-05
spam,virgin,1,7.550588945937783e-05
spam,mystery,1,7.550588945937783e-05
spam,09061104283,1,7.550588945937783e-05
spam,50pm,1,7.550588945937783e-05
spam,approx,1,7.550588945937783e-05
spam,07808,1,7.550588945937783e-05
spam,xxxxxx,1,7.550588945937783e-05
spam,08719899217,1,7.550588945937783e-05
spam,posh,1,7.550588945937783e-05
spam,birds,1,7.550588945937783e-05
spam,chaps,1,7.550588945937783e-05
spam,trial,1,7.550588945937783e-05
spam,prods,1,7.550588945937783e-05
spam,champneys,1,7.550588945937783e-05
spam,put,1,7.550588945937783e-05
spam,dob,1,7.550588945937783e-05
spam,ta,1,7.550588945937783e-05
spam,0721072,1,7.550588945937783e-05
spam,downloaded,1,7.550588945937783e-05
spam,already,1,7.550588945937783e-05
spam,paid,1,7.550588945937783e-05
spam,doit,1,7.550588945937783e-05
spam,mymoby,1,7.550588945937783e-05
spam,lastest,1,7.550588945937783e-05
spam,stereophonics,1,7.550588945937783e-05
spam,marley,1,7.550588945937783e-05
spam,dizzee,1,7.550588945937783e-05
spam,racal,1,7.550588945937783e-05
spam,libertines,1,7.550588945937783e-05
spam,strokes,1,7.550588945937783e-05
spam,nookii,1,7.550588945937783e-05
spam,bookmark,1,7.550588945937783e-05
spam,january,1,7.550588945937783e-05
spam,1million,1,7.550588945937783e-05
spam,ppt150x3,1,7.550588945937783e-05
spam,box403,1,7.550588945937783e-05
spam,w1t1jy,1,7.550588945937783e-05
spam,matthew,1,7.550588945937783e-05
spam,09063440451,1,7.550588945937783e-05
spam,ppm150,1,7.550588945937783e-05
spam,box334,1,7.550588945937783e-05
spam,09061749602,1,7.550588945937783e-05
spam,528,1,7.550588945937783e-05
spam,hp20,1,7.550588945937783e-05
spam,1yf,1,7.550588945937783e-05
spam,touch,1,7.550588945937783e-05
spam,folks,1,7.550588945937783e-05
spam,stories,1,7.550588945937783e-05
spam,panasonic,1,7.550588945937783e-05
spam,bluetoothhdset,1,7.550588945937783e-05
spam,doublemins,1,7.550588945937783e-05
spam,doubletxt,1,7.550588945937783e-05
spam,09065394514,1,7.550588945937783e-05
spam,09058097218,1,7.550588945937783e-05
spam,flirting,1,7.550588945937783e-05
spam,bloke,1,7.550588945937783e-05
spam,zoe,1,7.550588945937783e-05
spam,flirtparty,1,7.550588945937783e-05
spam,replys150,1,7.550588945937783e-05
spam,elvis,1,7.550588945937783e-05
spam,presleys,1,7.550588945937783e-05
spam,birthday,1,7.550588945937783e-05
spam,449050000301,1,7.550588945937783e-05
spam,09050000301,1,7.550588945937783e-05
spam,speed,1,7.550588945937783e-05
spam,80155,1,7.550588945937783e-05
spam,em,1,7.550588945937783e-05
spam,swap,1,7.550588945937783e-05
spam,chatter,1,7.550588945937783e-05
spam,chat80155,1,7.550588945937783e-05
spam,rcd,1,7.550588945937783e-05
spam,taking,1,7.550588945937783e-05
spam,survey,1,7.550588945937783e-05
spam,however,1,7.550588945937783e-05
spam,80160,1,7.550588945937783e-05
spam,txt43,1,7.550588945937783e-05
spam,hmv1,1,7.550588945937783e-05
spam,requests,1,7.550588945937783e-05
spam,1stchoice,1,7.550588945937783e-05
spam,08707808226,1,7.550588945937783e-05
spam,thank,1,7.550588945937783e-05
spam,notified,1,7.550588945937783e-05
spam,marketing,1,7.550588945937783e-05
spam,84122,1,7.550588945937783e-05
spam,08450542832,1,7.550588945937783e-05
spam,virgins,1,7.550588945937783e-05
spam,sexual,1,7.550588945937783e-05
spam,cute,1,7.550588945937783e-05
spam,69911,1,7.550588945937783e-05
spam,087016248,1,7.550588945937783e-05
spam,08719181503,1,7.550588945937783e-05
spam,door,1,7.550588945937783e-05
spam,exp,1,7.550588945937783e-05
spam,30apr,1,7.550588945937783e-05
spam,completely,1,7.550588945937783e-05
spam,accommodation,1,7.550588945937783e-05
spam,various,1,7.550588945937783e-05
spam,global,1,7.550588945937783e-05
spam,phb1,1,7.550588945937783e-05
spam,08700435505150p,1,7.550588945937783e-05
spam,08712402779,1,7.550588945937783e-05
spam,08718730555,1,7.550588945937783e-05
spam,set,1,7.550588945937783e-05
spam,09096102316,1,7.550588945937783e-05
spam,2moro,1,7.550588945937783e-05
spam,jane,1,7.550588945937783e-05
spam,videosound,1,7.550588945937783e-05
spam,gold,1,7.550588945937783e-05
spam,videosounds,1,7.550588945937783e-05
spam,musicnews,1,7.550588945937783e-05
spam,09701213186,1,7.550588945937783e-05
spam,ûïharry,1,7.550588945937783e-05
spam,sang,1,7.550588945937783e-05
spam,uptown,1,7.550588945937783e-05
spam,80,1,7.550588945937783e-05
spam,nick,1,7.550588945937783e-05
spam,tom,1,7.550588945937783e-05
spam,pete,1,7.550588945937783e-05
spam,dick,1,7.550588945937783e-05
spam,fact,1,7.550588945937783e-05
spam,types,1,7.550588945937783e-05
spam,win150ppmx3age16,1,7.550588945937783e-05
spam,dartboard,1,7.550588945937783e-05
spam,condition,1,7.550588945937783e-05
spam,doubles,1,7.550588945937783e-05
spam,trebles,1,7.550588945937783e-05
spam,optin,1,7.550588945937783e-05
spam,whats,1,7.550588945937783e-05
spam,bbc,1,7.550588945937783e-05
spam,charts,1,7.550588945937783e-05
spam,summers,1,7.550588945937783e-05
spam,finally,1,7.550588945937783e-05
spam,matched,1,7.550588945937783e-05
spam,help08714742804,1,7.550588945937783e-05
spam,havin,1,7.550588945937783e-05
spam,borin,1,7.550588945937783e-05
spam,09099725823,1,7.550588945937783e-05
spam,bought,1,7.550588945937783e-05
spam,offering,1,7.550588945937783e-05
spam,07801543489,1,7.550588945937783e-05
spam,latests,1,7.550588945937783e-05
spam,llc,1,7.550588945937783e-05
spam,ny,1,7.550588945937783e-05
spam,usa,1,7.550588945937783e-05
spam,mt,1,7.550588945937783e-05
spam,msgrcvd18,1,7.550588945937783e-05
spam,meetins,1,7.550588945937783e-05
spam,cumin,1,7.550588945937783e-05
spam,09099726395,1,7.550588945937783e-05
spam,credited,1,7.550588945937783e-05
spam,2channel,1,7.550588945937783e-05
spam,leadership,1,7.550588945937783e-05
spam,skills,1,7.550588945937783e-05
spam,psychic,1,7.550588945937783e-05
spam,vote,1,7.550588945937783e-05
spam,along,1,7.550588945937783e-05
spam,stars,1,7.550588945937783e-05
spam,karaoke,1,7.550588945937783e-05
spam,install,1,7.550588945937783e-05
spam,browse,1,7.550588945937783e-05
spam,artists,1,7.550588945937783e-05
spam,4719,1,7.550588945937783e-05
spam,523,1,7.550588945937783e-05
spam,ow,1,7.550588945937783e-05
spam,08719899230,1,7.550588945937783e-05
spam,olympics,1,7.550588945937783e-05
spam,rt,1,7.550588945937783e-05
spam,pro,1,7.550588945937783e-05
spam,08701237397,1,7.550588945937783e-05
spam,redeemable,1,7.550588945937783e-05
spam,02072069400,1,7.550588945937783e-05
spam,bx,1,7.550588945937783e-05
spam,526,1,7.550588945937783e-05
spam,0a,1,7.550588945937783e-05
spam,allow,1,7.550588945937783e-05
spam,companies,1,7.550588945937783e-05
spam,responsible,1,7.550588945937783e-05
spam,suppliers,1,7.550588945937783e-05
spam,feelin,1,7.550588945937783e-05
spam,kinda,1,7.550588945937783e-05
spam,lnly,1,7.550588945937783e-05
spam,jst,1,7.550588945937783e-05
spam,rgent,1,7.550588945937783e-05
spam,lookin,1,7.550588945937783e-05
spam,daytime,1,7.550588945937783e-05
spam,busty,1,7.550588945937783e-05
spam,woman,1,7.550588945937783e-05
spam,sort,1,7.550588945937783e-05
spam,09099726429,1,7.550588945937783e-05
spam,janinexx,1,7.550588945937783e-05
spam,09050001295,1,7.550588945937783e-05
spam,a21,1,7.550588945937783e-05
spam,monthly,1,7.550588945937783e-05
spam,mobsi,1,7.550588945937783e-05
spam,391784,1,7.550588945937783e-05
spam,0089,1,7.550588945937783e-05
spam,four,1,7.550588945937783e-05
spam,digits,1,7.550588945937783e-05
spam,09063442151,1,7.550588945937783e-05
spam,sufficient,1,7.550588945937783e-05
spam,pre,1,7.550588945937783e-05
spam,trackmarque,1,7.550588945937783e-05
spam,vipclub4u,1,7.550588945937783e-05
spam,mandy,1,7.550588945937783e-05
spam,sullivan,1,7.550588945937783e-05
spam,hotmix,1,7.550588945937783e-05
spam,fm,1,7.550588945937783e-05
spam,easter,1,7.550588945937783e-05
spam,telephone,1,7.550588945937783e-05
spam,09041940223,1,7.550588945937783e-05
spam,transferred,1,7.550588945937783e-05
spam,else,1,7.550588945937783e-05
spam,conacted,1,7.550588945937783e-05
spam,09111030116,1,7.550588945937783e-05
spam,pobox12n146tf15,1,7.550588945937783e-05
spam,brother,1,7.550588945937783e-05
spam,09064018838,1,7.550588945937783e-05
spam,cro1327,1,7.550588945937783e-05
spam,1225,1,7.550588945937783e-05
spam,50award,1,7.550588945937783e-05
spam,hottest,1,7.550588945937783e-05
spam,wanting,1,7.550588945937783e-05
spam,hack,1,7.550588945937783e-05
spam,backdoor,1,7.550588945937783e-05
spam,rooms,1,7.550588945937783e-05
spam,fraction,1,7.550588945937783e-05
spam,neo69,1,7.550588945937783e-05
spam,09050280520,1,7.550588945937783e-05
spam,subscribe,1,7.550588945937783e-05
spam,dps,1,7.550588945937783e-05
spam,bcm,1,7.550588945937783e-05
spam,8027,1,7.550588945937783e-05
spam,2price,1,7.550588945937783e-05
spam,100txt,1,7.550588945937783e-05
spam,mth,1,7.550588945937783e-05
spam,d3wv,1,7.550588945937783e-05
spam,08718726970,1,7.550588945937783e-05
spam,nearly,1,7.550588945937783e-05
spam,banned,1,7.550588945937783e-05
spam,09058094594,1,7.550588945937783e-05
spam,09061743811,1,7.550588945937783e-05
spam,09090900040,1,7.550588945937783e-05
spam,extreme,1,7.550588945937783e-05
spam,dirty,1,7.550588945937783e-05
spam,office,1,7.550588945937783e-05
spam,total,1,7.550588945937783e-05
spam,privacy,1,7.550588945937783e-05
spam,knows,1,7.550588945937783e-05
spam,sic,1,7.550588945937783e-05
spam,listening,1,7.550588945937783e-05
spam,7mp,1,7.550588945937783e-05
spam,0870753331018,1,7.550588945937783e-05
spam,fones,1,7.550588945937783e-05
spam,wild,1,7.550588945937783e-05
spam,ill,1,7.550588945937783e-05
spam,hurry,1,7.550588945937783e-05
spam,stop2stop,1,7.550588945937783e-05
spam,08715500022,1,7.550588945937783e-05
spam,rpl,1,7.550588945937783e-05
spam,cnl,1,7.550588945937783e-05
spam,08702490080,1,7.550588945937783e-05
spam,vpod,1,7.550588945937783e-05
spam,09090204448,1,7.550588945937783e-05
spam,minded,1,7.550588945937783e-05
spam,evening,1,7.550588945937783e-05
spam,aå,1,7.550588945937783e-05
spam,minapn,1,7.550588945937783e-05
spam,ls278bb,1,7.550588945937783e-05
spam,09065394973,1,7.550588945937783e-05
spam,2006,1,7.550588945937783e-05
spam,fifa,1,7.550588945937783e-05
spam,world,1,7.550588945937783e-05
spam,held,1,7.550588945937783e-05
spam,09061743810,1,7.550588945937783e-05
spam,open,1,7.550588945937783e-05
spam,09094100151,1,7.550588945937783e-05
spam,cast,1,7.550588945937783e-05
spam,gbp5,1,7.550588945937783e-05
spam,box61,1,7.550588945937783e-05
spam,m60,1,7.550588945937783e-05
spam,1er,1,7.550588945937783e-05
spam,ages,1,7.550588945937783e-05
spam,09066362220,1,7.550588945937783e-05
spam,wither,1,7.550588945937783e-05
spam,23f,1,7.550588945937783e-05
spam,23g,1,7.550588945937783e-05
spam,web2mobile,1,7.550588945937783e-05
spam,txt250,1,7.550588945937783e-05
spam,box139,1,7.550588945937783e-05
spam,la32wu,1,7.550588945937783e-05
spam,txtx,1,7.550588945937783e-05
spam,85233,1,7.550588945937783e-05
spam,08700469649,1,7.550588945937783e-05
spam,box420,1,7.550588945937783e-05
spam,087123002209am,1,7.550588945937783e-05
spam,b4u,1,7.550588945937783e-05
spam,marsms,1,7.550588945937783e-05
spam,b4utele,1,7.550588945937783e-05
spam,08717168528,1,7.550588945937783e-05
spam,buffy,1,7.550588945937783e-05
spam,qlynnbv,1,7.550588945937783e-05
spam,help08700621170150p,1,7.550588945937783e-05
spam,49,1,7.550588945937783e-05
spam,bundle,1,7.550588945937783e-05
spam,deals,1,7.550588945937783e-05
spam,avble,1,7.550588945937783e-05
spam,j,1,7.550588945937783e-05
spam,mf,1,7.550588945937783e-05
spam,08714712379,1,7.550588945937783e-05
spam,k718,1,7.550588945937783e-05
spam,09065069120,1,7.550588945937783e-05
spam,ya,1,7.550588945937783e-05
spam,4goten,1,7.550588945937783e-05
spam,bout,1,7.550588945937783e-05
spam,scammers,1,7.550588945937783e-05
spam,though,1,7.550588945937783e-05
spam,regular,1,7.550588945937783e-05
spam,respond,1,7.550588945937783e-05
spam,prem,1,7.550588945937783e-05
spam,nos,1,7.550588945937783e-05
spam,used,1,7.550588945937783e-05
spam,beware,1,7.550588945937783e-05
spam,2morro,1,7.550588945937783e-05
spam,passion,1,7.550588945937783e-05
spam,09099726481,1,7.550588945937783e-05
spam,dena,1,7.550588945937783e-05
spam,r836,1,7.550588945937783e-05
spam,09065069154,1,7.550588945937783e-05
spam,splashmobile,1,7.550588945937783e-05
spam,subscrition,1,7.550588945937783e-05
spam,3pound,1,7.550588945937783e-05
spam,2stoptx,1,7.550588945937783e-05
spam,08718738034,1,7.550588945937783e-05
spam,arrow,1,7.550588945937783e-05
spam,08718726971,1,7.550588945937783e-05
spam,tddnewsletter,1,7.550588945937783e-05
spam,emc1,1,7.550588945937783e-05
spam,thedailydraw,1,7.550588945937783e-05
spam,helen,1,7.550588945937783e-05
spam,dozens,1,7.550588945937783e-05
spam,prizeswith,1,7.550588945937783e-05
spam,09066368753,1,7.550588945937783e-05
spam,97n7qp,1,7.550588945937783e-05
spam,or2optout,1,7.550588945937783e-05
spam,hv9d,1,7.550588945937783e-05
spam,restrictions,1,7.550588945937783e-05
spam,buddys,1,7.550588945937783e-05
spam,sir,1,7.550588945937783e-05
spam,08712402902,1,7.550588945937783e-05
spam,expired,1,7.550588945937783e-05
spam,monoc,1,7.550588945937783e-05
spam,monos,1,7.550588945937783e-05
spam,polyc,1,7.550588945937783e-05
spam,stream,1,7.550588945937783e-05
spam,0871212025016,1,7.550588945937783e-05
spam,draws,1,7.550588945937783e-05
spam,becausethey,1,7.550588945937783e-05
spam,09058098002,1,7.550588945937783e-05
spam,pobox1,1,7.550588945937783e-05
spam,w14rg,1,7.550588945937783e-05
spam,nasty,1,7.550588945937783e-05
spam,thing,1,7.550588945937783e-05
spam,filthyguys,1,7.550588945937783e-05
spam,bitch,1,7.550588945937783e-05
spam,4msgs,1,7.550588945937783e-05
spam,gotto,1,7.550588945937783e-05
spam,220cm2,1,7.550588945937783e-05
spam,created,1,7.550588945937783e-05
spam,page,1,7.550588945937783e-05
spam,asjesus,1,7.550588945937783e-05
spam,read,1,7.550588945937783e-05
spam,wrote,1,7.550588945937783e-05
spam,opinions,1,7.550588945937783e-05
spam,83370,1,7.550588945937783e-05
spam,trivia,1,7.550588945937783e-05
spam,sppok,1,7.550588945937783e-05
spam,complementary,1,7.550588945937783e-05
spam,wa14,1,7.550588945937783e-05
spam,2px,1,7.550588945937783e-05
spam,sender,1,7.550588945937783e-05
spam,hol,1,7.550588945937783e-05
spam,hvae,1,7.550588945937783e-05
spam,09061701444,1,7.550588945937783e-05
spam,6230,1,7.550588945937783e-05
spam,pobox114,1,7.550588945937783e-05
spam,14tcr,1,7.550588945937783e-05
spam,text82228,1,7.550588945937783e-05
spam,mini,1,7.550588945937783e-05
spam,snap,1,7.550588945937783e-05
spam,quizclub,1,7.550588945937783e-05
spam,80122300p,1,7.550588945937783e-05
spam,rwm,1,7.550588945937783e-05
spam,08704050406,1,7.550588945937783e-05
spam,gmw,1,7.550588945937783e-05
spam,connected,1,7.550588945937783e-05
spam,vid,1,7.550588945937783e-05
spam,keyword,1,7.550588945937783e-05
spam,ten,1,7.550588945937783e-05
spam,83435,1,7.550588945937783e-05
spam,tarot,1,7.550588945937783e-05
spam,85555,1,7.550588945937783e-05
spam,horniest,1,7.550588945937783e-05
spam,whose,1,7.550588945937783e-05
spam,tkls,1,7.550588945937783e-05
spam,stoptxtstopå,1,7.550588945937783e-05
spam,cc100p,1,7.550588945937783e-05
spam,0870737910216yrs,1,7.550588945937783e-05
spam,077xxx,1,7.550588945937783e-05
spam,09066362206,1,7.550588945937783e-05
spam,w4,1,7.550588945937783e-05
spam,5wq,1,7.550588945937783e-05
spam,park,1,7.550588945937783e-05
spam,response,1,7.550588945937783e-05
spam,mcfly,1,7.550588945937783e-05
spam,ab,1,7.550588945937783e-05
spam,sara,1,7.550588945937783e-05
spam,jorge,1,7.550588945937783e-05
spam,shock,1,7.550588945937783e-05
spam,smith,1,7.550588945937783e-05
spam,switch,1,7.550588945937783e-05
spam,fans,1,7.550588945937783e-05
spam,str,1,7.550588945937783e-05
spam,0870141701216,1,7.550588945937783e-05
spam,120p,1,7.550588945937783e-05
spam,europe,1,7.550588945937783e-05
spam,10th,1,7.550588945937783e-05
spam,09050000555,1,7.550588945937783e-05
spam,ba128nnfwfly150ppm,1,7.550588945937783e-05
spam,83021,1,7.550588945937783e-05
spam,20m12aq,1,7.550588945937783e-05
spam,ûï,1,7.550588945937783e-05
spam,james,1,7.550588945937783e-05
spam,eh74rr,1,7.550588945937783e-05
spam,women,1,7.550588945937783e-05
spam,instantly,1,7.550588945937783e-05
spam,69969,1,7.550588945937783e-05
spam,bcmsfwc1n3xx,1,7.550588945937783e-05
spam,footy,1,7.550588945937783e-05
spam,stadium,1,7.550588945937783e-05
spam,large,1,7.550588945937783e-05
spam,coca,1,7.550588945937783e-05
spam,cola,1,7.550588945937783e-05
spam,walk,1,7.550588945937783e-05
spam,child,1,7.550588945937783e-05
spam,afraid,1,7.550588945937783e-05
spam,dark,1,7.550588945937783e-05
spam,become,1,7.550588945937783e-05
spam,teenager,1,7.550588945937783e-05
spam,wants,1,7.550588945937783e-05
spam,ûªve,1,7.550588945937783e-05
spam,bin,1,7.550588945937783e-05
spam,instant,1,7.550588945937783e-05
spam,08715203028,1,7.550588945937783e-05
spam,9th,1,7.550588945937783e-05
spam,wins,1,7.550588945937783e-05
spam,fav,1,7.550588945937783e-05
spam,mobs,1,7.550588945937783e-05
spam,2u,1,7.550588945937783e-05
spam,breathe1,1,7.550588945937783e-05
spam,crazyin,1,7.550588945937783e-05
spam,sleepingwith,1,7.550588945937783e-05
spam,finest,1,7.550588945937783e-05
spam,ymca,1,7.550588945937783e-05
spam,pobox365o4w45wq,1,7.550588945937783e-05
spam,åòit,1,7.550588945937783e-05
spam,late,1,7.550588945937783e-05
spam,flowers,1,7.550588945937783e-05
spam,christmas,1,7.550588945937783e-05
spam,505060,1,7.550588945937783e-05
spam,midnight,1,7.550588945937783e-05
spam,romcapspam,1,7.550588945937783e-05
spam,responding,1,7.550588945937783e-05
spam,presence,1,7.550588945937783e-05
spam,outgoing,1,7.550588945937783e-05
spam,bringing,1,7.550588945937783e-05
spam,breath,1,7.550588945937783e-05
spam,08712103738,1,7.550588945937783e-05
spam,sound,1,7.550588945937783e-05
spam,mad1,1,7.550588945937783e-05
spam,mad2,1,7.550588945937783e-05
spam,sounds,1,7.550588945937783e-05
spam,69855,1,7.550588945937783e-05
spam,stopbcm,1,7.550588945937783e-05
spam,sf,1,7.550588945937783e-05
spam,pdate_now,1,7.550588945937783e-05
spam,yhl,1,7.550588945937783e-05
spam,09058094454,1,7.550588945937783e-05
spam,package,1,7.550588945937783e-05
spam,resubmit,1,7.550588945937783e-05
spam,request,1,7.550588945937783e-05
spam,expiry,1,7.550588945937783e-05
spam,08712400200,1,7.550588945937783e-05
spam,08718723815,1,7.550588945937783e-05
spam,08714714011,1,7.550588945937783e-05
spam,anyone,1,7.550588945937783e-05
spam,slower,1,7.550588945937783e-05
spam,idiot,1,7.550588945937783e-05
spam,faster,1,7.550588945937783e-05
spam,maniac,1,7.550588945937783e-05
spam,4qf2,1,7.550588945937783e-05
spam,professional,1,7.550588945937783e-05
spam,tiger,1,7.550588945937783e-05
spam,woods,1,7.550588945937783e-05
spam,400mins,1,7.550588945937783e-05
spam,j5q,1,7.550588945937783e-05
spam,69200,1,7.550588945937783e-05
spam,hrs,1,7.550588945937783e-05
spam,chrgd,1,7.550588945937783e-05
spam,2exit,1,7.550588945937783e-05
spam,unsubscribed,1,7.550588945937783e-05
spam,tons,1,7.550588945937783e-05
spam,hunks,1,7.550588945937783e-05
spam,gotbabes,1,7.550588945937783e-05
spam,subscriptions,1,7.550588945937783e-05
spam,abroad,1,7.550588945937783e-05
spam,xxsp,1,7.550588945937783e-05
spam,stopcost,1,7.550588945937783e-05
spam,08712400603,1,7.550588945937783e-05
spam,agent,1,7.550588945937783e-05
spam,loads,1,7.550588945937783e-05
spam,goodies,1,7.550588945937783e-05
spam,mat,1,7.550588945937783e-05
spam,lord,1,7.550588945937783e-05
spam,rings,1,7.550588945937783e-05
spam,return,1,7.550588945937783e-05
spam,june,1,7.550588945937783e-05
spam,soundtrack,1,7.550588945937783e-05
spam,stdtxtrate,1,7.550588945937783e-05
spam,28th,1,7.550588945937783e-05
spam,feb,1,7.550588945937783e-05
spam,str8,1,7.550588945937783e-05
spam,classic,1,7.550588945937783e-05
spam,200p,1,7.550588945937783e-05
spam,clip,1,7.550588945937783e-05
spam,35p,1,7.550588945937783e-05
spam,better,1,7.550588945937783e-05
spam,mmsto,1,7.550588945937783e-05
spam,32323,1,7.550588945937783e-05
spam,vat,1,7.550588945937783e-05
spam,09053750005,1,7.550588945937783e-05
spam,310303,1,7.550588945937783e-05
spam,08718725756,1,7.550588945937783e-05
spam,140ppm,1,7.550588945937783e-05
spam,09066358361,1,7.550588945937783e-05
spam,y87,1,7.550588945937783e-05
spam,x29,1,7.550588945937783e-05
spam,09065989180,1,7.550588945937783e-05
spam,08718726978,1,7.550588945937783e-05
spam,44,1,7.550588945937783e-05
spam,7732584351,1,7.550588945937783e-05
spam,09058097189,1,7.550588945937783e-05
spam,5226,1,7.550588945937783e-05
spam,hava,1,7.550588945937783e-05
spam,1131,1,7.550588945937783e-05
spam,rct,1,7.550588945937783e-05
spam,thnq,1,7.550588945937783e-05
spam,adrian,1,7.550588945937783e-05
spam,rgds,1,7.550588945937783e-05
spam,vatian,1,7.550588945937783e-05
spam,09050000928,1,7.550588945937783e-05
spam,07090201529,1,7.550588945937783e-05
spam,needs,1,7.550588945937783e-05
spam,09066364349,1,7.550588945937783e-05
spam,lose,1,7.550588945937783e-05
spam,box434sk38wp150ppm18,1,7.550588945937783e-05
spam,mistake,1,7.550588945937783e-05
spam,shortcode,1,7.550588945937783e-05
spam,83332,1,7.550588945937783e-05
spam,08081263000,1,7.550588945937783e-05
spam,refunded,1,7.550588945937783e-05
spam,08712402972,1,7.550588945937783e-05
spam,09058095201,1,7.550588945937783e-05
spam,never,1,7.550588945937783e-05
spam,much,1,7.550588945937783e-05
spam,came,1,7.550588945937783e-05
spam,made,1,7.550588945937783e-05
spam,deltomorrow,1,7.550588945937783e-05
spam,09066368470,1,7.550588945937783e-05
spam,begin,1,7.550588945937783e-05
spam,24m,1,7.550588945937783e-05
spam,smartcall,1,7.550588945937783e-05
spam,68866,1,7.550588945937783e-05
spam,subscriptn3gbp,1,7.550588945937783e-05
spam,08448714184,1,7.550588945937783e-05
spam,landlineonly,1,7.550588945937783e-05
spam,orno,1,7.550588945937783e-05
spam,fink,1,7.550588945937783e-05
spam,met,1,7.550588945937783e-05
spam,09099726553,1,7.550588945937783e-05
spam,promised,1,7.550588945937783e-05
spam,carlie,1,7.550588945937783e-05
spam,minmobsmore,1,7.550588945937783e-05
spam,lkpobox177hp51fl,1,7.550588945937783e-05
spam,89105,1,7.550588945937783e-05
spam,wedding,1,7.550588945937783e-05
spam,lingerie,1,7.550588945937783e-05
spam,bridal,1,7.550588945937783e-05
spam,petticoatdreams,1,7.550588945937783e-05
spam,superb,1,7.550588945937783e-05
spam,weddingfriend,1,7.550588945937783e-05
spam,knickers,1,7.550588945937783e-05
spam,beg,1,7.550588945937783e-05
spam,01223585236,1,7.550588945937783e-05
spam,nikiyu4,1,7.550588945937783e-05
spam,phone750,1,7.550588945937783e-05
spam,09050000878,1,7.550588945937783e-05
spam,dorothy,1,7.550588945937783e-05
spam,kiefer,1,7.550588945937783e-05
spam,09071517866,1,7.550588945937783e-05
spam,150ppmpobox10183bhamb64xe,1,7.550588945937783e-05
spam,8pm,1,7.550588945937783e-05
spam,selling,1,7.550588945937783e-05
spam,fast,1,7.550588945937783e-05
spam,rock,1,7.550588945937783e-05
spam,chik,1,7.550588945937783e-05
spam,filth,1,7.550588945937783e-05
spam,saristar,1,7.550588945937783e-05
spam,e14,1,7.550588945937783e-05
spam,9yt,1,7.550588945937783e-05
spam,08701752560,1,7.550588945937783e-05
spam,450p,1,7.550588945937783e-05
spam,stop2,1,7.550588945937783e-05
spam,9061100010,1,7.550588945937783e-05
spam,wire3,1,7.550588945937783e-05
spam,1st4terms,1,7.550588945937783e-05
spam,mobcudb,1,7.550588945937783e-05
spam,09050000460,1,7.550588945937783e-05
spam,j89,1,7.550588945937783e-05
spam,box245c2150pm,1,7.550588945937783e-05
spam,banneduk,1,7.550588945937783e-05
spam,round,1,7.550588945937783e-05
spam,highest,1,7.550588945937783e-05
spam,maximum,1,7.550588945937783e-05
spam,71,1,7.550588945937783e-05
spam,bids,1,7.550588945937783e-05
spam,valentine,1,7.550588945937783e-05
spam,flight,1,7.550588945937783e-05
spam,69101,1,7.550588945937783e-05
spam,rtf,1,7.550588945937783e-05
spam,sphosting,1,7.550588945937783e-05
spam,willing,1,7.550588945937783e-05
spam,strt,1,7.550588945937783e-05
spam,ltdhelpdesk,1,7.550588945937783e-05
spam,02085076972,1,7.550588945937783e-05
spam,09066660100,1,7.550588945937783e-05
spam,2309,1,7.550588945937783e-05
spam,07090298926,1,7.550588945937783e-05
spam,9307622,1,7.550588945937783e-05
spam,html,1,7.550588945937783e-05
spam,gbp4,1,7.550588945937783e-05
spam,mfl,1,7.550588945937783e-05
spam,wamma,1,7.550588945937783e-05
spam,doggin,1,7.550588945937783e-05
spam,dogs,1,7.550588945937783e-05
spam,promotion,1,7.550588945937783e-05
spam,8714714,1,7.550588945937783e-05
spam,087147123779am,1,7.550588945937783e-05
spam,txtstar,1,7.550588945937783e-05
spam,2nights,1,7.550588945937783e-05
spam,uve,1,7.550588945937783e-05
spam,wildest,1,7.550588945937783e-05
spam,146tf150p,1,7.550588945937783e-05
spam,airport,1,7.550588945937783e-05
spam,lounge,1,7.550588945937783e-05
spam,passes,1,7.550588945937783e-05
spam,08704439680,1,7.550588945937783e-05
spam,booking,1,7.550588945937783e-05
spam,quote,1,7.550588945937783e-05
spam,09058095107,1,7.550588945937783e-05
spam,s3xy,1,7.550588945937783e-05
spam,08717895698,1,7.550588945937783e-05
spam,mobstorequiz10ppm,1,7.550588945937783e-05
spam,twinks,1,7.550588945937783e-05
spam,scallies,1,7.550588945937783e-05
spam,skins,1,7.550588945937783e-05
spam,jocks,1,7.550588945937783e-05
spam,08712466669,1,7.550588945937783e-05
spam,09061701851,1,7.550588945937783e-05
spam,k61,1,7.550588945937783e-05
spam,12hours,1,7.550588945937783e-05
spam,74355,1,7.550588945937783e-05
spam,concert,1,7.550588945937783e-05
spam,november,1,7.550588945937783e-05
spam,09061104276,1,7.550588945937783e-05
spam,75max,1,7.550588945937783e-05
spam,single,1,7.550588945937783e-05
spam,62220cncl,1,7.550588945937783e-05
spam,stopcs,1,7.550588945937783e-05
spam,08717890890å,1,7.550588945937783e-05
spam,åòharry,1,7.550588945937783e-05
spam,1b6a5ecef91ff9,1,7.550588945937783e-05
spam,37819,1,7.550588945937783e-05
spam,true18,1,7.550588945937783e-05
spam,0430,1,7.550588945937783e-05
spam,jul,1,7.550588945937783e-05
spam,oh,1,7.550588945937783e-05
spam,god,1,7.550588945937783e-05
spam,found,1,7.550588945937783e-05
spam,glad,1,7.550588945937783e-05
spam,xafter,1,7.550588945937783e-05
spam,cst,1,7.550588945937783e-05
spam,chg,1,7.550588945937783e-05
spam,picture,1,7.550588945937783e-05
spam,alto18,1,7.550588945937783e-05
spam,44345,1,7.550588945937783e-05
spam,hf8,1,7.550588945937783e-05
spam,08719181259,1,7.550588945937783e-05
spam,xxxxx,1,7.550588945937783e-05
spam,real1,1,7.550588945937783e-05
spam,pushbutton,1,7.550588945937783e-05
spam,dontcha,1,7.550588945937783e-05
spam,babygoodbye,1,7.550588945937783e-05
spam,golddigger,1,7.550588945937783e-05
spam,webeburnin,1,7.550588945937783e-05
spam,gnarls,1,7.550588945937783e-05
spam,barkleys,1,7.550588945937783e-05
spam,totally,1,7.550588945937783e-05
spam,secured,1,7.550588945937783e-05
spam,unsecured,1,7.550588945937783e-05
spam,195,1,7.550588945937783e-05
spam,6669,1,7.550588945937783e-05
spam,3000,1,7.550588945937783e-05
spam,84484,1,7.550588945937783e-05
spam,087104711148,1,7.550588945937783e-05
spam,triple,1,7.550588945937783e-05
spam,echo,1,7.550588945937783e-05
spam,dial,1,7.550588945937783e-05
spam,bx526,1,7.550588945937783e-05
spam,accessible,1,7.550588945937783e-05
spam,08709501522,1,7.550588945937783e-05
spam,139,1,7.550588945937783e-05
spam,la3,1,7.550588945937783e-05
spam,2wu,1,7.550588945937783e-05
spam,09064017305,1,7.550588945937783e-05
spam,pobox75ldns7,1,7.550588945937783e-05
spam,tbs,1,7.550588945937783e-05
spam,persolvo,1,7.550588945937783e-05
spam,chasing,1,7.550588945937783e-05
spam,forå,1,7.550588945937783e-05
spam,38,1,7.550588945937783e-05
spam,definitely,1,7.550588945937783e-05
spam,paying,1,7.550588945937783e-05
spam,ignore,1,7.550588945937783e-05
spam,kath,1,7.550588945937783e-05
spam,manchester,1,7.550588945937783e-05
spam,loans,1,7.550588945937783e-05
spam,bad,1,7.550588945937783e-05
spam,noworriesloans,1,7.550588945937783e-05
spam,08717111821,1,7.550588945937783e-05
spam,season,1,7.550588945937783e-05
spam,2wks,1,7.550588945937783e-05
spam,villa,1,7.550588945937783e-05
spam,brings,1,7.550588945937783e-05
spam,heroes,1,7.550588945937783e-05
spam,tips,1,7.550588945937783e-05
spam,07973788240,1,7.550588945937783e-05
spam,08715203649,1,7.550588945937783e-05
spam,gsoh,1,7.550588945937783e-05
spam,spam,1,7.550588945937783e-05
spam,gigolo,1,7.550588945937783e-05
spam,mens,1,7.550588945937783e-05
spam,oncall,1,7.550588945937783e-05
spam,mjzgroup,1,7.550588945937783e-05
spam,08714342399,1,7.550588945937783e-05
spam,50rcvd,1,7.550588945937783e-05
spam,08707500020,1,7.550588945937783e-05
spam,ukp,1,7.550588945937783e-05
spam,09061790125,1,7.550588945937783e-05
spam,spjanuary,1,7.550588945937783e-05
spam,simpsons,1,7.550588945937783e-05
spam,released,1,7.550588945937783e-05
spam,band,1,7.550588945937783e-05
spam,died,1,7.550588945937783e-05
spam,green,1,7.550588945937783e-05
spam,blue,1,7.550588945937783e-05
spam,amanda,1,7.550588945937783e-05
spam,regard,1,7.550588945937783e-05
spam,renewing,1,7.550588945937783e-05
spam,upgrading,1,7.550588945937783e-05
spam,tel,1,7.550588945937783e-05
spam,subject,1,7.550588945937783e-05
spam,wtlp,1,7.550588945937783e-05
spam,0906346330,1,7.550588945937783e-05
spam,47,1,7.550588945937783e-05
spam,po19,1,7.550588945937783e-05
spam,2ez,1,7.550588945937783e-05
spam,cmon,1,7.550588945937783e-05
spam,turn,1,7.550588945937783e-05
spam,sticky,1,7.550588945937783e-05
spam,replies,1,7.550588945937783e-05
spam,0796xxxxxx,1,7.550588945937783e-05
spam,prizeawaiting,1,7.550588945937783e-05
spam,called,1,7.550588945937783e-05
spam,left,1,7.550588945937783e-05
spam,07008009200,1,7.550588945937783e-05
spam,3750,1,7.550588945937783e-05
spam,colours,1,7.550588945937783e-05
spam,3lions,1,7.550588945937783e-05
spam,gprs,1,7.550588945937783e-05
spam,accordingly,1,7.550588945937783e-05
spam,repeat,1,7.550588945937783e-05
spam,block,1,7.550588945937783e-05
spam,breaker,1,7.550588945937783e-05
spam,deluxe,1,7.550588945937783e-05
spam,format,1,7.550588945937783e-05
spam,features,1,7.550588945937783e-05
spam,graphics,1,7.550588945937783e-05
spam,bbdeluxe,1,7.550588945937783e-05
spam,challenge,1,7.550588945937783e-05
spam,kit,1,7.550588945937783e-05
spam,strip,1,7.550588945937783e-05
spam,1013,1,7.550588945937783e-05
spam,ig11,1,7.550588945937783e-05
spam,oja,1,7.550588945937783e-05
spam,08712402578,1,7.550588945937783e-05
spam,thesmszone,1,7.550588945937783e-05
spam,lets,1,7.550588945937783e-05
spam,anonymous,1,7.550588945937783e-05
spam,masked,1,7.550588945937783e-05
spam,potential,1,7.550588945937783e-05
spam,abuse,1,7.550588945937783e-05
spam,0789xxxxxxx,1,7.550588945937783e-05
spam,shy,1,7.550588945937783e-05
spam,09058091870,1,7.550588945937783e-05
spam,complete,1,7.550588945937783e-05
spam,landmark,1,7.550588945937783e-05
spam,bob,1,7.550588945937783e-05
spam,barry,1,7.550588945937783e-05
spam,ben,1,7.550588945937783e-05
spam,83738,1,7.550588945937783e-05
spam,tonexs,1,7.550588945937783e-05
spam,renewed,1,7.550588945937783e-05
spam,clubzed,1,7.550588945937783e-05
spam,billing,1,7.550588945937783e-05
spam,8000930705,1,7.550588945937783e-05
spam,recpt,1,7.550588945937783e-05
spam,processed,1,7.550588945937783e-05
spam,subscribers,1,7.550588945937783e-05
spam,headset,1,7.550588945937783e-05
spam,adp,1,7.550588945937783e-05
spam,floppy,1,7.550588945937783e-05
spam,snappy,1,7.550588945937783e-05
spam,happy,1,7.550588945937783e-05
spam,giving,1,7.550588945937783e-05
spam,08719839835,1,7.550588945937783e-05
spam,mgs,1,7.550588945937783e-05
spam,89123,1,7.550588945937783e-05
spam,proze,1,7.550588945937783e-05
spam,norcorp,1,7.550588945937783e-05
spam,items,1,7.550588945937783e-05
spam,7cfca1a,1,7.550588945937783e-05
spam,wining,1,7.550588945937783e-05
spam,946,1,7.550588945937783e-05
spam,wot,1,7.550588945937783e-05
spam,cock,1,7.550588945937783e-05
spam,wife,1,7.550588945937783e-05
spam,89938,1,7.550588945937783e-05
spam,strings,1,7.550588945937783e-05
spam,rec,1,7.550588945937783e-05
spam,50ea,1,7.550588945937783e-05
spam,otbox,1,7.550588945937783e-05
spam,731,1,7.550588945937783e-05
spam,la1,1,7.550588945937783e-05
spam,7ws,1,7.550588945937783e-05
spam,sexiest,1,7.550588945937783e-05
spam,dirtiest,1,7.550588945937783e-05
spam,w8in,1,7.550588945937783e-05
spam,4utxt,1,7.550588945937783e-05
spam,laugh,1,7.550588945937783e-05
spam,chit,1,7.550588945937783e-05
spam,logon,1,7.550588945937783e-05
spam,8883,1,7.550588945937783e-05
spam,cm,1,7.550588945937783e-05
spam,4217,1,7.550588945937783e-05
spam,w1a,1,7.550588945937783e-05
spam,6zf,1,7.550588945937783e-05
spam,118p,1,7.550588945937783e-05
spam,1000call,1,7.550588945937783e-05
spam,09071512432,1,7.550588945937783e-05
spam,300603t,1,7.550588945937783e-05
spam,callcost150ppmmobilesvary,1,7.550588945937783e-05
spam,08718727870150ppm,1,7.550588945937783e-05
spam,recorder,1,7.550588945937783e-05
spam,canname,1,7.550588945937783e-05
spam,capital,1,7.550588945937783e-05
spam,australia,1,7.550588945937783e-05
spam,mquiz,1,7.550588945937783e-05
spam,7634,1,7.550588945937783e-05
spam,7684,1,7.550588945937783e-05
spam,ripped,1,7.550588945937783e-05
spam,clubmoby,1,7.550588945937783e-05
spam,08717509990,1,7.550588945937783e-05
spam,08718738002,1,7.550588945937783e-05
spam,48922,1,7.550588945937783e-05
spam,07099833605,1,7.550588945937783e-05
spam,9280114,1,7.550588945937783e-05
spam,chloe,1,7.550588945937783e-05
spam,smashed,1,7.550588945937783e-05
spam,missing,1,7.550588945937783e-05
spam,07808726822,1,7.550588945937783e-05
spam,9758,1,7.550588945937783e-05
spam,rayman,1,7.550588945937783e-05
spam,golf,1,7.550588945937783e-05
spam,activ8,1,7.550588945937783e-05
spam,key,1,7.550588945937783e-05
spam,termsapply,1,7.550588945937783e-05
spam,axel,1,7.550588945937783e-05
spam,akon,1,7.550588945937783e-05
spam,black,1,7.550588945937783e-05
spam,eyed,1,7.550588945937783e-05
spam,continued,1,7.550588945937783e-05
spam,in2,1,7.550588945937783e-05
spam,president,1,7.550588945937783e-05
spam,1172,1,7.550588945937783e-05
spam,09066649731from,1,7.550588945937783e-05
spam,09077818151,1,7.550588945937783e-05
spam,calls1,1,7.550588945937783e-05
spam,50ppm,1,7.550588945937783e-05
spam,30s,1,7.550588945937783e-05
spam,santacalling,1,7.550588945937783e-05
spam,078498,1,7.550588945937783e-05
spam,08719180219,1,7.550588945937783e-05
spam,videos,1,7.550588945937783e-05
spam,shsex,1,7.550588945937783e-05
spam,netun,1,7.550588945937783e-05
spam,fgkslpopw,1,7.550588945937783e-05
spam,fgkslpo,1,7.550588945937783e-05
spam,0871277810710p,1,7.550588945937783e-05
spam,08715203652,1,7.550588945937783e-05
spam,42810,1,7.550588945937783e-05
spam,msgrcvd,1,7.550588945937783e-05
spam,skip,1,7.550588945937783e-05
spam,customercare,1,7.550588945937783e-05
spam,lyricalladie,1,7.550588945937783e-05
spam,hmmross,1,7.550588945937783e-05
spam,ou,1,7.550588945937783e-05
spam,sn,1,7.550588945937783e-05
spam,pobox202,1,7.550588945937783e-05
spam,nr31,1,7.550588945937783e-05
spam,7zs,1,7.550588945937783e-05
spam,450pw,1,7.550588945937783e-05
spam,83118,1,7.550588945937783e-05
spam,colin,1,7.550588945937783e-05
spam,farrell,1,7.550588945937783e-05
spam,swat,1,7.550588945937783e-05
spam,wkend,1,7.550588945937783e-05
spam,popcorn,1,7.550588945937783e-05
spam,ticket,1,7.550588945937783e-05
spam,mre,1,7.550588945937783e-05
spam,scores,1,7.550588945937783e-05
spam,simple,1,7.550588945937783e-05
spam,shot,1,7.550588945937783e-05
spam,yards,1,7.550588945937783e-05
spam,bergkamp,1,7.550588945937783e-05
spam,margin,1,7.550588945937783e-05
spam,78,1,7.550588945937783e-05
spam,sexychat,1,7.550588945937783e-05
spam,amy,1,7.550588945937783e-05
spam,couple,1,7.550588945937783e-05
spam,parties,1,7.550588945937783e-05
spam,select,1,7.550588945937783e-05
spam,benefits,1,7.550588945937783e-05
spam,trained,1,7.550588945937783e-05
spam,advisors,1,7.550588945937783e-05
spam,dialling,1,7.550588945937783e-05
spam,402,1,7.550588945937783e-05
spam,meal,1,7.550588945937783e-05
spam,experiencehttp,1,7.550588945937783e-05
spam,vouch4me,1,7.550588945937783e-05
spam,etlp,1,7.550588945937783e-05
spam,09058094507,1,7.550588945937783e-05
spam,unicef,1,7.550588945937783e-05
spam,asian,1,7.550588945937783e-05
spam,tsunami,1,7.550588945937783e-05
spam,disaster,1,7.550588945937783e-05
spam,fund,1,7.550588945937783e-05
spam,texting,1,7.550588945937783e-05
spam,864233,1,7.550588945937783e-05
spam,phony,1,7.550588945937783e-05
spam,xxxx,1,7.550588945937783e-05
spam,125,1,7.550588945937783e-05
spam,freeentry,1,7.550588945937783e-05
spam,xt,1,7.550588945937783e-05
spam,08714712412,1,7.550588945937783e-05
spam,meg,1,7.550588945937783e-05
spam,08715203685,1,7.550588945937783e-05
spam,4xx26,1,7.550588945937783e-05
spam,deepest,1,7.550588945937783e-05
spam,darkest,1,7.550588945937783e-05
spam,09094646631,1,7.550588945937783e-05
spam,natalie,1,7.550588945937783e-05
spam,natalie2k9,1,7.550588945937783e-05
spam,08701213186,1,7.550588945937783e-05
spam,83039,1,7.550588945937783e-05
spam,62735,1,7.550588945937783e-05
spam,450,1,7.550588945937783e-05
spam,accommodationvouchers,1,7.550588945937783e-05
spam,mustprovide,1,7.550588945937783e-05
spam,15541,1,7.550588945937783e-05
spam,tscs08714740323,1,7.550588945937783e-05
spam,1winawk,1,7.550588945937783e-05
spam,50perweeksub,1,7.550588945937783e-05
spam,09066361921,1,7.550588945937783e-05
spam,pink,1,7.550588945937783e-05
spam,panther,1,7.550588945937783e-05
spam,sugababes,1,7.550588945937783e-05
spam,zebra,1,7.550588945937783e-05
spam,animation,1,7.550588945937783e-05
spam,badass,1,7.550588945937783e-05
spam,hoody,1,7.550588945937783e-05
spam,resent,1,7.550588945937783e-05
spam,previous,1,7.550588945937783e-05
spam,failed,1,7.550588945937783e-05
spam,error,1,7.550588945937783e-05
spam,queries,1,7.550588945937783e-05
spam,customersqueries,1,7.550588945937783e-05
spam,netvision,1,7.550588945937783e-05
spam,08715205273,1,7.550588945937783e-05
spam,vco,1,7.550588945937783e-05
spam,078,1,7.550588945937783e-05
spam,ree,1,7.550588945937783e-05
spam,compensation,1,7.550588945937783e-05
spam,telediscount,1,7.550588945937783e-05
spam,08715203656,1,7.550588945937783e-05
spam,42049,1,7.550588945937783e-05
spam,someonone,1,7.550588945937783e-05
spam,09064015307,1,7.550588945937783e-05
spam,09061790126,1,7.550588945937783e-05
spam,com1win150ppmx3age16subscription,1,7.550588945937783e-05
spam,follows,1,7.550588945937783e-05
spam,subsequent,1,7.550588945937783e-05
spam,wks,1,7.550588945937783e-05
spam,09095350301,1,7.550588945937783e-05
spam,erotic,1,7.550588945937783e-05
spam,ecstacy,1,7.550588945937783e-05
spam,dept,1,7.550588945937783e-05
spam,08717507382,1,7.550588945937783e-05
spam,two,1,7.550588945937783e-05
spam,started,1,7.550588945937783e-05
spam,radio,1,7.550588945937783e-05
spam,connection,1,7.550588945937783e-05
spam,coincidence,1,7.550588945937783e-05
spam,leading,1,7.550588945937783e-05
spam,151,1,7.550588945937783e-05
spam,pause,1,7.550588945937783e-05
spam,8800,1,7.550588945937783e-05
spam,psp,1,7.550588945937783e-05
spam,083,1,7.550588945937783e-05
spam,6089,1,7.550588945937783e-05
spam,09058094583,1,7.550588945937783e-05
spam,32000,1,7.550588945937783e-05
spam,legitimat,1,7.550588945937783e-05
spam,efreefone,1,7.550588945937783e-05
spam,wat,1,7.550588945937783e-05
spam,police,1,7.550588945937783e-05
spam,station,1,7.550588945937783e-05
spam,toilet,1,7.550588945937783e-05
spam,stolen,1,7.550588945937783e-05
spam,cops,1,7.550588945937783e-05
spam,sparkling,1,7.550588945937783e-05
spam,breaks,1,7.550588945937783e-05
spam,45,1,7.550588945937783e-05
spam,person,1,7.550588945937783e-05
spam,0121,1,7.550588945937783e-05
spam,2025050,1,7.550588945937783e-05
spam,shortbreaks,1,7.550588945937783e-05
spam,org,1,7.550588945937783e-05
spam,gamb,1,7.550588945937783e-05
spam,820554ad0a1705572711,1,7.550588945937783e-05
spam,trueåác,1,7.550588945937783e-05
spam,ringtoneåá,1,7.550588945937783e-05
spam,09050000332,1,7.550588945937783e-05
spam,09064017295,1,7.550588945937783e-05
spam,08448350055,1,7.550588945937783e-05
spam,planettalkinstant,1,7.550588945937783e-05
spam,marvel,1,7.550588945937783e-05
spam,ultimate,1,7.550588945937783e-05
spam,83338,1,7.550588945937783e-05
spam,8ball,1,7.550588945937783e-05
spam,07808247860,1,7.550588945937783e-05
spam,08719899229,1,7.550588945937783e-05
spam,40411,1,7.550588945937783e-05
spam,49557,1,7.550588945937783e-05
spam,gsex,1,7.550588945937783e-05
spam,2667,1,7.550588945937783e-05
spam,wc1n,1,7.550588945937783e-05
spam,3xx,1,7.550588945937783e-05
spam,3mobile,1,7.550588945937783e-05
spam,chatlines,1,7.550588945937783e-05
spam,inclu,1,7.550588945937783e-05
spam,india,1,7.550588945937783e-05
spam,servs,1,7.550588945937783e-05
spam,sed,1,7.550588945937783e-05
spam,l8er,1,7.550588945937783e-05
spam,mega,1,7.550588945937783e-05
spam,giv,1,7.550588945937783e-05
spam,shit,1,7.550588945937783e-05
spam,bailiff,1,7.550588945937783e-05
spam,house,1,7.550588945937783e-05
spam,087187272008,1,7.550588945937783e-05
spam,now1,1,7.550588945937783e-05
ham,get,305,0.008080540468936283
ham,ok,287,0.007603656113392502
ham,go,249,0.006596900251688966
ham,know,236,0.006252483772685124

ham,good,233,0.006173003046761161
ham,got,232,0.006146509471453173
ham,like,232,0.006146509471453173
ham,come,227,0.006014041594913234
ham,day,209,0.005537157239369453
ham,time,201,0.0053252086369055505
ham,love,199,0.005272221486289575
ham,going,169,0.00447741422704994
ham,one,167,0.004424427076433965
ham,home,165,0.0043714399258179895
ham,want,164,0.004344946350510001
ham,lor,162,0.0042919591998940255
ham,need,158,0.004185984898662075
ham,sorry,157,0.004159491323354087
ham,da,150,0.003974036296198172
ham,still,150,0.003974036296198172
ham,k,145,0.0038415684196582327
ham,n,142,0.0037620876937342696
ham,today,139,0.003682606967810306
ham,see,139,0.003682606967810306
ham,later,135,0.0035766326665783547
ham,dont,132,0.003497151940654391
ham,r,132,0.003497151940654391
ham,back,130,0.0034441647900384158
ham,send,129,0.003417671214730428
ham,think,128,0.00339117763942244
ham,take,125,0.0033116969134984768
ham,pls,123,0.003258709762882501
ham,tell,122,0.003232216187574513
ham,hi,122,0.003232216187574513
ham,ì_,120,0.0031792290369585374
ham,much,115,0.0030467611604185984
ham,oh,113,0.002993774009802623
ham,well,113,0.002993774009802623
ham,hope,109,0.0028877997085706717
ham,night,109,0.0028877997085706717
ham,hey,107,0.002834812557954696
ham,wat,106,0.002808318982646708
ham,happy,106,0.002808318982646708
ham,dear,106,0.002808318982646708
ham,great,104,0.0027553318320307327
ham,way,101,0.002675851106106769
ham,work,97,0.002569876804874818
ham,give,93,0.0024639025036428666
ham,say,92,0.002437408928334879
ham,already,90,0.002384421777718903
ham,right,89,0.0023579282024109153
ham,make,89,0.0023579282024109153
ham,ask,89,0.0023579282024109153
ham,said,88,0.0023314346271029276
ham,amp,86,0.0022784474764869517
ham,yeah,86,0.0022784474764869517
ham,really,85,0.002251953901178964
ham,e,84,0.0022254603258709763
ham,tomorrow,83,0.0021989667505629886
ham,yes,82,0.0021724731752550005
ham,phone,81,0.0021459795999470128
ham,morning,79,0.0020929924493310373
ham,life,79,0.0020929924493310373
ham,please,78,0.002066498874023049
ham,im,77,0.0020400052987150615
ham,cos,76,0.0020135117234070738
ham,meet,75,0.001987018148099086
ham,let,75,0.001987018148099086
ham,lol,74,0.0019605245727910984
ham,anything,74,0.0019605245727910984
ham,would,72,0.0019075374221751225
ham,sure,71,0.0018810438468671348
ham,babe,71,0.0018810438468671348
ham,also,71,0.0018810438468671348
ham,miss,70,0.0018545502715591469
ham,b,69,0.0018280566962511592
ham,pick,69,0.0018280566962511592
ham,something,69,0.0018280566962511592
ham,text,68,0.0018015631209431712
ham,new,67,0.0017750695456351835
ham,number,67,0.0017750695456351835
ham,week,66,0.0017485759703271956
ham,care,66,0.0017485759703271956
ham,last,65,0.0017220823950192079
ham,wait,64,0.00169558881971122
ham,c,63,0.0016690952444032322
ham,keep,63,0.0016690952444032322
ham,feel,62,0.0016426016690952443
ham,1,62,0.0016426016690952443
ham,nice,62,0.0016426016690952443
ham,buy,62,0.0016426016690952443
ham,went,62,0.0016426016690952443
ham,cant,62,0.0016426016690952443
ham,message,62,0.0016426016690952443
ham,thanks,61,0.0016161080937872566
ham,thing,61,0.0016161080937872566
ham,3,60,0.0015896145184792687
ham,free,60,0.0015896145184792687
ham,sent,60,0.0015896145184792687
ham,around,59,0.001563120943171281
ham,gonna,58,0.0015366273678632933
ham,soon,58,0.0015366273678632933
ham,us,58,0.0015366273678632933
ham,late,58,0.0015366273678632933
ham,sleep,58,0.0015366273678632933
ham,tonight,57,0.0015101337925553053
ham,first,57,0.0015101337925553053
ham,always,57,0.0015101337925553053
ham,msg,57,0.0015101337925553053
ham,ya,57,0.0015101337925553053
ham,even,56,0.0014836402172473176
ham,money,56,0.0014836402172473176
ham,many,56,0.0014836402172473176
ham,dun,55,0.0014571466419393297
ham,place,55,0.0014571466419393297
ham,gud,55,0.0014571466419393297
ham,leave,55,0.0014571466419393297
ham,told,54,0.001430653066631342
ham,could,53,0.001404159491323354
ham,ìï,53,0.001404159491323354
ham,wan,53,0.001404159491323354
ham,fine,52,0.0013776659160153663
ham,things,52,0.0013776659160153663
ham,wish,52,0.0013776659160153663
ham,haha,51,0.0013511723407073784
ham,coming,51,0.0013511723407073784
ham,friends,50,0.0013246787653993907
ham,v,50,0.0013246787653993907
ham,find,50,0.0013246787653993907
ham,thk,50,0.0013246787653993907
ham,5,50,0.0013246787653993907
ham,hello,49,0.0012981851900914028
ham,someone,48,0.001271691614783415
ham,yet,48,0.001271691614783415
ham,people,47,0.0012451980394754271
ham,lunch,46,0.0012187044641674394
ham,getting,46,0.0012187044641674394
ham,done,46,0.0012187044641674394
ham,thought,46,0.0012187044641674394
ham,next,46,0.0012187044641674394
ham,heart,46,0.0012187044641674394
ham,smile,45,0.0011922108888594515
ham,god,45,0.0011922108888594515
ham,stuff,44,0.0011657173135514638
ham,x,44,0.0011657173135514638
ham,man,44,0.0011657173135514638
ham,reply,44,0.0011657173135514638
ham,year,44,0.0011657173135514638
ham,yup,43,0.0011392237382434759
ham,may,43,0.0011392237382434759
ham,bit,43,0.0011392237382434759
ham,class,43,0.0011392237382434759
ham,meeting,43,0.0011392237382434759
ham,thats,43,0.0011392237382434759
ham,job,43,0.0011392237382434759
ham,try,42,0.0011127301629354882
ham,finish,42,0.0011127301629354882
ham,never,42,0.0011127301629354882
ham,long,42,0.0011127301629354882
ham,better,42,0.0011127301629354882
ham,house,42,0.0011127301629354882
ham,car,41,0.0010862365876275002
ham,ill,41,0.0010862365876275002
ham,friend,41,0.0010862365876275002
ham,dat,41,0.0010862365876275002
ham,person,41,0.0010862365876275002
ham,talk,40,0.0010597430123195125
ham,cool,40,0.0010597430123195125
ham,use,40,0.0010597430123195125
ham,6,40,0.0010597430123195125
ham,every,39,0.0010332494370115246
ham,mind,39,0.0010332494370115246
ham,lar,38,0.0010067558617035369
ham,û,38,0.0010067558617035369
ham,eat,38,0.0010067558617035369
ham,lot,38,0.0010067558617035369
ham,sir,38,0.0010067558617035369
ham,problem,38,0.0010067558617035369
ham,7,38,0.0010067558617035369
ham,world,37,0.0009802622863955492
ham,name,37,0.0009802622863955492
ham,best,37,0.0009802622863955492
ham,stop,37,0.0009802622863955492
ham,liao,37,0.0009802622863955492
ham,help,36,0.0009537687110875612
ham,dinner,36,0.0009537687110875612
ham,waiting,36,0.0009537687110875612
ham,ah,36,0.0009537687110875612
ham,yo,36,0.0009537687110875612
ham,ready,36,0.0009537687110875612
ham,shit,36,0.0009537687110875612
ham,sweet,35,0.0009272751357795734
ham,check,35,0.0009272751357795734
ham,another,35,0.0009272751357795734
ham,birthday,35,0.0009272751357795734
ham,jus,35,0.0009272751357795734
ham,big,35,0.0009272751357795734
ham,might,35,0.0009272751357795734
ham,quite,35,0.0009272751357795734
ham,watching,34,0.0009007815604715856
ham,room,34,0.0009007815604715856
ham,nothing,34,0.0009007815604715856
ham,early,33,0.0008742879851635978
ham,pa,33,0.0008742879851635978
ham,aight,33,0.0008742879851635978
ham,watch,33,0.0008742879851635978
ham,probably,33,0.0008742879851635978
ham,wont,32,0.00084779440985561
ham,remember,32,0.00084779440985561
ham,bed,32,0.00084779440985561
ham,forgot,32,0.00084779440985561
ham,special,32,0.00084779440985561
ham,boy,32,0.00084779440985561
ham,called,32,0.00084779440985561
ham,thanx,32,0.00084779440985561
ham,plan,32,0.00084779440985561
ham,shall,32,0.00084779440985561
ham,ever,32,0.00084779440985561
ham,days,32,0.00084779440985561
ham,actually,32,0.00084779440985561
ham,den,32,0.00084779440985561
ham,princess,32,0.00084779440985561
ham,month,31,0.0008213008345476222
ham,guess,31,0.0008213008345476222
ham,girl,31,0.0008213008345476222
ham,dunno,31,0.0008213008345476222
ham,two,31,0.0008213008345476222
ham,bad,31,0.0008213008345476222
ham,kiss,31,0.0008213008345476222
ham,9,30,0.0007948072592396343
ham,pay,30,0.0007948072592396343
ham,left,30,0.0007948072592396343
ham,maybe,30,0.0007948072592396343
ham,guys,30,0.0007948072592396343
ham,leh,30,0.0007948072592396343
ham,face,30,0.0007948072592396343
ham,didnt,30,0.0007948072592396343
ham,luv,30,0.0007948072592396343
ham,hour,30,0.0007948072592396343
ham,sat,30,0.0007948072592396343
ham,office,30,0.0007948072592396343
ham,bus,29,0.0007683136839316466
ham,anyway,29,0.0007683136839316466
ham,working,29,0.0007683136839316466
ham,everything,29,0.0007683136839316466
ham,baby,29,0.0007683136839316466
ham,start,29,0.0007683136839316466
ham,enjoy,29,0.0007683136839316466
ham,fuck,29,0.0007683136839316466
ham,hear,29,0.0007683136839316466
ham,dad,29,0.0007683136839316466
ham,thank,28,0.0007418201086236588
ham,look,28,0.0007418201086236588
ham,trying,28,0.0007418201086236588
ham,wanna,28,0.0007418201086236588
ham,afternoon,28,0.0007418201086236588
ham,without,28,0.0007418201086236588
ham,tmr,28,0.0007418201086236588
ham,made,28,0.0007418201086236588
ham,dis,28,0.0007418201086236588
ham,put,28,0.0007418201086236588
ham,8,28,0.0007418201086236588
ham,wife,28,0.0007418201086236588
ham,wif,27,0.000715326533315671
ham,enough,27,0.000715326533315671
ham,end,27,0.000715326533315671
ham,okay,27,0.000715326533315671
ham,says,27,0.000715326533315671
ham,school,27,0.000715326533315671
ham,mail,27,0.000715326533315671
ham,little,27,0.000715326533315671
ham,missing,27,0.000715326533315671
ham,evening,27,0.000715326533315671
ham,minutes,27,0.000715326533315671
ham,goes,26,0.0006888329580076832
ham,though,26,0.0006888329580076832
ham,wanted,26,0.0006888329580076832
ham,half,26,0.0006888329580076832
ham,pain,26,0.0006888329580076832
ham,came,26,0.0006888329580076832
ham,means,26,0.0006888329580076832
ham,abt,26,0.0006888329580076832
ham,til,26,0.0006888329580076832
ham,able,26,0.0006888329580076832
ham,hav,26,0.0006888329580076832
ham,reach,26,0.0006888329580076832
ham,wake,26,0.0006888329580076832
ham,guy,26,0.0006888329580076832
ham,bring,26,0.0006888329580076832
ham,times,25,0.0006623393826996954
ham,since,25,0.0006623393826996954
ham,juz,25,0.0006623393826996954
ham,decimal,25,0.0006623393826996954
ham,plz,25,0.0006623393826996954
ham,wot,25,0.0006623393826996954
ham,town,25,0.0006623393826996954
ham,de,25,0.0006623393826996954
ham,alright,24,0.0006358458073917075
ham,weekend,24,0.0006358458073917075
ham,saw,24,0.0006358458073917075
ham,hair,24,0.0006358458073917075
ham,real,24,0.0006358458073917075
ham,wen,24,0.0006358458073917075
ham,havent,24,0.0006358458073917075
ham,worry,24,0.0006358458073917075
ham,tv,24,0.0006358458073917075
ham,min,24,0.0006358458073917075
ham,speak,23,0.0006093522320837197
ham,words,23,0.0006093522320837197
ham,missed,23,0.0006093522320837197
ham,run,23,0.0006093522320837197
ham,else,23,0.0006093522320837197
ham,making,23,0.0006093522320837197
ham,food,23,0.0006093522320837197
ham,haf,23,0.0006093522320837197
ham,oso,23,0.0006093522320837197
ham,true,23,0.0006093522320837197
ham,shopping,23,0.0006093522320837197
ham,dude,23,0.0006093522320837197
ham,online,23,0.0006093522320837197
ham,makes,23,0.0006093522320837197
ham,lei,23,0.0006093522320837197
ham,ard,22,0.0005828586567757319
ham,test,22,0.0005828586567757319
ham,must,22,0.0005828586567757319
ham,coz,22,0.0005828586567757319
ham,xxx,22,0.0005828586567757319
ham,nite,22,0.0005828586567757319
ham,asked,22,0.0005828586567757319
ham,hurt,22,0.0005828586567757319
ham,friendship,22,0.0005828586567757319
ham,fun,22,0.0005828586567757319
ham,change,22,0.0005828586567757319
ham,sch,22,0.0005828586567757319
ham,family,22,0.0005828586567757319
ham,goin,22,0.0005828586567757319
ham,till,21,0.0005563650814677441
ham,yesterday,21,0.0005563650814677441
ham,part,21,0.0005563650814677441
ham,sms,21,0.0005563650814677441
ham,show,21,0.0005563650814677441
ham,play,21,0.0005563650814677441
ham,account,21,0.0005563650814677441
ham,full,21,0.0005563650814677441
ham,tot,21,0.0005563650814677441
ham,beautiful,21,0.0005563650814677441
ham,together,21,0.0005563650814677441
ham,away,21,0.0005563650814677441
ham,sad,21,0.0005563650814677441
ham,looking,20,0.0005298715061597563
ham,smiling,20,0.0005298715061597563
ham,driving,20,0.0005298715061597563
ham,mean,20,0.0005298715061597563
ham,leaving,20,0.0005298715061597563
ham,story,20,0.0005298715061597563
ham,id,20,0.0005298715061597563
ham,sleeping,20,0.0005298715061597563
ham,noe,20,0.0005298715061597563
ham,happen,20,0.0005298715061597563
ham,chikku,20,0.0005298715061597563
ham,huh,20,0.0005298715061597563
ham,stay,20,0.0005298715061597563
ham,feeling,20,0.0005298715061597563
ham,lose,20,0.0005298715061597563
ham,saying,20,0.0005298715061597563
ham,wants,20,0.0005298715061597563
ham,nt,20,0.0005298715061597563
ham,drive,20,0.0005298715061597563
ham,dreams,20,0.0005298715061597563
ham,brother,19,0.0005033779308517684
ham,set,19,0.0005033779308517684
ham,aft,19,0.0005033779308517684
ham,tomo,19,0.0005033779308517684
ham,took,19,0.0005033779308517684
ham,finished,19,0.0005033779308517684
ham,movie,19,0.0005033779308517684
ham,busy,19,0.0005033779308517684
ham,believe,19,0.0005033779308517684
ham,awesome,19,0.0005033779308517684
ham,okie,19,0.0005033779308517684
ham,head,19,0.0005033779308517684
ham,details,19,0.0005033779308517684
ham,thinking,19,0.0005033779308517684
ham,bt,19,0.0005033779308517684
ham,bored,19,0.0005033779308517684
ham,mum,19,0.0005033779308517684
ham,rite,19,0.0005033779308517684
ham,tho,18,0.0004768843555437806
ham,second,18,0.0004768843555437806
ham,started,18,0.0004768843555437806
ham,cause,18,0.0004768843555437806
ham,address,18,0.0004768843555437806
ham,old,18,0.0004768843555437806
ham,comes,18,0.0004768843555437806
ham,easy,18,0.0004768843555437806
ham,walk,18,0.0004768843555437806
ham,wil,18,0.0004768843555437806
ham,angry,18,0.0004768843555437806
ham,years,18,0.0004768843555437806
ham,drink,18,0.0004768843555437806
ham,g,18,0.0004768843555437806
ham,gd,18,0.0004768843555437806
ham,simple,18,0.0004768843555437806
ham,mine,18,0.0004768843555437806
ham,neva,18,0.0004768843555437806
ham,plus,18,0.0004768843555437806
ham,live,17,0.0004503907802357928
ham,lesson,17,0.0004503907802357928
ham,com,17,0.0004503907802357928
ham,taking,17,0.0004503907802357928
ham,parents,17,0.0004503907802357928
ham,carlos,17,0.0004503907802357928
ham,smoke,17,0.0004503907802357928
ham,sis,17,0.0004503907802357928
ham,trip,17,0.0004503907802357928
ham,lets,17,0.0004503907802357928
ham,book,17,0.0004503907802357928
ham,sister,17,0.0004503907802357928
ham,whatever,17,0.0004503907802357928
ham,email,17,0.0004503907802357928
ham,knw,17,0.0004503907802357928
ham,loving,17,0.0004503907802357928
ham,treat,16,0.000423897204927805
ham,ha,16,0.000423897204927805
ham,smth,16,0.000423897204927805
ham,mom,16,0.000423897204927805
ham,decided,16,0.000423897204927805
ham,forget,16,0.000423897204927805
ham,prob,16,0.000423897204927805
ham,gone,16,0.000423897204927805
ham,happened,16,0.000423897204927805
ham,type,16,0.000423897204927805
ham,open,16,0.000423897204927805
ham,whats,16,0.000423897204927805
ham,everyone,16,0.000423897204927805
ham,boytoy,16,0.000423897204927805
ham,touch,16,0.000423897204927805
ham,found,16,0.000423897204927805
ham,college,16,0.000423897204927805
ham,sounds,16,0.000423897204927805
ham,wid,16,0.000423897204927805
ham,ring,16,0.000423897204927805
ham,far,16,0.000423897204927805
ham,kind,16,0.000423897204927805
ham,pub,16,0.000423897204927805
ham,hours,16,0.000423897204927805
ham,sun,16,0.000423897204927805
ham,anyone,16,0.000423897204927805
ham,drop,16,0.000423897204927805
ham,available,15,0.00039740362961981717
ham,wonderful,15,0.00039740362961981717
ham,calls,15,0.00039740362961981717
ham,search,15,0.00039740362961981717
ham,friday,15,0.00039740362961981717
ham,question,15,0.00039740362961981717
ham,lots,15,0.00039740362961981717
ham,hand,15,0.00039740362961981717
ham,wit,15,0.00039740362961981717
ham,needs,15,0.00039740362961981717
ham,darlin,15,0.00039740362961981717
ham,rs,15,0.00039740362961981717
ham,goodmorning,15,0.00039740362961981717
ham,oredi,15,0.00039740362961981717
ham,shop,15,0.00039740362961981717
ham,company,15,0.00039740362961981717
ham,light,15,0.00039740362961981717
ham,calling,15,0.00039740362961981717
ham,post,15,0.00039740362961981717
ham,fucking,15,0.00039740362961981717
ham,nope,15,0.00039740362961981717
ham,outside,15,0.00039740362961981717
ham,pretty,15,0.00039740362961981717
ham,holiday,15,0.00039740362961981717
ham,sea,15,0.00039740362961981717
ham,fast,15,0.00039740362961981717
ham,eve,15,0.00039740362961981717
ham,û_,15,0.00039740362961981717
ham,lovely,15,0.00039740362961981717
ham,wrong,15,0.00039740362961981717
ham,party,15,0.00039740362961981717
ham,mobile,15,0.00039740362961981717
ham,chennai,15,0.00039740362961981717
ham,hows,15,0.00039740362961981717
ham,sunday,14,0.0003709100543118294
ham,seeing,14,0.0003709100543118294
ham,telling,14,0.0003709100543118294
ham,whole,14,0.0003709100543118294
ham,frnds,14,0.0003709100543118294
ham,used,14,0.0003709100543118294
ham,close,14,0.0003709100543118294
ham,hmm,14,0.0003709100543118294
ham,mu,14,0.0003709100543118294
ham,answer,14,0.0003709100543118294
ham,ni8,14,0.0003709100543118294
ham,finally,14,0.0003709100543118294
ham,course,14,0.0003709100543118294
ham,mrng,14,0.0003709100543118294
ham,txt,14,0.0003709100543118294
ham,chat,14,0.0003709100543118294
ham,important,14,0.0003709100543118294
ham,case,14,0.0003709100543118294
ham,tel,14,0.0003709100543118294
ham,meant,14,0.0003709100543118294
ham,fr,14,0.0003709100543118294
ham,hold,14,0.0003709100543118294
ham,read,14,0.0003709100543118294
ham,jay,14,0.0003709100543118294
ham,project,14,0.0003709100543118294
ham,reason,14,0.0003709100543118294
ham,bout,14,0.0003709100543118294
ham,frm,14,0.0003709100543118294
ham,snow,14,0.0003709100543118294
ham,mate,14,0.0003709100543118294
ham,least,14,0.0003709100543118294
ham,earlier,14,0.0003709100543118294
ham,alone,14,0.0003709100543118294
ham,w,14,0.0003709100543118294
ham,point,13,0.0003444164790038416
ham,almost,13,0.0003444164790038416
ham,cut,13,0.0003444164790038416
ham,hee,13,0.0003444164790038416
ham,xx,13,0.0003444164790038416
ham,mah,13,0.0003444164790038416
ham,felt,13,0.0003444164790038416
ham,tired,13,0.0003444164790038416
ham,hard,13,0.0003444164790038416
ham,hmmm,13,0.0003444164790038416
ham,break,13,0.0003444164790038416
ham,march,13,0.0003444164790038416
ham,side,13,0.0003444164790038416
ham,dnt,13,0.0003444164790038416
ham,blue,13,0.0003444164790038416
ham,stupid,13,0.0003444164790038416
ham,bslvyl,13,0.0003444164790038416
ham,reading,13,0.0003444164790038416
ham,ago,13,0.0003444164790038416
ham,talking,13,0.0003444164790038416
ham,ass,13,0.0003444164790038416
ham,ten,13,0.0003444164790038416
ham,10,13,0.0003444164790038416
ham,card,13,0.0003444164790038416
ham,fri,13,0.0003444164790038416
ham,yar,13,0.0003444164790038416
ham,happiness,13,0.0003444164790038416
ham,mayb,13,0.0003444164790038416
ham,word,13,0.0003444164790038416
ham,understand,13,0.0003444164790038416
ham,na,13,0.0003444164790038416
ham,gas,13,0.0003444164790038416
ham,father,13,0.0003444164790038416
ham,30,13,0.0003444164790038416
ham,per,12,0.00031792290369585377
ham,eh,12,0.00031792290369585377
ham,hungry,12,0.00031792290369585377
ham,messages,12,0.00031792290369585377
ham,gotta,12,0.00031792290369585377
ham,cash,12,0.00031792290369585377
ham,askd,12,0.00031792290369585377
ham,uncle,12,0.00031792290369585377
ham,contact,12,0.00031792290369585377
ham,joy,12,0.00031792290369585377
ham,bank,12,0.00031792290369585377
ham,gr8,12,0.00031792290369585377
ham,minute,12,0.00031792290369585377
ham,xmas,12,0.00031792290369585377
ham,semester,12,0.00031792290369585377
ham,laptop,12,0.00031792290369585377
ham,takes,12,0.00031792290369585377
ham,swing,12,0.00031792290369585377
ham,die,12,0.00031792290369585377
ham,christmas,12,0.00031792290369585377
ham,chance,12,0.00031792290369585377
ham,seen,12,0.00031792290369585377
ham,couple,12,0.00031792290369585377
ham,india,12,0.00031792290369585377
ham,th,12,0.00031792290369585377
ham,mins,12,0.00031792290369585377
ham,supposed,12,0.00031792290369585377
ham,either,12,0.00031792290369585377
ham,park,12,0.00031792290369585377
ham,listen,12,0.00031792290369585377
ham,gym,12,0.00031792290369585377
ham,game,12,0.00031792290369585377
ham,1st,12,0.00031792290369585377
ham,darren,12,0.00031792290369585377
ham,picking,12,0.00031792290369585377
ham,ugh,12,0.00031792290369585377
ham,knew,12,0.00031792290369585377
ham,grins,12,0.00031792290369585377
ham,gal,12,0.00031792290369585377
ham,difficult,12,0.00031792290369585377
ham,john,12,0.00031792290369585377
ham,sexy,12,0.00031792290369585377
ham,usf,11,0.00029142932838786595
ham,date,11,0.00029142932838786595
ham,comin,11,0.00029142932838786595
ham,abiola,11,0.00029142932838786595
ham,crave,11,0.00029142932838786595
ham,gets,11,0.00029142932838786595
ham,move,11,0.00029142932838786595
ham,girls,11,0.00029142932838786595
ham,checking,11,0.00029142932838786595
ham,shower,11,0.00029142932838786595
ham,hit,11,0.00029142932838786595
ham,lovable,11,0.00029142932838786595
ham,wine,11,0.00029142932838786595
ham,safe,11,0.00029142932838786595
ham,muz,11,0.00029142932838786595
ham,mr,11,0.00029142932838786595
ham,bath,11,0.00029142932838786595
ham,orchard,11,0.00029142932838786595
ham,kate,11,0.00029142932838786595
ham,exam,11,0.00029142932838786595
ham,bcoz,11,0.00029142932838786595
ham,wana,11,0.00029142932838786595
ham,rest,11,0.00029142932838786595
ham,lost,11,0.00029142932838786595
ham,plans,11,0.00029142932838786595
ham,small,11,0.00029142932838786595
ham,met,11,0.00029142932838786595
ham,ex,11,0.00029142932838786595
ham,pm,11,0.00029142932838786595
ham,asking,11,0.00029142932838786595
ham,win,11,0.00029142932838786595
ham,monday,11,0.00029142932838786595
ham,confirm,11,0.00029142932838786595
ham,join,11,0.00029142932838786595
ham,blood,11,0.00029142932838786595
ham,clean,11,0.00029142932838786595
ham,paper,11,0.00029142932838786595
ham,wonder,11,0.00029142932838786595
ham,whenever,11,0.00029142932838786595
ham,truth,11,0.00029142932838786595
ham,feels,11,0.00029142932838786595
ham,support,11,0.00029142932838786595
ham,loved,11,0.00029142932838786595
ham,slowly,11,0.00029142932838786595
ham,gn,11,0.00029142932838786595
ham,crazy,10,0.00026493575307987813
ham,nah,10,0.00026493575307987813
ham,callertune,10,0.00026493575307987813
ham,press,10,0.00026493575307987813
ham,worried,10,0.00026493575307987813
ham,2nd,10,0.00026493575307987813
ham,oops,10,0.00026493575307987813
ham,hospital,10,0.00026493575307987813
ham,wow,10,0.00026493575307987813
ham,reached,10,0.00026493575307987813
ham,il,10,0.00026493575307987813
ham,download,10,0.00026493575307987813
ham,loads,10,0.00026493575307987813
ham,gave,10,0.00026493575307987813
ham,sending,10,0.00026493575307987813
ham,cost,10,0.00026493575307987813
ham,pray,10,0.00026493575307987813
ham,spend,10,0.00026493575307987813
ham,frnd,10,0.00026493575307987813
ham,bathe,10,0.00026493575307987813
ham,study,10,0.00026493575307987813
ham,deep,10,0.00026493575307987813
ham,leaves,10,0.00026493575307987813
ham,usual,10,0.00026493575307987813
ham,ge,10,0.00026493575307987813
ham,tonite,10,0.00026493575307987813
ham,somewhere,10,0.00026493575307987813
ham,merry,10,0.00026493575307987813
ham,figure,10,0.00026493575307987813
ham,rakhesh,10,0.00026493575307987813
ham,moment,10,0.00026493575307987813
ham,st,10,0.00026493575307987813
ham,woke,10,0.00026493575307987813
ham,slow,10,0.00026493575307987813
ham,mm,10,0.00026493575307987813
ham,rock,10,0.00026493575307987813
ham,yep,10,0.00026493575307987813
ham,voice,10,0.00026493575307987813
ham,booked,10,0.00026493575307987813
ham,different,10,0.00026493575307987813
ham,water,10,0.00026493575307987813
ham,less,10,0.00026493575307987813
ham,hoping,10,0.00026493575307987813
ham,across,10,0.00026493575307987813
ham,kids,10,0.00026493575307987813
ham,sound,10,0.00026493575307987813
ham,drugs,10,0.00026493575307987813
ham,sell,10,0.00026493575307987813
ham,wishing,10,0.00026493575307987813
ham,charge,10,0.00026493575307987813
ham,poor,10,0.00026493575307987813
ham,sort,10,0.00026493575307987813
ham,otherwise,10,0.00026493575307987813
ham,convey,10,0.00026493575307987813
ham,nobody,10,0.00026493575307987813
ham,write,10,0.00026493575307987813
ham,doin,10,0.00026493575307987813
ham,hw,10,0.00026493575307987813
ham,empty,10,0.00026493575307987813
ham,police,10,0.00026493575307987813
ham,copy,9,0.0002384421777718903
ham,promise,9,0.0002384421777718903
ham,seriously,9,0.0002384421777718903
ham,knows,9,0.0002384421777718903
ham,sick,9,0.0002384421777718903
ham,catch,9,0.0002384421777718903
ham,decide,9,0.0002384421777718903
ham,saturday,9,0.0002384421777718903
ham,situation,9,0.0002384421777718903
ham,forever,9,0.0002384421777718903
ham,short,9,0.0002384421777718903
ham,song,9,0.0002384421777718903
ham,lucky,9,0.0002384421777718903
ham,rain,9,0.0002384421777718903
ham,boss,9,0.0002384421777718903
ham,buying,9,0.0002384421777718903
ham,lazy,9,0.0002384421777718903
ham,lect,9,0.0002384421777718903
ham,staying,9,0.0002384421777718903
ham,doesnt,9,0.0002384421777718903
ham,especially,9,0.0002384421777718903
ham,studying,9,0.0002384421777718903
ham,trust,9,0.0002384421777718903
ham,deal,9,0.0002384421777718903
ham,dead,9,0.0002384421777718903
ham,mrt,9,0.0002384421777718903
ham,ive,9,0.0002384421777718903
ham,lessons,9,0.0002384421777718903
ham,goodnight,9,0.0002384421777718903
ham,disturb,9,0.0002384421777718903
ham,worries,9,0.0002384421777718903
ham,fone,9,0.0002384421777718903
ham,unless,9,0.0002384421777718903
ham,somebody,9,0.0002384421777718903
ham,accept,9,0.0002384421777718903
ham,pete,9,0.0002384421777718903
ham,texts,9,0.0002384421777718903
ham,urself,9,0.0002384421777718903
ham,weed,9,0.0002384421777718903
ham,customer,9,0.0002384421777718903
ham,al,9,0.0002384421777718903
ham,news,9,0.0002384421777718903
ham,none,9,0.0002384421777718903
ham,via,9,0.0002384421777718903
ham,cum,9,0.0002384421777718903
ham,meh,9,0.0002384421777718903
ham,near,9,0.0002384421777718903
ham,rent,9,0.0002384421777718903
ham,silent,9,0.0002384421777718903
ham,em,9,0.0002384421777718903
ham,train,9,0.0002384421777718903
ham,noon,9,0.0002384421777718903
ham,ûò,9,0.0002384421777718903
ham,ho,9,0.0002384421777718903
ham,laugh,9,0.0002384421777718903
ham,xy,9,0.0002384421777718903
ham,seems,9,0.0002384421777718903
ham,msgs,9,0.0002384421777718903
ham,glad,9,0.0002384421777718903
ham,eyes,9,0.0002384421777718903
ham,possible,9,0.0002384421777718903
ham,tampa,9,0.0002384421777718903
ham,heard,9,0.0002384421777718903
ham,hiya,9,0.0002384421777718903
ham,visit,9,0.0002384421777718903
ham,doctor,9,0.0002384421777718903
ham,mon,9,0.0002384421777718903
ham,mode,9,0.0002384421777718903
ham,wondering,9,0.0002384421777718903
ham,others,9,0.0002384421777718903
ham,bb,9,0.0002384421777718903
ham,tht,9,0.0002384421777718903
ham,reaching,9,0.0002384421777718903
ham,moral,9,0.0002384421777718903
ham,fact,9,0.0002384421777718903
ham,congrats,9,0.0002384421777718903
ham,excellent,9,0.0002384421777718903
ham,red,9,0.0002384421777718903
ham,thinkin,9,0.0002384421777718903
ham,sitting,9,0.0002384421777718903
ham,colleagues,9,0.0002384421777718903
ham,sofa,9,0.0002384421777718903
ham,anymore,8,0.0002119486024639025
ham,mark,8,0.0002119486024639025
ham,pizza,8,0.0002119486024639025
ham,cheers,8,0.0002119486024639025
ham,quick,8,0.0002119486024639025
ham,nigeria,8,0.0002119486024639025
ham,stand,8,0.0002119486024639025
ham,spent,8,0.0002119486024639025
ham,trouble,8,0.0002119486024639025
ham,hurts,8,0.0002119486024639025
ham,loves,8,0.0002119486024639025
ham,planning,8,0.0002119486024639025
ham,price,8,0.0002119486024639025
ham,umma,8,0.0002119486024639025
ham,wishes,8,0.0002119486024639025
ham,weight,8,0.0002119486024639025
ham,invited,8,0.0002119486024639025
ham,apartment,8,0.0002119486024639025
ham,bak,8,0.0002119486024639025
ham,sometimes,8,0.0002119486024639025
ham,dream,8,0.0002119486024639025
ham,completely,8,0.0002119486024639025
ham,net,8,0.0002119486024639025
ham,slept,8,0.0002119486024639025
ham,road,8,0.0002119486024639025
ham,correct,8,0.0002119486024639025
ham,lemme,8,0.0002119486024639025
ham,rose,8,0.0002119486024639025
ham,coffee,8,0.0002119486024639025
ham,normal,8,0.0002119486024639025
ham,power,8,0.0002119486024639025
ham,cake,8,0.0002119486024639025
ham,fault,8,0.0002119486024639025
ham,brings,8,0.0002119486024639025
ham,facebook,8,0.0002119486024639025
ham,fullonsms,8,0.0002119486024639025
ham,aha,8,0.0002119486024639025
ham,funny,8,0.0002119486024639025
ham,din,8,0.0002119486024639025
ham,kinda,8,0.0002119486024639025
ham,thru,8,0.0002119486024639025
ham,style,8,0.0002119486024639025
ham,line,8,0.0002119486024639025
ham,opinion,8,0.0002119486024639025
ham,realy,8,0.0002119486024639025
ham,fingers,8,0.0002119486024639025
ham,warm,8,0.0002119486024639025
ham,workin,8,0.0002119486024639025
ham,daddy,8,0.0002119486024639025
ham,ends,8,0.0002119486024639025
ham,ar,8,0.0002119486024639025
ham,valentine,8,0.0002119486024639025
ham,alex,8,0.0002119486024639025
ham,longer,8,0.0002119486024639025
ham,tuesday,8,0.0002119486024639025
ham,idea,8,0.0002119486024639025
ham,add,8,0.0002119486024639025
ham,library,8,0.0002119486024639025
ham,slave,8,0.0002119486024639025
ham,omg,8,0.0002119486024639025
ham,b4,8,0.0002119486024639025
ham,gettin,8,0.0002119486024639025
ham,training,8,0.0002119486024639025
ham,iam,8,0.0002119486024639025
ham,mo,8,0.0002119486024639025
ham,medical,8,0.0002119486024639025
ham,nyt,8,0.0002119486024639025
ham,movies,8,0.0002119486024639025
ham,film,8,0.0002119486024639025
ham,p,8,0.0002119486024639025
ham,honey,8,0.0002119486024639025
ham,vl,8,0.0002119486024639025
ham,frens,8,0.0002119486024639025
ham,cover,8,0.0002119486024639025
ham,south,8,0.0002119486024639025
ham,ice,8,0.0002119486024639025
ham,wednesday,8,0.0002119486024639025
ham,mood,8,0.0002119486024639025
ham,bugis,7,0.0001854550271559147
ham,la,7,0.0001854550271559147
ham,cine,7,0.0001854550271559147
ham,request,7,0.0001854550271559147
ham,naughty,7,0.0001854550271559147
ham,months,7,0.0001854550271559147
ham,sucks,7,0.0001854550271559147
ham,tea,7,0.0001854550271559147
ham,eating,7,0.0001854550271559147
ham,ahead,7,0.0001854550271559147
ham,liked,7,0.0001854550271559147
ham,joke,7,0.0001854550271559147
ham,wun,7,0.0001854550271559147
ham,save,7,0.0001854550271559147
ham,tickets,7,0.0001854550271559147
ham,pleasure,7,0.0001854550271559147
ham,wk,7,0.0001854550271559147
ham,men,7,0.0001854550271559147
ham,cuz,7,0.0001854550271559147
ham,computer,7,0.0001854550271559147
ham,eatin,7,0.0001854550271559147
ham,paying,7,0.0001854550271559147
ham,bother,7,0.0001854550271559147
ham,yijue,7,0.0001854550271559147
ham,swt,7,0.0001854550271559147
ham,persons,7,0.0001854550271559147
ham,waste,7,0.0001854550271559147
ham,hop,7,0.0001854550271559147
ham,hell,7,0.0001854550271559147
ham,log,7,0.0001854550271559147
ham,experience,7,0.0001854550271559147
ham,offer,7,0.0001854550271559147
ham,towards,7,0.0001854550271559147
ham,using,7,0.0001854550271559147
ham,however,7,0.0001854550271559147
ham,bucks,7,0.0001854550271559147
ham,bill,7,0.0001854550271559147
ham,past,7,0.0001854550271559147
ham,appreciate,7,0.0001854550271559147
ham,street,7,0.0001854550271559147
ham,battery,7,0.0001854550271559147
ham,kallis,7,0.0001854550271559147
ham,showing,7,0.0001854550271559147
ham,lover,7,0.0001854550271559147
ham,sense,7,0.0001854550271559147
ham,imagine,7,0.0001854550271559147
ham,advance,7,0.0001854550271559147
ham,kb,7,0.0001854550271559147
ham,yoga,7,0.0001854550271559147
ham,interested,7,0.0001854550271559147
ham,round,7,0.0001854550271559147
ham,insurance,7,0.0001854550271559147
ham,cold,7,0.0001854550271559147
ham,forward,7,0.0001854550271559147
ham,happening,7,0.0001854550271559147
ham,mistake,7,0.0001854550271559147
ham,giving,7,0.0001854550271559147
ham,lift,7,0.0001854550271559147
ham,urgent,7,0.0001854550271559147
ham,tough,7,0.0001854550271559147
ham,remove,7,0.0001854550271559147
ham,8th,7,0.0001854550271559147
ham,depends,7,0.0001854550271559147
ham,some1,7,0.0001854550271559147
ham,single,7,0.0001854550271559147
ham,malaria,7,0.0001854550271559147
ham,fat,7,0.0001854550271559147
ham,rather,7,0.0001854550271559147
ham,pass,7,0.0001854550271559147
ham,omw,7,0.0001854550271559147
ham,pics,7,0.0001854550271559147
ham,gee,7,0.0001854550271559147
ham,door,7,0.0001854550271559147
ham,marriage,7,0.0001854550271559147
ham,izzit,7,0.0001854550271559147
ham,choose,7,0.0001854550271559147
ham,present,7,0.0001854550271559147
ham,imma,7,0.0001854550271559147
ham,valentines,7,0.0001854550271559147
ham,shuhui,7,0.0001854550271559147
ham,weather,7,0.0001854550271559147
ham,awake,7,0.0001854550271559147
ham,torch,7,0.0001854550271559147
ham,bold,7,0.0001854550271559147
ham,looks,7,0.0001854550271559147
ham,sit,7,0.0001854550271559147
ham,dey,7,0.0001854550271559147
ham,order,7,0.0001854550271559147
ham,holla,7,0.0001854550271559147
ham,yest,7,0.0001854550271559147
ham,gift,7,0.0001854550271559147
ham,bag,7,0.0001854550271559147
ham,ones,7,0.0001854550271559147
ham,model,7,0.0001854550271559147
ham,mother,7,0.0001854550271559147
ham,hai,7,0.0001854550271559147
ham,heavy,7,0.0001854550271559147
ham,nxt,7,0.0001854550271559147
ham,miracle,7,0.0001854550271559147
ham,black,7,0.0001854550271559147
ham,hot,7,0.0001854550271559147
ham,tuition,7,0.0001854550271559147
ham,complete,7,0.0001854550271559147
ham,cell,7,0.0001854550271559147
ham,dog,7,0.0001854550271559147
ham,alrite,7,0.0001854550271559147
ham,shd,7,0.0001854550271559147
ham,luck,7,0.0001854550271559147
ham,walking,7,0.0001854550271559147
ham,meaning,7,0.0001854550271559147
ham,players,7,0.0001854550271559147
ham,share,7,0.0001854550271559147
ham,lmao,7,0.0001854550271559147
ham,instead,7,0.0001854550271559147
ham,buzz,7,0.0001854550271559147
ham,inside,7,0.0001854550271559147
ham,sight,7,0.0001854550271559147
ham,bedroom,7,0.0001854550271559147
ham,holding,7,0.0001854550271559147
ham,list,7,0.0001854550271559147
ham,thnk,7,0.0001854550271559147
ham,excuse,7,0.0001854550271559147
ham,energy,7,0.0001854550271559147
ham,including,7,0.0001854550271559147
ham,vikky,7,0.0001854550271559147
ham,surprise,7,0.0001854550271559147
ham,tear,7,0.0001854550271559147
ham,worse,7,0.0001854550271559147
ham,cute,7,0.0001854550271559147
ham,murdered,7,0.0001854550271559147
ham,maid,7,0.0001854550271559147
ham,murderer,7,0.0001854550271559147
ham,happens,7,0.0001854550271559147
ham,behind,7,0.0001854550271559147
ham,planned,7,0.0001854550271559147
ham,joking,6,0.00015896145184792688
ham,melle,6,0.00015896145184792688
ham,tyler,6,0.00015896145184792688
ham,usually,6,0.00015896145184792688
ham,fyi,6,0.00015896145184792688
ham,double,6,0.00015896145184792688
ham,rply,6,0.00015896145184792688
ham,ta,6,0.00015896145184792688
ham,kano,6,0.00015896145184792688
ham,changed,6,0.00015896145184792688
ham,page,6,0.00015896145184792688
ham,directly,6,0.00015896145184792688
ham,12,6,0.00015896145184792688
ham,qatar,6,0.00015896145184792688
ham,turns,6,0.00015896145184792688
ham,spoke,6,0.00015896145184792688
ham,bye,6,0.00015896145184792688
ham,joined,6,0.00015896145184792688
ham,system,6,0.00015896145184792688
ham,cal,6,0.00015896145184792688
ham,childish,6,0.00015896145184792688
ham,dint,6,0.00015896145184792688
ham,ended,6,0.00015896145184792688
ham,sunny,6,0.00015896145184792688
ham,anybody,6,0.00015896145184792688
ham,sign,6,0.00015896145184792688
ham,track,6,0.00015896145184792688
ham,return,6,0.00015896145184792688
ham,report,6,0.00015896145184792688
ham,wiv,6,0.00015896145184792688
ham,num,6,0.00015896145184792688
ham,ish,6,0.00015896145184792688
ham,posted,6,0.00015896145184792688
ham,air,6,0.00015896145184792688
ham,relax,6,0.00015896145184792688
ham,pilates,6,0.00015896145184792688
ham,putting,6,0.00015896145184792688
ham,aathi,6,0.00015896145184792688
ham,wnt,6,0.00015896145184792688
ham,vry,6,0.00015896145184792688
ham,lacs,6,0.00015896145184792688
ham,ticket,6,0.00015896145184792688
ham,askin,6,0.00015896145184792688
ham,group,6,0.00015896145184792688
ham,ttyl,6,0.00015896145184792688
ham,isnt,6,0.00015896145184792688
ham,fb,6,0.00015896145184792688
ham,fixed,6,0.00015896145184792688
ham,character,6,0.00015896145184792688
ham,tat,6,0.00015896145184792688
ham,children,6,0.00015896145184792688
ham,campus,6,0.00015896145184792688
ham,lady,6,0.00015896145184792688
ham,l8r,6,0.00015896145184792688
ham,self,6,0.00015896145184792688
ham,hurry,6,0.00015896145184792688
ham,cheap,6,0.00015896145184792688
ham,aiyo,6,0.00015896145184792688
ham,barely,6,0.00015896145184792688
ham,scream,6,0.00015896145184792688
ham,indian,6,0.00015896145184792688
ham,paid,6,0.00015896145184792688
ham,earth,6,0.00015896145184792688
ham,evng,6,0.00015896145184792688
ham,fetch,6,0.00015896145184792688
ham,ans,6,0.00015896145184792688
ham,law,6,0.00015896145184792688
ham,gap,6,0.00015896145184792688
ham,wer,6,0.00015896145184792688
ham,aftr,6,0.00015896145184792688
ham,students,6,0.00015896145184792688
ham,menu,6,0.00015896145184792688
ham,running,6,0.00015896145184792688
ham,exactly,6,0.00015896145184792688
ham,yay,6,0.00015896145184792688
ham,top,6,0.00015896145184792688
ham,closed,6,0.00015896145184792688
ham,damn,6,0.00015896145184792688
ham,wats,6,0.00015896145184792688
ham,within,6,0.00015896145184792688
ham,boo,6,0.00015896145184792688
ham,teasing,6,0.00015896145184792688
ham,surely,6,0.00015896145184792688
ham,matter,6,0.00015896145184792688
ham,version,6,0.00015896145184792688
ham,midnight,6,0.00015896145184792688
ham,sup,6,0.00015896145184792688
ham,murder,6,0.00015896145184792688
ham,teach,6,0.00015896145184792688
ham,ate,6,0.00015896145184792688
ham,wherever,6,0.00015896145184792688
ham,expensive,6,0.00015896145184792688
ham,kerala,6,0.00015896145184792688
ham,j,6,0.00015896145184792688
ham,loverboy,6,0.00015896145184792688
ham,questions,6,0.00015896145184792688
ham,serious,6,0.00015896145184792688
ham,april,6,0.00015896145184792688
ham,process,6,0.00015896145184792688
ham,works,6,0.00015896145184792688
ham,regards,6,0.00015896145184792688
ham,aiyah,6,0.00015896145184792688
ham,weeks,6,0.00015896145184792688
ham,howz,6,0.00015896145184792688
ham,raining,6,0.00015896145184792688
ham,station,6,0.00015896145184792688
ham,2nite,6,0.00015896145184792688
ham,thts,6,0.00015896145184792688
ham,marry,6,0.00015896145184792688
ham,problems,6,0.00015896145184792688
ham,yahoo,6,0.00015896145184792688
ham,cafe,6,0.00015896145184792688
ham,4th,6,0.00015896145184792688
ham,nature,6,0.00015896145184792688
ham,keeping,6,0.00015896145184792688
ham,except,6,0.00015896145184792688
ham,internet,6,0.00015896145184792688
ham,screaming,6,0.00015896145184792688
ham,naked,6,0.00015896145184792688
ham,theatre,6,0.00015896145184792688
ham,ahmad,6,0.00015896145184792688
ham,armand,6,0.00015896145184792688
ham,nimya,6,0.00015896145184792688
ham,role,6,0.00015896145184792688
ham,checked,6,0.00015896145184792688
ham,pussy,6,0.00015896145184792688
ham,budget,6,0.00015896145184792688
ham,random,6,0.00015896145184792688
ham,er,6,0.00015896145184792688
ham,plenty,6,0.00015896145184792688
ham,hr,6,0.00015896145184792688
ham,cancer,6,0.00015896145184792688
ham,feb,6,0.00015896145184792688
ham,january,6,0.00015896145184792688
ham,tick,6,0.00015896145184792688
ham,meds,6,0.00015896145184792688
ham,etc,6,0.00015896145184792688
ham,callers,5,0.00013246787653993907
ham,searching,5,0.00013246787653993907
ham,thatåõs,5,0.00013246787653993907
ham,stock,5,0.00013246787653993907
ham,egg,5,0.00013246787653993907
ham,learn,5,0.00013246787653993907
ham,roommate,5,0.00013246787653993907
ham,texting,5,0.00013246787653993907
ham,hopefully,5,0.00013246787653993907
ham,weak,5,0.00013246787653993907
ham,ride,5,0.00013246787653993907
ham,plane,5,0.00013246787653993907
ham,respect,5,0.00013246787653993907
ham,urgnt,5,0.00013246787653993907
ham,530,5,0.00013246787653993907
ham,ave,5,0.00013246787653993907
ham,boston,5,0.00013246787653993907
ham,scared,5,0.00013246787653993907
ham,tt,5,0.00013246787653993907
ham,entered,5,0.00013246787653993907
ham,cabin,5,0.00013246787653993907
ham,shirt,5,0.00013246787653993907
ham,shows,5,0.00013246787653993907
ham,become,5,0.00013246787653993907
ham,fancy,5,0.00013246787653993907
ham,discuss,5,0.00013246787653993907
ham,transaction,5,0.00013246787653993907
ham,11,5,0.00013246787653993907
ham,cannot,5,0.00013246787653993907
ham,match,5,0.00013246787653993907
ham,draw,5,0.00013246787653993907
ham,nights,5,0.00013246787653993907
ham,sen,5,0.00013246787653993907
ham,atm,5,0.00013246787653993907
ham,died,5,0.00013246787653993907
ham,argument,5,0.00013246787653993907
ham,kick,5,0.00013246787653993907
ham,website,5,0.00013246787653993907
ham,fix,5,0.00013246787653993907
ham,rays,5,0.00013246787653993907
ham,bf,5,0.00013246787653993907
ham,update,5,0.00013246787653993907
ham,cry,5,0.00013246787653993907
ham,definitely,5,0.00013246787653993907
ham,2day,5,0.00013246787653993907
ham,pongal,5,0.00013246787653993907
ham,immediately,5,0.00013246787653993907
ham,surfing,5,0.00013246787653993907
ham,basically,5,0.00013246787653993907
ham,allah,5,0.00013246787653993907
ham,geeee,5,0.00013246787653993907
ham,willing,5,0.00013246787653993907
ham,sighs,5,0.00013246787653993907
ham,body,5,0.00013246787653993907
ham,guide,5,0.00013246787653993907
ham,intro,5,0.00013246787653993907
ham,pictures,5,0.00013246787653993907
ham,starts,5,0.00013246787653993907
ham,yan,5,0.00013246787653993907
ham,jiu,5,0.00013246787653993907
ham,hostel,5,0.00013246787653993907
ham,receive,5,0.00013246787653993907
ham,hv,5,0.00013246787653993907
ham,amt,5,0.00013246787653993907
ham,dollars,5,0.00013246787653993907
ham,acc,5,0.00013246787653993907
ham,donåõt,5,0.00013246787653993907
ham,20,5,0.00013246787653993907
ham,gives,5,0.00013246787653993907
ham,flat,5,0.00013246787653993907
ham,sec,5,0.00013246787653993907
ham,quality,5,0.00013246787653993907
ham,credit,5,0.00013246787653993907
ham,replied,5,0.00013246787653993907
ham,fighting,5,0.00013246787653993907
ham,spl,5,0.00013246787653993907
ham,stylish,5,0.00013246787653993907
ham,prabha,5,0.00013246787653993907
ham,jst,5,0.00013246787653993907
ham,returns,5,0.00013246787653993907
ham,married,5,0.00013246787653993907
ham,hotel,5,0.00013246787653993907
ham,english,5,0.00013246787653993907
ham,btw,5,0.00013246787653993907
ham,2mrw,5,0.00013246787653993907
ham,smiles,5,0.00013246787653993907
ham,jazz,5,0.00013246787653993907
ham,yogasana,5,0.00013246787653993907
ham,stopped,5,0.00013246787653993907
ham,somethin,5,0.00013246787653993907
ham,forwarded,5,0.00013246787653993907
ham,thursday,5,0.00013246787653993907
ham,cartoon,5,0.00013246787653993907
ham,gentle,5,0.00013246787653993907
ham,starting,5,0.00013246787653993907
ham,drug,5,0.00013246787653993907
ham,belly,5,0.00013246787653993907
ham,box,5,0.00013246787653993907
ham,timing,5,0.00013246787653993907
ham,mad,5,0.00013246787653993907
ham,twice,5,0.00013246787653993907
ham,opportunity,5,0.00013246787653993907
ham,gals,5,0.00013246787653993907
ham,tis,5,0.00013246787653993907
ham,space,5,0.00013246787653993907
ham,green,5,0.00013246787653993907
ham,sura,5,0.00013246787653993907
ham,playing,5,0.00013246787653993907
ham,lead,5,0.00013246787653993907
ham,unsold,5,0.00013246787653993907
ham,derek,5,0.00013246787653993907
ham,white,5,0.00013246787653993907
ham,ym,5,0.00013246787653993907
ham,pissed,5,0.00013246787653993907
ham,wear,5,0.00013246787653993907
ham,places,5,0.00013246787653993907
ham,recently,5,0.00013246787653993907
ham,photos,5,0.00013246787653993907
ham,site,5,0.00013246787653993907
ham,ad,5,0.00013246787653993907
ham,boring,5,0.00013246787653993907
ham,salary,5,0.00013246787653993907
ham,dropped,5,0.00013246787653993907
ham,yun,5,0.00013246787653993907
ham,jesus,5,0.00013246787653993907
ham,asleep,5,0.00013246787653993907
ham,gm,5,0.00013246787653993907
ham,3rd,5,0.00013246787653993907
ham,yrs,5,0.00013246787653993907
ham,pic,5,0.00013246787653993907
ham,interesting,5,0.00013246787653993907
ham,uni,5,0.00013246787653993907
ham,italian,5,0.00013246787653993907
ham,horrible,5,0.00013246787653993907
ham,nw,5,0.00013246787653993907
ham,moan,5,0.00013246787653993907
ham,chinese,5,0.00013246787653993907
ham,hun,5,0.00013246787653993907
ham,cbe,5,0.00013246787653993907
ham,secret,5,0.00013246787653993907
ham,broke,5,0.00013246787653993907
ham,area,5,0.00013246787653993907
ham,extra,5,0.00013246787653993907
ham,4u,5,0.00013246787653993907
ham,pple,5,0.00013246787653993907
ham,arrested,5,0.00013246787653993907
ham,moon,5,0.00013246787653993907
ham,rem,5,0.00013246787653993907
ham,exams,5,0.00013246787653993907
ham,everybody,5,0.00013246787653993907
ham,wed,5,0.00013246787653993907
ham,fall,5,0.00013246787653993907
ham,google,5,0.00013246787653993907
ham,vomit,5,0.00013246787653993907
ham,aint,5,0.00013246787653993907
ham,centre,5,0.00013246787653993907
ham,collect,5,0.00013246787653993907
ham,waking,5,0.00013246787653993907
ham,ran,5,0.00013246787653993907
ham,rd,5,0.00013246787653993907
ham,fren,5,0.00013246787653993907
ham,hook,5,0.00013246787653993907
ham,social,5,0.00013246787653993907
ham,buns,5,0.00013246787653993907
ham,created,5,0.00013246787653993907
ham,lookin,5,0.00013246787653993907
ham,beer,5,0.00013246787653993907
ham,hate,5,0.00013246787653993907
ham,sim,5,0.00013246787653993907
ham,mid,5,0.00013246787653993907
ham,tried,5,0.00013246787653993907
ham,nvm,5,0.00013246787653993907
ham,moms,5,0.00013246787653993907
ham,obviously,5,0.00013246787653993907
ham,boost,5,0.00013246787653993907
ham,loan,5,0.00013246787653993907
ham,looked,5,0.00013246787653993907
ham,expecting,5,0.00013246787653993907
ham,sed,5,0.00013246787653993907
ham,minuts,5,0.00013246787653993907
ham,latr,5,0.00013246787653993907
ham,remind,5,0.00013246787653993907
ham,age,5,0.00013246787653993907
ham,whether,5,0.00013246787653993907
ham,brilliant,5,0.00013246787653993907
ham,ru,5,0.00013246787653993907
ham,cars,5,0.00013246787653993907
ham,deliver,5,0.00013246787653993907
ham,amount,5,0.00013246787653993907
ham,advice,5,0.00013246787653993907
ham,hrs,5,0.00013246787653993907
ham,pin,5,0.00013246787653993907
ham,cinema,5,0.00013246787653993907
ham,tm,5,0.00013246787653993907
ham,asap,5,0.00013246787653993907
ham,relation,5,0.00013246787653993907
ham,lik,5,0.00013246787653993907
ham,asks,5,0.00013246787653993907
ham,common,5,0.00013246787653993907
ham,oni,4,0.00010597430123195125
ham,lives,4,0.00010597430123195125
ham,oru,4,0.00010597430123195125
ham,sooner,4,0.00010597430123195125
ham,letter,4,0.00010597430123195125
ham,inches,4,0.00010597430123195125
ham,kept,4,0.00010597430123195125
ham,embarassed,4,0.00010597430123195125
ham,seemed,4,0.00010597430123195125
ham,url,4,0.00010597430123195125
ham,series,4,0.00010597430123195125
ham,iq,4,0.00010597430123195125
ham,wah,4,0.00010597430123195125
ham,machan,4,0.00010597430123195125
ham,network,4,0.00010597430123195125
ham,coins,4,0.00010597430123195125
ham,becoz,4,0.00010597430123195125
ham,appointment,4,0.00010597430123195125
ham,ham,4,0.00010597430123195125
ham,legal,4,0.00010597430123195125
ham,nyc,4,0.00010597430123195125
ham,considering,4,0.00010597430123195125
ham,jokes,4,0.00010597430123195125
ham,research,4,0.00010597430123195125
ham,needed,4,0.00010597430123195125
ham,informed,4,0.00010597430123195125
ham,yetunde,4,0.00010597430123195125
ham,rooms,4,0.00010597430123195125
ham,befor,4,0.00010597430123195125
ham,activities,4,0.00010597430123195125
ham,begin,4,0.00010597430123195125
ham,deleted,4,0.00010597430123195125
ham,interview,4,0.00010597430123195125
ham,points,4,0.00010597430123195125
ham,escape,4,0.00010597430123195125
ham,bloody,4,0.00010597430123195125
ham,worth,4,0.00010597430123195125
ham,anyways,4,0.00010597430123195125
ham,mummy,4,0.00010597430123195125
ham,personal,4,0.00010597430123195125
ham,settled,4,0.00010597430123195125
ham,balance,4,0.00010597430123195125
ham,straight,4,0.00010597430123195125
ham,connection,4,0.00010597430123195125
ham,shoot,4,0.00010597430123195125
ham,selected,4,0.00010597430123195125
ham,files,4,0.00010597430123195125
ham,romantic,4,0.00010597430123195125
ham,teaches,4,0.00010597430123195125
ham,closer,4,0.00010597430123195125
ham,theory,4,0.00010597430123195125
ham,wins,4,0.00010597430123195125
ham,argue,4,0.00010597430123195125
ham,bcums,4,0.00010597430123195125
ham,affection,4,0.00010597430123195125
ham,kettoda,4,0.00010597430123195125
ham,manda,4,0.00010597430123195125
ham,expect,4,0.00010597430123195125
ham,mmm,4,0.00010597430123195125
ham,bay,4,0.00010597430123195125
ham,passed,4,0.00010597430123195125
ham,throw,4,0.00010597430123195125
ham,accidentally,4,0.00010597430123195125
ham,high,4,0.00010597430123195125
ham,def,4,0.00010597430123195125
ham,hanging,4,0.00010597430123195125
ham,belovd,4,0.00010597430123195125
ham,enemy,4,0.00010597430123195125
ham,kisses,4,0.00010597430123195125
ham,cud,4,0.00010597430123195125
ham,ppl,4,0.00010597430123195125
ham,waitin,4,0.00010597430123195125
ham,todays,4,0.00010597430123195125
ham,tc,4,0.00010597430123195125
ham,practice,4,0.00010597430123195125
ham,wtf,4,0.00010597430123195125
ham,sometime,4,0.00010597430123195125
ham,cream,4,0.00010597430123195125
ham,esplanade,4,0.00010597430123195125
ham,fifteen,4,0.00010597430123195125
ham,respond,4,0.00010597430123195125
ham,journey,4,0.00010597430123195125
ham,50,4,0.00010597430123195125
ham,arrange,4,0.00010597430123195125
ham,gorgeous,4,0.00010597430123195125
ham,si,4,0.00010597430123195125
ham,ure,4,0.00010597430123195125
ham,intelligent,4,0.00010597430123195125
ham,woman,4,0.00010597430123195125
ham,result,4,0.00010597430123195125
ham,reasons,4,0.00010597430123195125
ham,dry,4,0.00010597430123195125
ham,jada,4,0.00010597430123195125
ham,kusruthi,4,0.00010597430123195125
ham,matured,4,0.00010597430123195125
ham,bday,4,0.00010597430123195125
ham,mas,4,0.00010597430123195125
ham,passionate,4,0.00010597430123195125
ham,quote,4,0.00010597430123195125
ham,losing,4,0.00010597430123195125
ham,confidence,4,0.00010597430123195125
ham,three,4,0.00010597430123195125
ham,milk,4,0.00010597430123195125
ham,essential,4,0.00010597430123195125
ham,lab,4,0.00010597430123195125
ham,quit,4,0.00010597430123195125
ham,grand,4,0.00010597430123195125
ham,pie,4,0.00010597430123195125
ham,answers,4,0.00010597430123195125
ham,colour,4,0.00010597430123195125
ham,often,4,0.00010597430123195125
ham,future,4,0.00010597430123195125
ham,uncles,4,0.00010597430123195125
ham,leona,4,0.00010597430123195125
ham,bud,4,0.00010597430123195125
ham,taken,4,0.00010597430123195125
ham,listening,4,0.00010597430123195125
ham,temple,4,0.00010597430123195125
ham,church,4,0.00010597430123195125
ham,bet,4,0.00010597430123195125
ham,hella,4,0.00010597430123195125
ham,envelope,4,0.00010597430123195125
ham,prepare,4,0.00010597430123195125
ham,explain,4,0.00010597430123195125
ham,king,4,0.00010597430123195125
ham,weird,4,0.00010597430123195125
ham,drivin,4,0.00010597430123195125
ham,height,4,0.00010597430123195125
ham,upset,4,0.00010597430123195125
ham,assume,4,0.00010597430123195125
ham,anytime,4,0.00010597430123195125
ham,spoken,4,0.00010597430123195125
ham,meetin,4,0.00010597430123195125
ham,apparently,4,0.00010597430123195125
ham,smokes,4,0.00010597430123195125
ham,dictionary,4,0.00010597430123195125
ham,appt,4,0.00010597430123195125
ham,3d,4,0.00010597430123195125
ham,hunny,4,0.00010597430123195125
ham,ache,4,0.00010597430123195125
ham,ages,4,0.00010597430123195125
ham,meanwhile,4,0.00010597430123195125
ham,spk,4,0.00010597430123195125
ham,saved,4,0.00010597430123195125
ham,due,4,0.00010597430123195125
ham,pig,4,0.00010597430123195125
ham,addicted,4,0.00010597430123195125
ham,photo,4,0.00010597430123195125
ham,registered,4,0.00010597430123195125
ham,attend,4,0.00010597430123195125
ham,diet,4,0.00010597430123195125
ham,fever,4,0.00010597430123195125
ham,gravity,4,0.00010597430123195125
ham,carefully,4,0.00010597430123195125
ham,bowl,4,0.00010597430123195125
ham,decision,4,0.00010597430123195125
ham,ì,4,0.00010597430123195125
ham,sore,4,0.00010597430123195125
ham,regret,4,0.00010597430123195125
ham,throat,4,0.00010597430123195125
ham,lecture,4,0.00010597430123195125
ham,raise,4,0.00010597430123195125
ham,fool,4,0.00010597430123195125
ham,technical,4,0.00010597430123195125
ham,bitch,4,0.00010597430123195125
ham,bathing,4,0.00010597430123195125
ham,thinks,4,0.00010597430123195125
ham,vijay,4,0.00010597430123195125
ham,dem,4,0.00010597430123195125
ham,fight,4,0.00010597430123195125
ham,clock,4,0.00010597430123195125
ham,hands,4,0.00010597430123195125
ham,aiyar,4,0.00010597430123195125
ham,wearing,4,0.00010597430123195125
ham,shame,4,0.00010597430123195125
ham,reference,4,0.00010597430123195125
ham,understanding,4,0.00010597430123195125
ham,strong,4,0.00010597430123195125
ham,arms,4,0.00010597430123195125
ham,mite,4,0.00010597430123195125
ham,easier,4,0.00010597430123195125
ham,songs,4,0.00010597430123195125
ham,service,4,0.00010597430123195125
ham,picked,4,0.00010597430123195125
ham,exact,4,0.00010597430123195125
ham,favour,4,0.00010597430123195125
ham,february,4,0.00010597430123195125
ham,rush,4,0.00010597430123195125
ham,6hrs,4,0.00010597430123195125
ham,blackberry,4,0.00010597430123195125
ham,moji,4,0.00010597430123195125
ham,welcome,4,0.00010597430123195125
ham,fill,4,0.00010597430123195125
ham,gently,4,0.00010597430123195125
ham,4get,4,0.00010597430123195125
ham,urn,4,0.00010597430123195125
ham,vote,4,0.00010597430123195125
ham,totally,4,0.00010597430123195125
ham,aiya,4,0.00010597430123195125
ham,bright,4,0.00010597430123195125
ham,flower,4,0.00010597430123195125
ham,birds,4,0.00010597430123195125
ham,wonders,4,0.00010597430123195125
ham,7th,4,0.00010597430123195125
ham,6th,4,0.00010597430123195125
ham,5th,4,0.00010597430123195125
ham,personality,4,0.00010597430123195125
ham,purity,4,0.00010597430123195125
ham,sha,4,0.00010597430123195125
ham,file,4,0.00010597430123195125
ham,ron,4,0.00010597430123195125
ham,airport,4,0.00010597430123195125
ham,yuo,4,0.00010597430123195125
ham,tihs,4,0.00010597430123195125
ham,bishan,4,0.00010597430123195125
ham,preferably,4,0.00010597430123195125
ham,sale,4,0.00010597430123195125
ham,pack,4,0.00010597430123195125
ham,idk,4,0.00010597430123195125
ham,living,4,0.00010597430123195125
ham,laughing,4,0.00010597430123195125
ham,surprised,4,0.00010597430123195125
ham,comedy,4,0.00010597430123195125
ham,å,4,0.00010597430123195125
ham,remain,4,0.00010597430123195125
ham,queen,4,0.00010597430123195125
ham,bin,4,0.00010597430123195125
ham,iåõm,4,0.00010597430123195125
ham,selling,4,0.00010597430123195125
ham,atlanta,4,0.00010597430123195125
ham,fills,4,0.00010597430123195125
ham,gaps,4,0.00010597430123195125
ham,takin,4,0.00010597430123195125
ham,answering,4,0.00010597430123195125
ham,jess,4,0.00010597430123195125
ham,skype,4,0.00010597430123195125
ham,masters,4,0.00010597430123195125
ham,season,4,0.00010597430123195125
ham,unlimited,4,0.00010597430123195125
ham,cook,4,0.00010597430123195125
ham,cleaning,4,0.00010597430123195125
ham,cat,4,0.00010597430123195125
ham,hip,4,0.00010597430123195125
ham,infernal,4,0.00010597430123195125
ham,orange,4,0.00010597430123195125
ham,feet,4,0.00010597430123195125
ham,password,4,0.00010597430123195125
ham,kidz,4,0.00010597430123195125
ham,pages,4,0.00010597430123195125
ham,frndship,4,0.00010597430123195125
ham,pix,4,0.00010597430123195125
ham,notice,4,0.00010597430123195125
ham,freak,4,0.00010597430123195125
ham,letters,4,0.00010597430123195125
ham,added,4,0.00010597430123195125
ham,happend,4,0.00010597430123195125
ham,sugar,4,0.00010597430123195125
ham,thangam,4,0.00010597430123195125
ham,roger,4,0.00010597430123195125
ham,solve,4,0.00010597430123195125
ham,cooking,4,0.00010597430123195125
ham,link,4,0.00010597430123195125
ham,spending,4,0.00010597430123195125
ham,_,4,0.00010597430123195125
ham,ignore,4,0.00010597430123195125
ham,public,4,0.00010597430123195125
ham,govt,4,0.00010597430123195125
ham,instituitions,4,0.00010597430123195125
ham,dare,4,0.00010597430123195125
ham,numbers,4,0.00010597430123195125
ham,teeth,4,0.00010597430123195125
ham,iz,4,0.00010597430123195125
ham,handle,4,0.00010597430123195125
ham,note,4,0.00010597430123195125
ham,bought,4,0.00010597430123195125
ham,celebrate,4,0.00010597430123195125
ham,abi,4,0.00010597430123195125
ham,hill,4,0.00010597430123195125
ham,grl,4,0.00010597430123195125
ham,hug,4,0.00010597430123195125
ham,wylie,4,0.00010597430123195125
ham,basic,4,0.00010597430123195125
ham,outta,4,0.00010597430123195125
ham,inform,4,0.00010597430123195125
ham,mumtaz,4,0.00010597430123195125
ham,blank,4,0.00010597430123195125
ham,texted,4,0.00010597430123195125
ham,information,4,0.00010597430123195125
ham,born,4,0.00010597430123195125
ham,babes,4,0.00010597430123195125
ham,doc,4,0.00010597430123195125
ham,boys,4,0.00010597430123195125
ham,taunton,4,0.00010597430123195125
ham,loss,4,0.00010597430123195125
ham,step,4,0.00010597430123195125
ham,minnaminunginte,3,7.948072592396344e-05
ham,nurungu,3,7.948072592396344e-05
ham,vettam,3,7.948072592396344e-05
ham,spell,3,7.948072592396344e-05
ham,wet,3,7.948072592396344e-05
ham,str,3,7.948072592396344e-05
ham,turn,3,7.948072592396344e-05
ham,frying,3,7.948072592396344e-05
ham,clear,3,7.948072592396344e-05
ham,child,3,7.948072592396344e-05
ham,caught,3,7.948072592396344e-05
ham,fear,3,7.948072592396344e-05
ham,xuhui,3,7.948072592396344e-05
ham,invite,3,7.948072592396344e-05
ham,yummy,3,7.948072592396344e-05
ham,fair,3,7.948072592396344e-05
ham,gram,3,7.948072592396344e-05
ham,runs,3,7.948072592396344e-05
ham,realized,3,7.948072592396344e-05
ham,roommates,3,7.948072592396344e-05
ham,dresser,3,7.948072592396344e-05
ham,valuable,3,7.948072592396344e-05
ham,gentleman,3,7.948072592396344e-05
ham,dignity,3,7.948072592396344e-05
ham,sheets,3,7.948072592396344e-05
ham,sum1,3,7.948072592396344e-05
ham,lido,3,7.948072592396344e-05
ham,vava,3,7.948072592396344e-05
ham,loud,3,7.948072592396344e-05
ham,wa,3,7.948072592396344e-05
ham,sentence,3,7.948072592396344e-05
ham,anythin,3,7.948072592396344e-05
ham,apologise,3,7.948072592396344e-05
ham,staff,3,7.948072592396344e-05
ham,birla,3,7.948072592396344e-05
ham,soft,3,7.948072592396344e-05
ham,floor,3,7.948072592396344e-05
ham,mall,3,7.948072592396344e-05
ham,maneesha,3,7.948072592396344e-05
ham,satisfied,3,7.948072592396344e-05
ham,toll,3,7.948072592396344e-05
ham,radio,3,7.948072592396344e-05
ham,finishes,3,7.948072592396344e-05
ham,suggest,3,7.948072592396344e-05
ham,successfully,3,7.948072592396344e-05
ham,po,3,7.948072592396344e-05
ham,teacher,3,7.948072592396344e-05
ham,loses,3,7.948072592396344e-05
ham,tomarrow,3,7.948072592396344e-05
ham,avent,3,7.948072592396344e-05
ham,touched,3,7.948072592396344e-05
ham,slippers,3,7.948072592396344e-05
ham,bat,3,7.948072592396344e-05
ham,innings,3,7.948072592396344e-05
ham,dearly,3,7.948072592396344e-05
ham,ranjith,3,7.948072592396344e-05
ham,5min,3,7.948072592396344e-05
ham,shipping,3,7.948072592396344e-05
ham,parked,3,7.948072592396344e-05
ham,flash,3,7.948072592396344e-05
ham,jealous,3,7.948072592396344e-05
ham,sorting,3,7.948072592396344e-05
ham,handed,3,7.948072592396344e-05
ham,gautham,3,7.948072592396344e-05
ham,buzy,3,7.948072592396344e-05
ham,tease,3,7.948072592396344e-05
ham,scary,3,7.948072592396344e-05
ham,meal,3,7.948072592396344e-05
ham,garage,3,7.948072592396344e-05
ham,keys,3,7.948072592396344e-05
ham,dear1,3,7.948072592396344e-05
ham,best1,3,7.948072592396344e-05
ham,clos1,3,7.948072592396344e-05
ham,lvblefrnd,3,7.948072592396344e-05
ham,jstfrnd,3,7.948072592396344e-05
ham,cutefrnd,3,7.948072592396344e-05
ham,lifpartnr,3,7.948072592396344e-05
ham,swtheart,3,7.948072592396344e-05
ham,bstfrnd,3,7.948072592396344e-05
ham,afraid,3,7.948072592396344e-05
ham,gona,3,7.948072592396344e-05
ham,record,3,7.948072592396344e-05
ham,supervisor,3,7.948072592396344e-05
ham,favourite,3,7.948072592396344e-05
ham,bless,3,7.948072592396344e-05
ham,stranger,3,7.948072592396344e-05
ham,cleared,3,7.948072592396344e-05
ham,gudnite,3,7.948072592396344e-05
ham,slap,3,7.948072592396344e-05
ham,alcohol,3,7.948072592396344e-05
ham,remembered,3,7.948072592396344e-05
ham,insha,3,7.948072592396344e-05
ham,alive,3,7.948072592396344e-05
ham,ptbo,3,7.948072592396344e-05
ham,tests,3,7.948072592396344e-05
ham,shut,3,7.948072592396344e-05
ham,current,3,7.948072592396344e-05
ham,period,3,7.948072592396344e-05
ham,business,3,7.948072592396344e-05
ham,quickly,3,7.948072592396344e-05
ham,chechi,3,7.948072592396344e-05
ham,tree,3,7.948072592396344e-05
ham,blah,3,7.948072592396344e-05
ham,ful,3,7.948072592396344e-05
ham,irritating,3,7.948072592396344e-05
ham,bmw,3,7.948072592396344e-05
ham,urgently,3,7.948072592396344e-05
ham,shortage,3,7.948072592396344e-05
ham,source,3,7.948072592396344e-05
ham,arng,3,7.948072592396344e-05
ham,iouri,3,7.948072592396344e-05
ham,sachin,3,7.948072592396344e-05
ham,oic,3,7.948072592396344e-05
ham,transfer,3,7.948072592396344e-05
ham,railway,3,7.948072592396344e-05
ham,doggy,3,7.948072592396344e-05
ham,fave,3,7.948072592396344e-05
ham,roads,3,7.948072592396344e-05
ham,transfered,3,7.948072592396344e-05
ham,banks,3,7.948072592396344e-05
ham,charges,3,7.948072592396344e-05
ham,9ja,3,7.948072592396344e-05
ham,wise,3,7.948072592396344e-05
ham,boye,3,7.948072592396344e-05
ham,fightng,3,7.948072592396344e-05
ham,dificult,3,7.948072592396344e-05
ham,fish,3,7.948072592396344e-05
ham,village,3,7.948072592396344e-05
ham,bringing,3,7.948072592396344e-05
ham,fees,3,7.948072592396344e-05
ham,latest,3,7.948072592396344e-05
ham,soryda,3,7.948072592396344e-05
ham,sory,3,7.948072592396344e-05
ham,behave,3,7.948072592396344e-05
ham,elsewhere,3,7.948072592396344e-05
ham,ummmmmaah,3,7.948072592396344e-05
ham,tirupur,3,7.948072592396344e-05
ham,generally,3,7.948072592396344e-05
ham,cup,3,7.948072592396344e-05
ham,likely,3,7.948072592396344e-05
ham,american,3,7.948072592396344e-05
ham,callin,3,7.948072592396344e-05
ham,snake,3,7.948072592396344e-05
ham,bite,3,7.948072592396344e-05
ham,headache,3,7.948072592396344e-05
ham,exhausted,3,7.948072592396344e-05
ham,swimming,3,7.948072592396344e-05
ham,drinks,3,7.948072592396344e-05
ham,market,3,7.948072592396344e-05
ham,pop,3,7.948072592396344e-05
ham,seven,3,7.948072592396344e-05
ham,thanksgiving,3,7.948072592396344e-05
ham,music,3,7.948072592396344e-05
ham,peace,3,7.948072592396344e-05
ham,lonely,3,7.948072592396344e-05
ham,building,3,7.948072592396344e-05
ham,map,3,7.948072592396344e-05
ham,farm,3,7.948072592396344e-05
ham,ws,3,7.948072592396344e-05
ham,stress,3,7.948072592396344e-05
ham,faster,3,7.948072592396344e-05
ham,shouted,3,7.948072592396344e-05
ham,shorter,3,7.948072592396344e-05
ham,ladies,3,7.948072592396344e-05
ham,gimme,3,7.948072592396344e-05
ham,anywhere,3,7.948072592396344e-05
ham,row,3,7.948072592396344e-05
ham,sing,3,7.948072592396344e-05
ham,diff,3,7.948072592396344e-05
ham,bein,3,7.948072592396344e-05
ham,jan,3,7.948072592396344e-05
ham,pieces,3,7.948072592396344e-05
ham,hint,3,7.948072592396344e-05
ham,hahaha,3,7.948072592396344e-05
ham,brain,3,7.948072592396344e-05
ham,successful,3,7.948072592396344e-05
ham,2morrow,3,7.948072592396344e-05
ham,xavier,3,7.948072592396344e-05
ham,seconds,3,7.948072592396344e-05
ham,stomach,3,7.948072592396344e-05
ham,returned,3,7.948072592396344e-05
ham,walls,3,7.948072592396344e-05
ham,cuddle,3,7.948072592396344e-05
ham,nap,3,7.948072592396344e-05
ham,shesil,3,7.948072592396344e-05
ham,wanting,3,7.948072592396344e-05
ham,outstanding,3,7.948072592396344e-05
ham,taylor,3,7.948072592396344e-05
ham,greet,3,7.948072592396344e-05
ham,msging,3,7.948072592396344e-05
ham,yr,3,7.948072592396344e-05
ham,moments,3,7.948072592396344e-05
ham,magical,3,7.948072592396344e-05
ham,welp,3,7.948072592396344e-05
ham,15,3,7.948072592396344e-05
ham,chicken,3,7.948072592396344e-05
ham,talent,3,7.948072592396344e-05
ham,fuckin,3,7.948072592396344e-05
ham,ubi,3,7.948072592396344e-05
ham,butt,3,7.948072592396344e-05
ham,terrible,3,7.948072592396344e-05
ham,exe,3,7.948072592396344e-05
ham,prey,3,7.948072592396344e-05
ham,weekends,3,7.948072592396344e-05
ham,foreign,3,7.948072592396344e-05
ham,stamps,3,7.948072592396344e-05
ham,country,3,7.948072592396344e-05
ham,flirt,3,7.948072592396344e-05
ham,speechless,3,7.948072592396344e-05
ham,roast,3,7.948072592396344e-05
ham,concentrate,3,7.948072592396344e-05
ham,career,3,7.948072592396344e-05
ham,walked,3,7.948072592396344e-05
ham,june,3,7.948072592396344e-05
ham,drunk,3,7.948072592396344e-05
ham,networking,3,7.948072592396344e-05
ham,travel,3,7.948072592396344e-05
ham,juicy,3,7.948072592396344e-05
ham,dearer,3,7.948072592396344e-05
ham,evn,3,7.948072592396344e-05
ham,itz,3,7.948072592396344e-05
ham,alwys,3,7.948072592396344e-05
ham,ne,3,7.948072592396344e-05
ham,ground,3,7.948072592396344e-05
ham,cancel,3,7.948072592396344e-05
ham,catching,3,7.948072592396344e-05
ham,falls,3,7.948072592396344e-05
ham,whos,3,7.948072592396344e-05
ham,fantastic,3,7.948072592396344e-05
ham,bigger,3,7.948072592396344e-05
ham,2go,3,7.948072592396344e-05
ham,credited,3,7.948072592396344e-05
ham,walmart,3,7.948072592396344e-05
ham,score,3,7.948072592396344e-05
ham,apps,3,7.948072592396344e-05
ham,rofl,3,7.948072592396344e-05
ham,anti,3,7.948072592396344e-05
ham,morn,3,7.948072592396344e-05
ham,docs,3,7.948072592396344e-05
ham,rang,3,7.948072592396344e-05
ham,sorted,3,7.948072592396344e-05
ham,executive,3,7.948072592396344e-05
ham,express,3,7.948072592396344e-05
ham,tour,3,7.948072592396344e-05
ham,fran,3,7.948072592396344e-05
ham,knackered,3,7.948072592396344e-05
ham,software,3,7.948072592396344e-05
ham,idiot,3,7.948072592396344e-05
ham,whenevr,3,7.948072592396344e-05
ham,chill,3,7.948072592396344e-05
ham,chillin,3,7.948072592396344e-05
ham,super,3,7.948072592396344e-05
ham,chain,3,7.948072592396344e-05
ham,suntec,3,7.948072592396344e-05
ham,seem,3,7.948072592396344e-05
ham,messenger,3,7.948072592396344e-05
ham,screen,3,7.948072592396344e-05
ham,storming,3,7.948072592396344e-05
ham,phne,3,7.948072592396344e-05
ham,wt,3,7.948072592396344e-05
ham,margaret,3,7.948072592396344e-05
ham,girlfrnd,3,7.948072592396344e-05
ham,f,3,7.948072592396344e-05
ham,grahmbell,3,7.948072592396344e-05
ham,invnted,3,7.948072592396344e-05
ham,telphone,3,7.948072592396344e-05
ham,popped,3,7.948072592396344e-05
ham,shld,3,7.948072592396344e-05
ham,enter,3,7.948072592396344e-05
ham,caring,3,7.948072592396344e-05
ham,option,3,7.948072592396344e-05
ham,goodnite,3,7.948072592396344e-05
ham,tells,3,7.948072592396344e-05
ham,currently,3,7.948072592396344e-05
ham,painful,3,7.948072592396344e-05
ham,missin,3,7.948072592396344e-05
ham,guilty,3,7.948072592396344e-05
ham,cardiff,3,7.948072592396344e-05
ham,addie,3,7.948072592396344e-05
ham,certainly,3,7.948072592396344e-05
ham,twelve,3,7.948072592396344e-05
ham,aah,3,7.948072592396344e-05
ham,blake,3,7.948072592396344e-05
ham,total,3,7.948072592396344e-05
ham,eight,3,7.948072592396344e-05
ham,ese,3,7.948072592396344e-05
ham,prospects,3,7.948072592396344e-05
ham,buff,3,7.948072592396344e-05
ham,gang,3,7.948072592396344e-05
ham,tablets,3,7.948072592396344e-05
ham,finishing,3,7.948072592396344e-05
ham,doors,3,7.948072592396344e-05
ham,brothas,3,7.948072592396344e-05
ham,force,3,7.948072592396344e-05
ham,perfect,3,7.948072592396344e-05
ham,blame,3,7.948072592396344e-05
ham,blessings,3,7.948072592396344e-05
ham,freezing,3,7.948072592396344e-05
ham,darling,3,7.948072592396344e-05
ham,oz,3,7.948072592396344e-05
ham,winning,3,7.948072592396344e-05
ham,6pm,3,7.948072592396344e-05
ham,ideas,3,7.948072592396344e-05
ham,maintain,3,7.948072592396344e-05
ham,sh,3,7.948072592396344e-05
ham,cramps,3,7.948072592396344e-05
ham,nan,3,7.948072592396344e-05
ham,likes,3,7.948072592396344e-05
ham,dislikes,3,7.948072592396344e-05
ham,promises,3,7.948072592396344e-05
ham,album,3,7.948072592396344e-05
ham,standing,3,7.948072592396344e-05
ham,tb,3,7.948072592396344e-05
ham,di,3,7.948072592396344e-05
ham,stuck,3,7.948072592396344e-05
ham,regarding,3,7.948072592396344e-05
ham,adore,3,7.948072592396344e-05
ham,arun,3,7.948072592396344e-05
ham,philosophy,3,7.948072592396344e-05
ham,dirty,3,7.948072592396344e-05
ham,package,3,7.948072592396344e-05
ham,husband,3,7.948072592396344e-05
ham,player,3,7.948072592396344e-05
ham,five,3,7.948072592396344e-05
ham,toa,3,7.948072592396344e-05
ham,payoh,3,7.948072592396344e-05
ham,team,3,7.948072592396344e-05
ham,fathima,3,7.948072592396344e-05
ham,mmmm,3,7.948072592396344e-05
ham,beyond,3,7.948072592396344e-05
ham,table,3,7.948072592396344e-05
ham,ikea,3,7.948072592396344e-05
ham,cn,3,7.948072592396344e-05
ham,kadeem,3,7.948072592396344e-05
ham,se,3,7.948072592396344e-05
ham,wud,3,7.948072592396344e-05
ham,carry,3,7.948072592396344e-05
ham,avatar,3,7.948072592396344e-05
ham,stops,3,7.948072592396344e-05
ham,constantly,3,7.948072592396344e-05
ham,lousy,3,7.948072592396344e-05
ham,ic,3,7.948072592396344e-05
ham,honeybee,3,7.948072592396344e-05
ham,sweetest,3,7.948072592396344e-05
ham,laughed,3,7.948072592396344e-05
ham,havnt,3,7.948072592396344e-05
ham,crack,3,7.948072592396344e-05
ham,boat,3,7.948072592396344e-05
ham,proof,3,7.948072592396344e-05
ham,yeh,3,7.948072592396344e-05
ham,major,3,7.948072592396344e-05
ham,birth,3,7.948072592396344e-05
ham,rule,3,7.948072592396344e-05
ham,natural,3,7.948072592396344e-05
ham,onwards,3,7.948072592396344e-05
ham,eggs,3,7.948072592396344e-05
ham,lie,3,7.948072592396344e-05
ham,simply,3,7.948072592396344e-05
ham,store,3,7.948072592396344e-05
ham,calicut,3,7.948072592396344e-05
ham,giv,3,7.948072592396344e-05
ham,normally,3,7.948072592396344e-05
ham,rich,3,7.948072592396344e-05
ham,yor,3,7.948072592396344e-05
ham,jason,3,7.948072592396344e-05
ham,art,3,7.948072592396344e-05
ham,argh,3,7.948072592396344e-05
ham,tessy,3,7.948072592396344e-05
ham,favor,3,7.948072592396344e-05
ham,shijas,3,7.948072592396344e-05
ham,aunty,3,7.948072592396344e-05
ham,china,3,7.948072592396344e-05
ham,morphine,3,7.948072592396344e-05
ham,prefer,3,7.948072592396344e-05
ham,kindly,3,7.948072592396344e-05
ham,miles,3,7.948072592396344e-05
ham,pending,3,7.948072592396344e-05
ham,l,3,7.948072592396344e-05
ham,raji,3,7.948072592396344e-05
ham,legs,3,7.948072592396344e-05
ham,pleased,3,7.948072592396344e-05
ham,distance,3,7.948072592396344e-05
ham,temp,3,7.948072592396344e-05
ham,display,3,7.948072592396344e-05
ham,soup,3,7.948072592396344e-05
ham,management,3,7.948072592396344e-05
ham,threats,3,7.948072592396344e-05
ham,900,3,7.948072592396344e-05
ham,unable,3,7.948072592396344e-05
ham,wkend,3,7.948072592396344e-05
ham,cheer,3,7.948072592396344e-05
ham,bags,3,7.948072592396344e-05
ham,issue,3,7.948072592396344e-05
ham,measure,3,7.948072592396344e-05
ham,thm,3,7.948072592396344e-05
ham,wn,3,7.948072592396344e-05
ham,drinking,3,7.948072592396344e-05
ham,impossible,3,7.948072592396344e-05
ham,responce,3,7.948072592396344e-05
ham,vodka,3,7.948072592396344e-05
ham,okey,3,7.948072592396344e-05
ham,questioned,3,7.948072592396344e-05
ham,gardener,3,7.948072592396344e-05
ham,vegetables,3,7.948072592396344e-05
ham,neighbour,3,7.948072592396344e-05
ham,science,3,7.948072592396344e-05
ham,madam,3,7.948072592396344e-05
ham,settle,3,7.948072592396344e-05
ham,bloo,3,7.948072592396344e-05
ham,indians,3,7.948072592396344e-05
ham,citizen,3,7.948072592396344e-05
ham,sry,3,7.948072592396344e-05
ham,key,3,7.948072592396344e-05
ham,greetings,3,7.948072592396344e-05
ham,released,3,7.948072592396344e-05
ham,dai,3,7.948072592396344e-05
ham,maga,3,7.948072592396344e-05
ham,medicine,3,7.948072592396344e-05
ham,incident,3,7.948072592396344e-05
ham,violence,3,7.948072592396344e-05
ham,erm,3,7.948072592396344e-05
ham,issues,3,7.948072592396344e-05
ham,death,3,7.948072592396344e-05
ham,wrk,3,7.948072592396344e-05
ham,usc,3,7.948072592396344e-05
ham,booty,3,7.948072592396344e-05
ham,lil,3,7.948072592396344e-05
ham,remains,3,7.948072592396344e-05
ham,bro,3,7.948072592396344e-05
ham,bros,3,7.948072592396344e-05
ham,pouts,3,7.948072592396344e-05
ham,stomps,3,7.948072592396344e-05
ham,shirts,3,7.948072592396344e-05
ham,petrol,3,7.948072592396344e-05
ham,middle,3,7.948072592396344e-05
ham,enuff,3,7.948072592396344e-05
ham,contents,3,7.948072592396344e-05
ham,pg,3,7.948072592396344e-05
ham,strike,3,7.948072592396344e-05
ham,moved,3,7.948072592396344e-05
ham,seat,3,7.948072592396344e-05
ham,dress,3,7.948072592396344e-05
ham,collecting,3,7.948072592396344e-05
ham,flaked,3,7.948072592396344e-05
ham,gary,3,7.948072592396344e-05
ham,cheaper,3,7.948072592396344e-05
ham,history,3,7.948072592396344e-05
ham,bell,3,7.948072592396344e-05
ham,understood,3,7.948072592396344e-05
ham,bottom,3,7.948072592396344e-05
ham,crab,3,7.948072592396344e-05
ham,footprints,3,7.948072592396344e-05
ham,changes,3,7.948072592396344e-05
ham,books,3,7.948072592396344e-05
ham,knowing,3,7.948072592396344e-05
ham,thurs,3,7.948072592396344e-05
ham,tape,3,7.948072592396344e-05
ham,lick,3,7.948072592396344e-05
ham,auto,3,7.948072592396344e-05
ham,praying,3,7.948072592396344e-05
ham,smoking,3,7.948072592396344e-05
ham,amazing,3,7.948072592396344e-05
ham,ths,3,7.948072592396344e-05
ham,wisdom,3,7.948072592396344e-05
ham,cann,3,7.948072592396344e-05
ham,camera,3,7.948072592396344e-05
ham,prolly,3,7.948072592396344e-05
ham,åð,3,7.948072592396344e-05
ham,confirmed,3,7.948072592396344e-05
ham,dubsack,3,7.948072592396344e-05
ham,macho,3,7.948072592396344e-05
ham,audition,3,7.948072592396344e-05
ham,fell,3,7.948072592396344e-05
ham,senthil,3,7.948072592396344e-05
ham,forevr,3,7.948072592396344e-05
ham,nokia,3,7.948072592396344e-05
ham,eaten,3,7.948072592396344e-05
ham,possession,3,7.948072592396344e-05
ham,affairs,3,7.948072592396344e-05
ham,along,3,7.948072592396344e-05
ham,university,3,7.948072592396344e-05
ham,california,3,7.948072592396344e-05
ham,value,3,7.948072592396344e-05
ham,tog,3,7.948072592396344e-05
ham,haiz,3,7.948072592396344e-05
ham,captain,3,7.948072592396344e-05
ham,dsn,3,7.948072592396344e-05
ham,bottle,3,7.948072592396344e-05
ham,buffet,2,5.2987150615975623e-05
ham,hor,2,5.2987150615975623e-05
ham,blessing,2,5.2987150615975623e-05
ham,slice,2,5.2987150615975623e-05
ham,convincing,2,5.2987150615975623e-05
ham,sarcastic,2,5.2987150615975623e-05
ham,8am,2,5.2987150615975623e-05
ham,mmmmmm,2,5.2987150615975623e-05
ham,hospitals,2,5.2987150615975623e-05
ham,eighth,2,5.2987150615975623e-05
ham,odi,2,5.2987150615975623e-05
ham,killing,2,5.2987150615975623e-05
ham,dedicated,2,5.2987150615975623e-05
ham,dedicate,2,5.2987150615975623e-05
ham,shy,2,5.2987150615975623e-05
ham,earn,2,5.2987150615975623e-05
ham,jacket,2,5.2987150615975623e-05
ham,requests,2,5.2987150615975623e-05
ham,nitros,2,5.2987150615975623e-05
ham,ela,2,5.2987150615975623e-05
ham,pours,2,5.2987150615975623e-05
ham,telugu,2,5.2987150615975623e-05
ham,hols,2,5.2987150615975623e-05
ham,four,2,5.2987150615975623e-05
ham,location,2,5.2987150615975623e-05
ham,truly,2,5.2987150615975623e-05
ham,noun,2,5.2987150615975623e-05
ham,puttin,2,5.2987150615975623e-05
ham,goodo,2,5.2987150615975623e-05
ham,potato,2,5.2987150615975623e-05
ham,tortilla,2,5.2987150615975623e-05
ham,sum,2,5.2987150615975623e-05
ham,msn,2,5.2987150615975623e-05
ham,pouch,2,5.2987150615975623e-05
ham,somtimes,2,5.2987150615975623e-05
ham,occupy,2,5.2987150615975623e-05
ham,hearts,2,5.2987150615975623e-05
ham,flowing,2,5.2987150615975623e-05
ham,plaza,2,5.2987150615975623e-05
ham,everywhere,2,5.2987150615975623e-05
ham,windows,2,5.2987150615975623e-05
ham,mouth,2,5.2987150615975623e-05
ham,module,2,5.2987150615975623e-05
ham,avoid,2,5.2987150615975623e-05
ham,beloved,2,5.2987150615975623e-05
ham,form,2,5.2987150615975623e-05
ham,clark,2,5.2987150615975623e-05
ham,utter,2,5.2987150615975623e-05
ham,completed,2,5.2987150615975623e-05
ham,stays,2,5.2987150615975623e-05
ham,wishin,2,5.2987150615975623e-05
ham,hamster,2,5.2987150615975623e-05
ham,refilled,2,5.2987150615975623e-05
ham,inr,2,5.2987150615975623e-05
ham,keralacircle,2,5.2987150615975623e-05
ham,prepaid,2,5.2987150615975623e-05
ham,kr,2,5.2987150615975623e-05
ham,ericsson,2,5.2987150615975623e-05
ham,bruv,2,5.2987150615975623e-05
ham,rewarding,2,5.2987150615975623e-05
ham,heading,2,5.2987150615975623e-05
ham,os,2,5.2987150615975623e-05
ham,installing,2,5.2987150615975623e-05
ham,repair,2,5.2987150615975623e-05
ham,conducts,2,5.2987150615975623e-05
ham,printed,2,5.2987150615975623e-05
ham,upstairs,2,5.2987150615975623e-05
ham,final,2,5.2987150615975623e-05
ham,shining,2,5.2987150615975623e-05
ham,signing,2,5.2987150615975623e-05
ham,although,2,5.2987150615975623e-05
ham,commercial,2,5.2987150615975623e-05
ham,drpd,2,5.2987150615975623e-05
ham,deeraj,2,5.2987150615975623e-05
ham,deepak,2,5.2987150615975623e-05
ham,lag,2,5.2987150615975623e-05
ham,necessarily,2,5.2987150615975623e-05
ham,headin,2,5.2987150615975623e-05
ham,jolt,2,5.2987150615975623e-05
ham,mini,2,5.2987150615975623e-05
ham,h,2,5.2987150615975623e-05
ham,gf,2,5.2987150615975623e-05
ham,tool,2,5.2987150615975623e-05
ham,jenny,2,5.2987150615975623e-05
ham,cam,2,5.2987150615975623e-05
ham,grave,2,5.2987150615975623e-05
ham,shocking,2,5.2987150615975623e-05
ham,crash,2,5.2987150615975623e-05
ham,taxi,2,5.2987150615975623e-05
ham,actor,2,5.2987150615975623e-05
ham,thread,2,5.2987150615975623e-05
ham,unique,2,5.2987150615975623e-05
ham,tahan,2,5.2987150615975623e-05
ham,anot,2,5.2987150615975623e-05
ham,lo,2,5.2987150615975623e-05
ham,buses,2,5.2987150615975623e-05
ham,bristol,2,5.2987150615975623e-05
ham,flight,2,5.2987150615975623e-05
ham,women,2,5.2987150615975623e-05
ham,apo,2,5.2987150615975623e-05
ham,violated,2,5.2987150615975623e-05
ham,paperwork,2,5.2987150615975623e-05
ham,caroline,2,5.2987150615975623e-05
ham,misbehaved,2,5.2987150615975623e-05
ham,tissco,2,5.2987150615975623e-05
ham,tayseer,2,5.2987150615975623e-05
ham,unemployed,2,5.2987150615975623e-05
ham,audrey,2,5.2987150615975623e-05
ham,status,2,5.2987150615975623e-05
ham,breathe,2,5.2987150615975623e-05
ham,cuddling,2,5.2987150615975623e-05
ham,agree,2,5.2987150615975623e-05
ham,recognise,2,5.2987150615975623e-05
ham,hes,2,5.2987150615975623e-05
ham,ovulation,2,5.2987150615975623e-05
ham,licks,2,5.2987150615975623e-05
ham,30ish,2,5.2987150615975623e-05
ham,picture,2,5.2987150615975623e-05
ham,salam,2,5.2987150615975623e-05
ham,sharing,2,5.2987150615975623e-05
ham,grace,2,5.2987150615975623e-05
ham,inshah,2,5.2987150615975623e-05
ham,field,2,5.2987150615975623e-05
ham,administrator,2,5.2987150615975623e-05
ham,shipped,2,5.2987150615975623e-05
ham,loxahatchee,2,5.2987150615975623e-05
ham,burning,2,5.2987150615975623e-05
ham,slightly,2,5.2987150615975623e-05
ham,darlings,2,5.2987150615975623e-05
ham,wld,2,5.2987150615975623e-05
ham,sender,2,5.2987150615975623e-05
ham,skip,2,5.2987150615975623e-05
ham,whatsup,2,5.2987150615975623e-05
ham,siva,2,5.2987150615975623e-05
ham,speaking,2,5.2987150615975623e-05
ham,expression,2,5.2987150615975623e-05
ham,applebees,2,5.2987150615975623e-05
ham,bhaji,2,5.2987150615975623e-05
ham,cricketer,2,5.2987150615975623e-05
ham,improve,2,5.2987150615975623e-05
ham,oreo,2,5.2987150615975623e-05
ham,truffles,2,5.2987150615975623e-05
ham,decisions,2,5.2987150615975623e-05
ham,coping,2,5.2987150615975623e-05
ham,individual,2,5.2987150615975623e-05
ham,receiving,2,5.2987150615975623e-05
ham,position,2,5.2987150615975623e-05
ham,language,2,5.2987150615975623e-05
ham,screamed,2,5.2987150615975623e-05
ham,rate,2,5.2987150615975623e-05
ham,differ,2,5.2987150615975623e-05
ham,broken,2,5.2987150615975623e-05
ham,infront,2,5.2987150615975623e-05
ham,9t,2,5.2987150615975623e-05
ham,tension,2,5.2987150615975623e-05
ham,taste,2,5.2987150615975623e-05
ham,trade,2,5.2987150615975623e-05
ham,center,2,5.2987150615975623e-05
ham,7ish,2,5.2987150615975623e-05
ham,hyde,2,5.2987150615975623e-05
ham,anthony,2,5.2987150615975623e-05
ham,scrounge,2,5.2987150615975623e-05
ham,forgiven,2,5.2987150615975623e-05
ham,competition,2,5.2987150615975623e-05
ham,transport,2,5.2987150615975623e-05
ham,definite,2,5.2987150615975623e-05
ham,booking,2,5.2987150615975623e-05
ham,ebay,2,5.2987150615975623e-05
ham,pickle,2,5.2987150615975623e-05
ham,tacos,2,5.2987150615975623e-05
ham,develop,2,5.2987150615975623e-05
ham,ability,2,5.2987150615975623e-05
ham,recovery,2,5.2987150615975623e-05
ham,cali,2,5.2987150615975623e-05
ham,bloke,2,5.2987150615975623e-05
ham,cutting,2,5.2987150615975623e-05
ham,cock,2,5.2987150615975623e-05
ham,reminding,2,5.2987150615975623e-05
ham,owns,2,5.2987150615975623e-05
ham,faggy,2,5.2987150615975623e-05
ham,demand,2,5.2987150615975623e-05
ham,fo,2,5.2987150615975623e-05
ham,loose,2,5.2987150615975623e-05
ham,pan,2,5.2987150615975623e-05
ham,perhaps,2,5.2987150615975623e-05
ham,mei,2,5.2987150615975623e-05
ham,geeeee,2,5.2987150615975623e-05
ham,jen,2,5.2987150615975623e-05
ham,oooh,2,5.2987150615975623e-05
ham,ey,2,5.2987150615975623e-05
ham,dick,2,5.2987150615975623e-05
ham,dancing,2,5.2987150615975623e-05
ham,scotland,2,5.2987150615975623e-05
ham,hardly,2,5.2987150615975623e-05
ham,tsunamis,2,5.2987150615975623e-05
ham,ques,2,5.2987150615975623e-05
ham,suits,2,5.2987150615975623e-05
ham,reaction,2,5.2987150615975623e-05
ham,grow,2,5.2987150615975623e-05
ham,useful,2,5.2987150615975623e-05
ham,officially,2,5.2987150615975623e-05
ham,pounds,2,5.2987150615975623e-05
ham,hundred,2,5.2987150615975623e-05
ham,sweetheart,2,5.2987150615975623e-05
ham,biola,2,5.2987150615975623e-05
ham,login,2,5.2987150615975623e-05
ham,effects,2,5.2987150615975623e-05
ham,wee,2,5.2987150615975623e-05
ham,trains,2,5.2987150615975623e-05
ham,jolly,2,5.2987150615975623e-05
ham,panic,2,5.2987150615975623e-05
ham,dealer,2,5.2987150615975623e-05
ham,impatient,2,5.2987150615975623e-05
ham,river,2,5.2987150615975623e-05
ham,lays,2,5.2987150615975623e-05
ham,en,2,5.2987150615975623e-05
ham,yelling,2,5.2987150615975623e-05
ham,hex,2,5.2987150615975623e-05
ham,cochin,2,5.2987150615975623e-05
ham,accordingly,2,5.2987150615975623e-05
ham,4d,2,5.2987150615975623e-05
ham,poop,2,5.2987150615975623e-05
ham,gpu,2,5.2987150615975623e-05
ham,aeronautics,2,5.2987150615975623e-05
ham,professors,2,5.2987150615975623e-05
ham,calld,2,5.2987150615975623e-05
ham,aeroplane,2,5.2987150615975623e-05
ham,hurried,2,5.2987150615975623e-05
ham,dorm,2,5.2987150615975623e-05
ham,membership,2,5.2987150615975623e-05
ham,cookies,2,5.2987150615975623e-05
ham,admit,2,5.2987150615975623e-05
ham,correction,2,5.2987150615975623e-05
ham,ba,2,5.2987150615975623e-05
ham,spring,2,5.2987150615975623e-05
ham,attached,2,5.2987150615975623e-05
ham,930,2,5.2987150615975623e-05
ham,gist,2,5.2987150615975623e-05
ham,lip,2,5.2987150615975623e-05
ham,confused,2,5.2987150615975623e-05
ham,spare,2,5.2987150615975623e-05
ham,faith,2,5.2987150615975623e-05
ham,mt,2,5.2987150615975623e-05
ham,schools,2,5.2987150615975623e-05
ham,inch,2,5.2987150615975623e-05
ham,begging,2,5.2987150615975623e-05
ham,opening,2,5.2987150615975623e-05
ham,enjoyed,2,5.2987150615975623e-05
ham,thot,2,5.2987150615975623e-05
ham,petey,2,5.2987150615975623e-05
ham,nic,2,5.2987150615975623e-05
ham,imp,2,5.2987150615975623e-05
ham,bec,2,5.2987150615975623e-05
ham,nervous,2,5.2987150615975623e-05
ham,borrow,2,5.2987150615975623e-05
ham,galileo,2,5.2987150615975623e-05
ham,dobby,2,5.2987150615975623e-05
ham,responding,2,5.2987150615975623e-05
ham,2u,2,5.2987150615975623e-05
ham,loveme,2,5.2987150615975623e-05
ham,xxxx,2,5.2987150615975623e-05
ham,cappuccino,2,5.2987150615975623e-05
ham,mojibiola,2,5.2987150615975623e-05
ham,havenåõt,2,5.2987150615975623e-05
ham,skyped,2,5.2987150615975623e-05
ham,kz,2,5.2987150615975623e-05
ham,given,2,5.2987150615975623e-05
ham,ultimatum,2,5.2987150615975623e-05
ham,countin,2,5.2987150615975623e-05
ham,aburo,2,5.2987150615975623e-05
ham,inconsiderate,2,5.2987150615975623e-05
ham,nag,2,5.2987150615975623e-05
ham,recession,2,5.2987150615975623e-05
ham,hence,2,5.2987150615975623e-05
ham,soo,2,5.2987150615975623e-05
ham,suite,2,5.2987150615975623e-05
ham,warning,2,5.2987150615975623e-05
ham,shoes,2,5.2987150615975623e-05
ham,careful,2,5.2987150615975623e-05
ham,sn,2,5.2987150615975623e-05
ham,named,2,5.2987150615975623e-05
ham,genius,2,5.2987150615975623e-05
ham,connections,2,5.2987150615975623e-05
ham,lotta,2,5.2987150615975623e-05
ham,lately,2,5.2987150615975623e-05
ham,consider,2,5.2987150615975623e-05
ham,peaceful,2,5.2987150615975623e-05
ham,castor,2,5.2987150615975623e-05
ham,ear,2,5.2987150615975623e-05
ham,oil,2,5.2987150615975623e-05
ham,mac,2,5.2987150615975623e-05
ham,usb,2,5.2987150615975623e-05
ham,gibbs,2,5.2987150615975623e-05
ham,failed,2,5.2987150615975623e-05
ham,unbelievable,2,5.2987150615975623e-05
ham,several,2,5.2987150615975623e-05
ham,worst,2,5.2987150615975623e-05
ham,charles,2,5.2987150615975623e-05
ham,stores,2,5.2987150615975623e-05
ham,sweets,2,5.2987150615975623e-05
ham,chip,2,5.2987150615975623e-05
ham,yck,2,5.2987150615975623e-05
ham,ashley,2,5.2987150615975623e-05
ham,term,2,5.2987150615975623e-05
ham,jeans,2,5.2987150615975623e-05
ham,bleh,2,5.2987150615975623e-05
ham,application,2,5.2987150615975623e-05
ham,ms,2,5.2987150615975623e-05
ham,brand,2,5.2987150615975623e-05
ham,simpler,2,5.2987150615975623e-05
ham,necklace,2,5.2987150615975623e-05
ham,racing,2,5.2987150615975623e-05
ham,rice,2,5.2987150615975623e-05
ham,closes,2,5.2987150615975623e-05
ham,crap,2,5.2987150615975623e-05
ham,chocolate,2,5.2987150615975623e-05
ham,potential,2,5.2987150615975623e-05
ham,reckon,2,5.2987150615975623e-05
ham,65,2,5.2987150615975623e-05
ham,tech,2,5.2987150615975623e-05
ham,blessed,2,5.2987150615975623e-05
ham,quiet,2,5.2987150615975623e-05
ham,aunts,2,5.2987150615975623e-05
ham,fit,2,5.2987150615975623e-05
ham,fan,2,5.2987150615975623e-05
ham,lovers,2,5.2987150615975623e-05
ham,drove,2,5.2987150615975623e-05
ham,anniversary,2,5.2987150615975623e-05
ham,pen,2,5.2987150615975623e-05
ham,pattern,2,5.2987150615975623e-05
ham,plm,2,5.2987150615975623e-05
ham,sheffield,2,5.2987150615975623e-05
ham,2morow,2,5.2987150615975623e-05
ham,setting,2,5.2987150615975623e-05
ham,filling,2,5.2987150615975623e-05
ham,thx,2,5.2987150615975623e-05
ham,edison,2,5.2987150615975623e-05
ham,rightly,2,5.2987150615975623e-05
ham,viva,2,5.2987150615975623e-05
ham,educational,2,5.2987150615975623e-05
ham,sells,2,5.2987150615975623e-05
ham,thesis,2,5.2987150615975623e-05
ham,sends,2,5.2987150615975623e-05
ham,female,2,5.2987150615975623e-05
ham,deciding,2,5.2987150615975623e-05
ham,prepared,2,5.2987150615975623e-05
ham,gossip,2,5.2987150615975623e-05
ham,oi,2,5.2987150615975623e-05
ham,thoughts,2,5.2987150615975623e-05
ham,craziest,2,5.2987150615975623e-05
ham,planet,2,5.2987150615975623e-05
ham,singing,2,5.2987150615975623e-05
ham,curry,2,5.2987150615975623e-05
ham,goto,2,5.2987150615975623e-05
ham,tomorro,2,5.2987150615975623e-05
ham,fret,2,5.2987150615975623e-05
ham,depressed,2,5.2987150615975623e-05
ham,wind,2,5.2987150615975623e-05
ham,math,2,5.2987150615975623e-05
ham,dhoni,2,5.2987150615975623e-05
ham,rocks,2,5.2987150615975623e-05
ham,durban,2,5.2987150615975623e-05
ham,gay,2,5.2987150615975623e-05
ham,difficulties,2,5.2987150615975623e-05
ham,sar,2,5.2987150615975623e-05
ham,tank,2,5.2987150615975623e-05
ham,silently,2,5.2987150615975623e-05
ham,drms,2,5.2987150615975623e-05
ham,toot,2,5.2987150615975623e-05
ham,q,2,5.2987150615975623e-05
ham,annoying,2,5.2987150615975623e-05
ham,makin,2,5.2987150615975623e-05
ham,neft,2,5.2987150615975623e-05
ham,beneficiary,2,5.2987150615975623e-05
ham,appreciated,2,5.2987150615975623e-05
ham,apart,2,5.2987150615975623e-05
ham,creepy,2,5.2987150615975623e-05
ham,apply,2,5.2987150615975623e-05
ham,invest,2,5.2987150615975623e-05
ham,1hr,2,5.2987150615975623e-05
ham,delay,2,5.2987150615975623e-05
ham,purse,2,5.2987150615975623e-05
ham,havin,2,5.2987150615975623e-05
ham,flip,2,5.2987150615975623e-05
ham,jd,2,5.2987150615975623e-05
ham,accounts,2,5.2987150615975623e-05
ham,weirdest,2,5.2987150615975623e-05
ham,tee,2,5.2987150615975623e-05
ham,dough,2,5.2987150615975623e-05
ham,control,2,5.2987150615975623e-05
ham,jerry,2,5.2987150615975623e-05
ham,irritates,2,5.2987150615975623e-05
ham,fails,2,5.2987150615975623e-05
ham,drinkin,2,5.2987150615975623e-05
ham,5pm,2,5.2987150615975623e-05
ham,birthdate,2,5.2987150615975623e-05
ham,nydc,2,5.2987150615975623e-05
ham,daily,2,5.2987150615975623e-05
ham,ola,2,5.2987150615975623e-05
ham,garbage,2,5.2987150615975623e-05
ham,jokin,2,5.2987150615975623e-05
ham,remembr,2,5.2987150615975623e-05
ham,canada,2,5.2987150615975623e-05
ham,cares,2,5.2987150615975623e-05
ham,goodnoon,2,5.2987150615975623e-05
ham,patty,2,5.2987150615975623e-05
ham,interest,2,5.2987150615975623e-05
ham,theres,2,5.2987150615975623e-05
ham,tmrw,2,5.2987150615975623e-05
ham,soul,2,5.2987150615975623e-05
ham,ned,2,5.2987150615975623e-05
ham,hurting,2,5.2987150615975623e-05
ham,main,2,5.2987150615975623e-05
ham,sweetie,2,5.2987150615975623e-05
ham,4a,2,5.2987150615975623e-05
ham,whn,2,5.2987150615975623e-05
ham,dance,2,5.2987150615975623e-05
ham,bar,2,5.2987150615975623e-05
ham,juan,2,5.2987150615975623e-05
ham,tlk,2,5.2987150615975623e-05
ham,ideal,2,5.2987150615975623e-05
ham,front,2,5.2987150615975623e-05
ham,arm,2,5.2987150615975623e-05
ham,shot,2,5.2987150615975623e-05
ham,tirunelvali,2,5.2987150615975623e-05
ham,effect,2,5.2987150615975623e-05
ham,kidding,2,5.2987150615975623e-05
ham,stretch,2,5.2987150615975623e-05
ham,sinco,2,5.2987150615975623e-05
ham,payee,2,5.2987150615975623e-05
ham,icicibank,2,5.2987150615975623e-05
ham,beware,2,5.2987150615975623e-05
ham,frauds,2,5.2987150615975623e-05
ham,disclose,2,5.2987150615975623e-05
ham,kaiez,2,5.2987150615975623e-05
ham,practicing,2,5.2987150615975623e-05
ham,babies,2,5.2987150615975623e-05
ham,beneath,2,5.2987150615975623e-05
ham,pale,2,5.2987150615975623e-05
ham,silver,2,5.2987150615975623e-05
ham,silence,2,5.2987150615975623e-05
ham,revision,2,5.2987150615975623e-05
ham,exeter,2,5.2987150615975623e-05
ham,coat,2,5.2987150615975623e-05
ham,tues,2,5.2987150615975623e-05
ham,restaurant,2,5.2987150615975623e-05
ham,desperate,2,5.2987150615975623e-05
ham,monkeys,2,5.2987150615975623e-05
ham,practical,2,5.2987150615975623e-05
ham,replying,2,5.2987150615975623e-05
ham,mails,2,5.2987150615975623e-05
ham,lyfu,2,5.2987150615975623e-05
ham,lyf,2,5.2987150615975623e-05
ham,ali,2,5.2987150615975623e-05
ham,ke,2,5.2987150615975623e-05
ham,program,2,5.2987150615975623e-05
ham,meow,2,5.2987150615975623e-05
ham,modules,2,5.2987150615975623e-05
ham,musthu,2,5.2987150615975623e-05
ham,video,2,5.2987150615975623e-05
ham,testing,2,5.2987150615975623e-05
ham,nit,2,5.2987150615975623e-05
ham,sarcasm,2,5.2987150615975623e-05
ham,forum,2,5.2987150615975623e-05
ham,aunt,2,5.2987150615975623e-05
ham,receipt,2,5.2987150615975623e-05
ham,unfortunately,2,5.2987150615975623e-05
ham,konw,2,5.2987150615975623e-05
ham,waht,2,5.2987150615975623e-05
ham,rael,2,5.2987150615975623e-05
ham,gving,2,5.2987150615975623e-05
ham,exmpel,2,5.2987150615975623e-05
ham,jsut,2,5.2987150615975623e-05
ham,evrey,2,5.2987150615975623e-05
ham,splleing,2,5.2987150615975623e-05
ham,wrnog,2,5.2987150615975623e-05
ham,sitll,2,5.2987150615975623e-05
ham,raed,2,5.2987150615975623e-05
ham,wihtuot,2,5.2987150615975623e-05
ham,ayn,2,5.2987150615975623e-05
ham,mitsake,2,5.2987150615975623e-05
ham,joining,2,5.2987150615975623e-05
ham,finance,2,5.2987150615975623e-05
ham,filled,2,5.2987150615975623e-05
ham,jia,2,5.2987150615975623e-05
ham,sux,2,5.2987150615975623e-05
ham,kegger,2,5.2987150615975623e-05
ham,costs,2,5.2987150615975623e-05
ham,rhythm,2,5.2987150615975623e-05
ham,adventure,2,5.2987150615975623e-05
ham,sub,2,5.2987150615975623e-05
ham,wifi,2,5.2987150615975623e-05
ham,3g,2,5.2987150615975623e-05
ham,rumour,2,5.2987150615975623e-05
ham,boyfriend,2,5.2987150615975623e-05
ham,driver,2,5.2987150615975623e-05
ham,chasing,2,5.2987150615975623e-05
ham,kicks,2,5.2987150615975623e-05
ham,dime,2,5.2987150615975623e-05
ham,falling,2,5.2987150615975623e-05
ham,smeone,2,5.2987150615975623e-05
ham,fire,2,5.2987150615975623e-05
ham,flame,2,5.2987150615975623e-05
ham,propose,2,5.2987150615975623e-05
ham,gods,2,5.2987150615975623e-05
ham,dippeditinadew,2,5.2987150615975623e-05
ham,lovingly,2,5.2987150615975623e-05
ham,itwhichturnedinto,2,5.2987150615975623e-05
ham,gifted,2,5.2987150615975623e-05
ham,tomeandsaid,2,5.2987150615975623e-05
ham,batch,2,5.2987150615975623e-05
ham,app,2,5.2987150615975623e-05
ham,flaky,2,5.2987150615975623e-05
ham,sooooo,2,5.2987150615975623e-05
ham,tooo,2,5.2987150615975623e-05
ham,confuses,2,5.2987150615975623e-05
ham,wating,2,5.2987150615975623e-05
ham,adoring,2,5.2987150615975623e-05
ham,brought,2,5.2987150615975623e-05
ham,constant,2,5.2987150615975623e-05
ham,cared,2,5.2987150615975623e-05
ham,switch,2,5.2987150615975623e-05
ham,fly,2,5.2987150615975623e-05
ham,event,2,5.2987150615975623e-05
ham,partnership,2,5.2987150615975623e-05
ham,mostly,2,5.2987150615975623e-05
ham,jas,2,5.2987150615975623e-05
ham,poker,2,5.2987150615975623e-05
ham,messy,2,5.2987150615975623e-05
ham,traffic,2,5.2987150615975623e-05
ham,moves,2,5.2987150615975623e-05
ham,slip,2,5.2987150615975623e-05
ham,wkg,2,5.2987150615975623e-05
ham,nus,2,5.2987150615975623e-05
ham,keeps,2,5.2987150615975623e-05
ham,gotten,2,5.2987150615975623e-05
ham,unknown,2,5.2987150615975623e-05
ham,stick,2,5.2987150615975623e-05
ham,indeed,2,5.2987150615975623e-05
ham,48,2,5.2987150615975623e-05
ham,james,2,5.2987150615975623e-05
ham,maangalyam,2,5.2987150615975623e-05
ham,alaipayuthe,2,5.2987150615975623e-05
ham,calm,2,5.2987150615975623e-05
ham,up4,2,5.2987150615975623e-05
ham,becomes,2,5.2987150615975623e-05
ham,habit,2,5.2987150615975623e-05
ham,schedule,2,5.2987150615975623e-05
ham,contacts,2,5.2987150615975623e-05
ham,forgets,2,5.2987150615975623e-05
ham,mandan,2,5.2987150615975623e-05
ham,recharge,2,5.2987150615975623e-05
ham,transfr,2,5.2987150615975623e-05
ham,didnåõt,2,5.2987150615975623e-05
ham,desparate,2,5.2987150615975623e-05
ham,fake,2,5.2987150615975623e-05
ham,combine,2,5.2987150615975623e-05
ham,sian,2,5.2987150615975623e-05
ham,received,2,5.2987150615975623e-05
ham,access,2,5.2987150615975623e-05
ham,joanna,2,5.2987150615975623e-05
ham,replacement,2,5.2987150615975623e-05
ham,telly,2,5.2987150615975623e-05
ham,wipro,2,5.2987150615975623e-05
ham,delete,2,5.2987150615975623e-05
ham,laundry,2,5.2987150615975623e-05
ham,underwear,2,5.2987150615975623e-05
ham,connect,2,5.2987150615975623e-05
ham,waheed,2,5.2987150615975623e-05
ham,pushes,2,5.2987150615975623e-05
ham,nichols,2,5.2987150615975623e-05
ham,avoiding,2,5.2987150615975623e-05
ham,uh,2,5.2987150615975623e-05
ham,heads,2,5.2987150615975623e-05
ham,mp3,2,5.2987150615975623e-05
ham,vday,2,5.2987150615975623e-05
ham,build,2,5.2987150615975623e-05
ham,snowman,2,5.2987150615975623e-05
ham,fights,2,5.2987150615975623e-05
ham,ofice,2,5.2987150615975623e-05
ham,prescription,2,5.2987150615975623e-05
ham,electricity,2,5.2987150615975623e-05
ham,fujitsu,2,5.2987150615975623e-05
ham,scold,2,5.2987150615975623e-05
ham,disturbing,2,5.2987150615975623e-05
ham,flies,2,5.2987150615975623e-05
ham,woken,2,5.2987150615975623e-05
ham,aka,2,5.2987150615975623e-05
ham,jane,2,5.2987150615975623e-05
ham,delhi,2,5.2987150615975623e-05
ham,fringe,2,5.2987150615975623e-05
ham,distract,2,5.2987150615975623e-05
ham,mel,2,5.2987150615975623e-05
ham,choice,2,5.2987150615975623e-05
ham,responsibility,2,5.2987150615975623e-05
ham,kid,2,5.2987150615975623e-05
ham,affair,2,5.2987150615975623e-05
ham,nd,2,5.2987150615975623e-05
ham,parco,2,5.2987150615975623e-05
ham,nb,2,5.2987150615975623e-05
ham,hallaq,2,5.2987150615975623e-05
ham,pink,2,5.2987150615975623e-05
ham,lyk,2,5.2987150615975623e-05
ham,bck,2,5.2987150615975623e-05
ham,color,2,5.2987150615975623e-05
ham,sleepwell,2,5.2987150615975623e-05
ham,mca,2,5.2987150615975623e-05
ham,vomiting,2,5.2987150615975623e-05
ham,rub,2,5.2987150615975623e-05
ham,clever,2,5.2987150615975623e-05
ham,ryan,2,5.2987150615975623e-05
ham,xam,2,5.2987150615975623e-05
ham,manage,2,5.2987150615975623e-05
ham,shitload,2,5.2987150615975623e-05
ham,diamonds,2,5.2987150615975623e-05
ham,mcat,2,5.2987150615975623e-05
ham,sacrifice,2,5.2987150615975623e-05
ham,stayin,2,5.2987150615975623e-05
ham,cld,2,5.2987150615975623e-05
ham,wales,2,5.2987150615975623e-05
ham,killed,2,5.2987150615975623e-05
ham,london,2,5.2987150615975623e-05
ham,speed,2,5.2987150615975623e-05
ham,played,2,5.2987150615975623e-05
ham,ps,2,5.2987150615975623e-05
ham,tok,2,5.2987150615975623e-05
ham,specific,2,5.2987150615975623e-05
ham,figures,2,5.2987150615975623e-05
ham,cousin,2,5.2987150615975623e-05
ham,excuses,2,5.2987150615975623e-05
ham,neck,2,5.2987150615975623e-05
ham,continue,2,5.2987150615975623e-05
ham,holy,2,5.2987150615975623e-05
ham,billion,2,5.2987150615975623e-05
ham,classes,2,5.2987150615975623e-05
ham,youre,2,5.2987150615975623e-05
ham,turning,2,5.2987150615975623e-05
ham,belive,2,5.2987150615975623e-05
ham,slots,2,5.2987150615975623e-05
ham,discussed,2,5.2987150615975623e-05
ham,comp,2,5.2987150615975623e-05
ham,spoiled,2,5.2987150615975623e-05
ham,sales,2,5.2987150615975623e-05
ham,complaint,2,5.2987150615975623e-05
ham,lounge,2,5.2987150615975623e-05
ham,lk,2,5.2987150615975623e-05
ham,lov,2,5.2987150615975623e-05
ham,exciting,2,5.2987150615975623e-05
ham,700,2,5.2987150615975623e-05
ham,bedrm,2,5.2987150615975623e-05
ham,waited,2,5.2987150615975623e-05
ham,huge,2,5.2987150615975623e-05
ham,mids,2,5.2987150615975623e-05
ham,annie,2,5.2987150615975623e-05
ham,hrishi,2,5.2987150615975623e-05
ham,nothin,2,5.2987150615975623e-05
ham,poem,2,5.2987150615975623e-05
ham,regular,2,5.2987150615975623e-05
ham,nahi,2,5.2987150615975623e-05
ham,zindgi,2,5.2987150615975623e-05
ham,wo,2,5.2987150615975623e-05
ham,jo,2,5.2987150615975623e-05
ham,dan,2,5.2987150615975623e-05
ham,aww,2,5.2987150615975623e-05
ham,nearly,2,5.2987150615975623e-05
ham,staring,2,5.2987150615975623e-05
ham,unnecessarily,2,5.2987150615975623e-05
ham,weigh,2,5.2987150615975623e-05
ham,tom,2,5.2987150615975623e-05
ham,propsd,2,5.2987150615975623e-05
ham,gv,2,5.2987150615975623e-05
ham,lv,2,5.2987150615975623e-05
ham,lttrs,2,5.2987150615975623e-05
ham,threw,2,5.2987150615975623e-05
ham,aproach,2,5.2987150615975623e-05
ham,dt,2,5.2987150615975623e-05
ham,truck,2,5.2987150615975623e-05
ham,speeding,2,5.2987150615975623e-05
ham,instantly,2,5.2987150615975623e-05
ham,thy,2,5.2987150615975623e-05
ham,lived,2,5.2987150615975623e-05
ham,happily,2,5.2987150615975623e-05
ham,2gthr,2,5.2987150615975623e-05
ham,evrydy,2,5.2987150615975623e-05
ham,paragon,2,5.2987150615975623e-05
ham,arent,2,5.2987150615975623e-05
ham,bluff,2,5.2987150615975623e-05
ham,sary,2,5.2987150615975623e-05
ham,www,2,5.2987150615975623e-05
ham,realize,2,5.2987150615975623e-05
ham,piece,2,5.2987150615975623e-05
ham,wiskey,2,5.2987150615975623e-05
ham,brandy,2,5.2987150615975623e-05
ham,rum,2,5.2987150615975623e-05
ham,gin,2,5.2987150615975623e-05
ham,scotch,2,5.2987150615975623e-05
ham,shampain,2,5.2987150615975623e-05
ham,kudi,2,5.2987150615975623e-05
ham,yarasu,2,5.2987150615975623e-05
ham,dhina,2,5.2987150615975623e-05
ham,vaazhthukkal,2,5.2987150615975623e-05
ham,kg,2,5.2987150615975623e-05
ham,dumb,2,5.2987150615975623e-05
ham,dressed,2,5.2987150615975623e-05
ham,kills,2,5.2987150615975623e-05
ham,kay,2,5.2987150615975623e-05
ham,wasted,2,5.2987150615975623e-05
ham,christ,2,5.2987150615975623e-05
ham,push,2,5.2987150615975623e-05
ham,answered,2,5.2987150615975623e-05
ham,swiss,2,5.2987150615975623e-05
ham,crore,2,5.2987150615975623e-05
ham,jobs,2,5.2987150615975623e-05
ham,lane,2,5.2987150615975623e-05
ham,monthly,2,5.2987150615975623e-05
ham,politicians,2,5.2987150615975623e-05
ham,rights,2,5.2987150615975623e-05
ham,donno,2,5.2987150615975623e-05
ham,stars,2,5.2987150615975623e-05
ham,properly,2,5.2987150615975623e-05
ham,630,2,5.2987150615975623e-05
ham,furniture,2,5.2987150615975623e-05
ham,lock,2,5.2987150615975623e-05
ham,shoving,2,5.2987150615975623e-05
ham,papers,2,5.2987150615975623e-05
ham,strange,2,5.2987150615975623e-05
ham,upto,2,5.2987150615975623e-05
ham,indyarocks,2,5.2987150615975623e-05
ham,resume,2,5.2987150615975623e-05
ham,direct,2,5.2987150615975623e-05
ham,whr,2,5.2987150615975623e-05
ham,yunny,2,5.2987150615975623e-05
ham,mmmmm,2,5.2987150615975623e-05
ham,relatives,2,5.2987150615975623e-05
ham,environment,2,5.2987150615975623e-05
ham,terrific,2,5.2987150615975623e-05
ham,dr,2,5.2987150615975623e-05
ham,superior,2,5.2987150615975623e-05
ham,ruin,2,5.2987150615975623e-05
ham,contract,2,5.2987150615975623e-05
ham,department,2,5.2987150615975623e-05
ham,conform,2,5.2987150615975623e-05
ham,member,2,5.2987150615975623e-05
ham,bc,2,5.2987150615975623e-05
ham,toshiba,2,5.2987150615975623e-05
ham,sam,2,5.2987150615975623e-05
ham,innocent,2,5.2987150615975623e-05
ham,mental,2,5.2987150615975623e-05
ham,hoped,2,5.2987150615975623e-05
ham,bills,2,5.2987150615975623e-05
ham,2marrow,2,5.2987150615975623e-05
ham,hon,2,5.2987150615975623e-05
ham,treated,2,5.2987150615975623e-05
ham,9pm,2,5.2987150615975623e-05
ham,fab,2,5.2987150615975623e-05
ham,tiwary,2,5.2987150615975623e-05
ham,bang,2,5.2987150615975623e-05
ham,pap,2,5.2987150615975623e-05
ham,arts,2,5.2987150615975623e-05
ham,pandy,2,5.2987150615975623e-05
ham,edu,2,5.2987150615975623e-05
ham,secretary,2,5.2987150615975623e-05
ham,dollar,2,5.2987150615975623e-05
ham,pull,2,5.2987150615975623e-05
ham,amongst,2,5.2987150615975623e-05
ham,nalla,2,5.2987150615975623e-05
ham,northampton,2,5.2987150615975623e-05
ham,abj,2,5.2987150615975623e-05
ham,serving,2,5.2987150615975623e-05
ham,landline,2,5.2987150615975623e-05
ham,anna,2,5.2987150615975623e-05
ham,nagar,2,5.2987150615975623e-05
ham,sony,2,5.2987150615975623e-05
ham,valued,2,5.2987150615975623e-05
ham,evr,2,5.2987150615975623e-05
ham,neither,2,5.2987150615975623e-05
ham,hugs,2,5.2987150615975623e-05
ham,snogs,2,5.2987150615975623e-05
ham,west,2,5.2987150615975623e-05
ham,chase,2,5.2987150615975623e-05
ham,steam,2,5.2987150615975623e-05
ham,reg,2,5.2987150615975623e-05
ham,sleepy,2,5.2987150615975623e-05
ham,ben,2,5.2987150615975623e-05
ham,mag,2,5.2987150615975623e-05
ham,diwali,2,5.2987150615975623e-05
ham,onion,2,5.2987150615975623e-05
ham,thgt,2,5.2987150615975623e-05
ham,lower,2,5.2987150615975623e-05
ham,various,2,5.2987150615975623e-05
ham,exhaust,2,5.2987150615975623e-05
ham,pee,2,5.2987150615975623e-05
ham,success,2,5.2987150615975623e-05
ham,division,2,5.2987150615975623e-05
ham,creep,2,5.2987150615975623e-05
ham,lies,2,5.2987150615975623e-05
ham,property,2,5.2987150615975623e-05
ham,bbd,2,5.2987150615975623e-05
ham,pimples,2,5.2987150615975623e-05
ham,yellow,2,5.2987150615975623e-05
ham,doubt,2,5.2987150615975623e-05
ham,japanese,2,5.2987150615975623e-05
ham,proverb,2,5.2987150615975623e-05
ham,coin,2,5.2987150615975623e-05
ham,freedom,2,5.2987150615975623e-05
ham,twenty,2,5.2987150615975623e-05
ham,painting,2,5.2987150615975623e-05
ham,nowadays,2,5.2987150615975623e-05
ham,city,2,5.2987150615975623e-05
ham,talks,2,5.2987150615975623e-05
ham,probs,2,5.2987150615975623e-05
ham,low,2,5.2987150615975623e-05
ham,swatch,2,5.2987150615975623e-05
ham,ganesh,2,5.2987150615975623e-05
ham,trips,2,5.2987150615975623e-05
ham,sex,2,5.2987150615975623e-05
ham,helloooo,2,5.2987150615975623e-05
ham,welcomes,2,5.2987150615975623e-05
ham,2geva,2,5.2987150615975623e-05
ham,wuld,2,5.2987150615975623e-05
ham,solved,2,5.2987150615975623e-05
ham,ing,2,5.2987150615975623e-05
ham,sake,2,5.2987150615975623e-05
ham,bruce,2,5.2987150615975623e-05
ham,teaching,2,5.2987150615975623e-05
ham,chest,2,5.2987150615975623e-05
ham,covers,2,5.2987150615975623e-05
ham,brief,2,5.2987150615975623e-05
ham,hang,2,5.2987150615975623e-05
ham,reboot,2,5.2987150615975623e-05
ham,phoned,2,5.2987150615975623e-05
ham,hm,2,5.2987150615975623e-05
ham,salon,2,5.2987150615975623e-05
ham,evenings,2,5.2987150615975623e-05
ham,raj,2,5.2987150615975623e-05
ham,payment,2,5.2987150615975623e-05
ham,shore,2,5.2987150615975623e-05
ham,waves,2,5.2987150615975623e-05
ham,clearing,2,5.2987150615975623e-05
ham,following,2,5.2987150615975623e-05
ham,range,2,5.2987150615975623e-05
ham,click,2,5.2987150615975623e-05
ham,topic,2,5.2987150615975623e-05
ham,admin,2,5.2987150615975623e-05
ham,andros,2,5.2987150615975623e-05
ham,meets,2,5.2987150615975623e-05
ham,foot,2,5.2987150615975623e-05
ham,penis,2,5.2987150615975623e-05
ham,sigh,2,5.2987150615975623e-05
ham,vth,2,5.2987150615975623e-05
ham,eveb,2,5.2987150615975623e-05
ham,window,2,5.2987150615975623e-05
ham,dates,2,5.2987150615975623e-05
ham,auction,2,5.2987150615975623e-05
ham,cancelled,2,5.2987150615975623e-05
ham,agalla,2,5.2987150615975623e-05
ham,count,2,5.2987150615975623e-05
ham,challenge,2,5.2987150615975623e-05
ham,otside,2,5.2987150615975623e-05
ham,size,2,5.2987150615975623e-05
ham,itåõs,2,5.2987150615975623e-05
ham,tight,2,5.2987150615975623e-05
ham,av,2,5.2987150615975623e-05
ham,everyday,2,5.2987150615975623e-05
ham,curious,2,5.2987150615975623e-05
ham,terms,2,5.2987150615975623e-05
ham,postcard,2,5.2987150615975623e-05
ham,bread,2,5.2987150615975623e-05
ham,mahal,2,5.2987150615975623e-05
ham,luvs,2,5.2987150615975623e-05
ham,ding,2,5.2987150615975623e-05
ham,allowed,2,5.2987150615975623e-05
ham,necessary,2,5.2987150615975623e-05
ham,messaged,2,5.2987150615975623e-05
ham,deus,2,5.2987150615975623e-05
ham,tap,2,5.2987150615975623e-05
ham,spile,2,5.2987150615975623e-05
ham,broad,2,5.2987150615975623e-05
ham,canal,2,5.2987150615975623e-05
ham,engin,2,5.2987150615975623e-05
ham,edge,2,5.2987150615975623e-05
ham,east,2,5.2987150615975623e-05
ham,howard,2,5.2987150615975623e-05
ham,cooked,2,5.2987150615975623e-05
ham,cheat,2,5.2987150615975623e-05
ham,ruining,2,5.2987150615975623e-05
ham,in2,2,5.2987150615975623e-05
ham,ee,2,5.2987150615975623e-05
ham,easily,2,5.2987150615975623e-05
ham,selfish,2,5.2987150615975623e-05
ham,fml,2,5.2987150615975623e-05
ham,custom,2,5.2987150615975623e-05
ham,sac,2,5.2987150615975623e-05
ham,jiayin,2,5.2987150615975623e-05
ham,forgotten,2,5.2987150615975623e-05
ham,reverse,2,5.2987150615975623e-05
ham,cheating,2,5.2987150615975623e-05
ham,mathematics,2,5.2987150615975623e-05
ham,2waxsto,2,5.2987150615975623e-05
ham,minimum,2,5.2987150615975623e-05
ham,elaine,2,5.2987150615975623e-05
ham,drunken,2,5.2987150615975623e-05
ham,mess,2,5.2987150615975623e-05
ham,crisis,2,5.2987150615975623e-05
ham,____,2,5.2987150615975623e-05
ham,ias,2,5.2987150615975623e-05
ham,mb,2,5.2987150615975623e-05
ham,response,2,5.2987150615975623e-05
ham,info,2,5.2987150615975623e-05
ham,desires,2,5.2987150615975623e-05
ham,1030,2,5.2987150615975623e-05
ham,priscilla,2,5.2987150615975623e-05
ham,kent,2,5.2987150615975623e-05
ham,vale,2,5.2987150615975623e-05
ham,prince,2,5.2987150615975623e-05
ham,base,2,5.2987150615975623e-05
ham,placement,2,5.2987150615975623e-05
ham,sumthin,2,5.2987150615975623e-05
ham,lion,2,5.2987150615975623e-05
ham,devouring,2,5.2987150615975623e-05
ham,airtel,2,5.2987150615975623e-05
ham,25,2,5.2987150615975623e-05
ham,jaya,2,5.2987150615975623e-05
ham,forums,2,5.2987150615975623e-05
ham,shahjahan,2,5.2987150615975623e-05
ham,ship,2,5.2987150615975623e-05
ham,maturity,2,5.2987150615975623e-05
ham,kavalan,2,5.2987150615975623e-05
ham,causing,2,5.2987150615975623e-05
ham,football,2,5.2987150615975623e-05
ham,xin,2,5.2987150615975623e-05
ham,lib,2,5.2987150615975623e-05
ham,difference,2,5.2987150615975623e-05
ham,despite,2,5.2987150615975623e-05
ham,dark,2,5.2987150615975623e-05
ham,swoop,2,5.2987150615975623e-05
ham,langport,2,5.2987150615975623e-05
ham,mistakes,2,5.2987150615975623e-05
ham,vegas,2,5.2987150615975623e-05
ham,lou,2,5.2987150615975623e-05
ham,båõday,2,5.2987150615975623e-05
ham,vewy,2,5.2987150615975623e-05
ham,pool,2,5.2987150615975623e-05
ham,co,2,5.2987150615975623e-05
ham,disconnect,2,5.2987150615975623e-05
ham,attempt,2,5.2987150615975623e-05
ham,terrorist,2,5.2987150615975623e-05
ham,confirmd,2,5.2987150615975623e-05
ham,motorola,2,5.2987150615975623e-05
ham,verified,2,5.2987150615975623e-05
ham,cnn,2,5.2987150615975623e-05
ham,ibn,2,5.2987150615975623e-05
ham,hppnss,2,5.2987150615975623e-05
ham,sorrow,2,5.2987150615975623e-05
ham,goodfriend,2,5.2987150615975623e-05
ham,stayed,2,5.2987150615975623e-05
ham,stones,2,5.2987150615975623e-05
ham,atlast,2,5.2987150615975623e-05
ham,desert,2,5.2987150615975623e-05
ham,review,2,5.2987150615975623e-05
ham,funeral,2,5.2987150615975623e-05
ham,vivek,2,5.2987150615975623e-05
ham,brah,2,5.2987150615975623e-05
ham,protect,2,5.2987150615975623e-05
ham,sib,2,5.2987150615975623e-05
ham,sensitive,2,5.2987150615975623e-05
ham,passwords,2,5.2987150615975623e-05
ham,pc,2,5.2987150615975623e-05
ham,ipad,2,5.2987150615975623e-05
ham,bird,2,5.2987150615975623e-05
ham,cheese,2,5.2987150615975623e-05
ham,hsbc,2,5.2987150615975623e-05
ham,melt,2,5.2987150615975623e-05
ham,eek,2,5.2987150615975623e-05
ham,pound,2,5.2987150615975623e-05
ham,heater,2,5.2987150615975623e-05
ham,2moro,2,5.2987150615975623e-05
ham,eta,2,5.2987150615975623e-05
ham,literally,2,5.2987150615975623e-05
ham,kothi,2,5.2987150615975623e-05
ham,prof,2,5.2987150615975623e-05
ham,sem,2,5.2987150615975623e-05
ham,student,2,5.2987150615975623e-05
ham,actual,2,5.2987150615975623e-05
ham,sathya,2,5.2987150615975623e-05
ham,smart,2,5.2987150615975623e-05
ham,dealing,2,5.2987150615975623e-05
ham,reasonable,2,5.2987150615975623e-05
ham,kappa,2,5.2987150615975623e-05
ham,piss,2,5.2987150615975623e-05
ham,receipts,2,5.2987150615975623e-05
ham,karaoke,2,5.2987150615975623e-05
ham,guessing,2,5.2987150615975623e-05
ham,royal,2,5.2987150615975623e-05
ham,wedding,2,5.2987150615975623e-05
ham,calculation,2,5.2987150615975623e-05
ham,blur,2,5.2987150615975623e-05
ham,clothes,2,5.2987150615975623e-05
ham,lush,2,5.2987150615975623e-05
ham,greatest,2,5.2987150615975623e-05
ham,courage,2,5.2987150615975623e-05
ham,bear,2,5.2987150615975623e-05
ham,defeat,2,5.2987150615975623e-05
ham,fucked,2,5.2987150615975623e-05
ham,beauty,2,5.2987150615975623e-05
ham,moving,2,5.2987150615975623e-05
ham,sunlight,2,5.2987150615975623e-05
ham,mates,2,5.2987150615975623e-05
ham,jogging,2,5.2987150615975623e-05
ham,concert,2,5.2987150615975623e-05
ham,shelf,2,5.2987150615975623e-05
ham,previous,2,5.2987150615975623e-05
ham,mokka,2,5.2987150615975623e-05
ham,bone,2,5.2987150615975623e-05
ham,steve,2,5.2987150615975623e-05
ham,epsilon,2,5.2987150615975623e-05
ham,mesages,2,5.2987150615975623e-05
ham,lst,2,5.2987150615975623e-05
ham,evry,2,5.2987150615975623e-05
ham,massive,2,5.2987150615975623e-05
ham,absolutly,2,5.2987150615975623e-05
ham,forms,2,5.2987150615975623e-05
ham,academic,2,5.2987150615975623e-05
ham,convinced,2,5.2987150615975623e-05
ham,coast,2,5.2987150615975623e-05
ham,suppose,2,5.2987150615975623e-05
ham,clearly,2,5.2987150615975623e-05
ham,gain,2,5.2987150615975623e-05
ham,cha,2,5.2987150615975623e-05
ham,realise,2,5.2987150615975623e-05
ham,managed,2,5.2987150615975623e-05
ham,acted,2,5.2987150615975623e-05
ham,mis,2,5.2987150615975623e-05
ham,print,2,5.2987150615975623e-05
ham,dokey,2,5.2987150615975623e-05
ham,sleepin,2,5.2987150615975623e-05
ham,minor,2,5.2987150615975623e-05
ham,denis,2,5.2987150615975623e-05
ham,woulda,2,5.2987150615975623e-05
ham,miserable,2,5.2987150615975623e-05
ham,shoppin,2,5.2987150615975623e-05
ham,results,2,5.2987150615975623e-05
ham,celebration,2,5.2987150615975623e-05
ham,nuther,2,5.2987150615975623e-05
ham,infections,2,5.2987150615975623e-05
ham,parent,2,5.2987150615975623e-05
ham,woot,2,5.2987150615975623e-05
ham,cme,2,5.2987150615975623e-05
ham,parking,2,5.2987150615975623e-05
ham,sarasota,2,5.2987150615975623e-05
ham,cherish,2,5.2987150615975623e-05
ham,slp,2,5.2987150615975623e-05
ham,muah,2,5.2987150615975623e-05
ham,4eva,2,5.2987150615975623e-05
ham,discount,2,5.2987150615975623e-05
ham,gastroenteritis,2,5.2987150615975623e-05
ham,replace,2,5.2987150615975623e-05
ham,reduce,2,5.2987150615975623e-05
ham,limiting,2,5.2987150615975623e-05
ham,illness,2,5.2987150615975623e-05
ham,favorite,2,5.2987150615975623e-05
ham,pride,2,5.2987150615975623e-05
ham,respectful,2,5.2987150615975623e-05
ham,amused,2,5.2987150615975623e-05
ham,shu,2,5.2987150615975623e-05
ham,island,2,5.2987150615975623e-05
ham,jurong,1,2.6493575307987812e-05
ham,amore,1,2.6493575307987812e-05
ham,aids,1,2.6493575307987812e-05
ham,patent,1,2.6493575307987812e-05
ham,cried,1,2.6493575307987812e-05
ham,breather,1,2.6493575307987812e-05
ham,granted,1,2.6493575307987812e-05
ham,fulfil,1,2.6493575307987812e-05
ham,gota,1,2.6493575307987812e-05
ham,ffffffffff,1,2.6493575307987812e-05
ham,forced,1,2.6493575307987812e-05
ham,packing,1,2.6493575307987812e-05
ham,ahhh,1,2.6493575307987812e-05
ham,vaguely,1,2.6493575307987812e-05
ham,apologetic,1,2.6493575307987812e-05
ham,fallen,1,2.6493575307987812e-05
ham,actin,1,2.6493575307987812e-05
ham,spoilt,1,2.6493575307987812e-05
ham,badly,1,2.6493575307987812e-05
ham,fainting,1,2.6493575307987812e-05
ham,housework,1,2.6493575307987812e-05
ham,cuppa,1,2.6493575307987812e-05
ham,timings,1,2.6493575307987812e-05
ham,watts,1,2.6493575307987812e-05
ham,arabian,1,2.6493575307987812e-05
ham,steed,1,2.6493575307987812e-05
ham,endowed,1,2.6493575307987812e-05
ham,hep,1,2.6493575307987812e-05
ham,immunisation,1,2.6493575307987812e-05
ham,stubborn,1,2.6493575307987812e-05
ham,sucker,1,2.6493575307987812e-05
ham,suckers,1,2.6493575307987812e-05
ham,thinked,1,2.6493575307987812e-05
ham,smarter,1,2.6493575307987812e-05
ham,crashing,1,2.6493575307987812e-05
ham,accomodations,1,2.6493575307987812e-05
ham,cave,1,2.6493575307987812e-05
ham,offered,1,2.6493575307987812e-05
ham,embarassing,1,2.6493575307987812e-05
ham,mallika,1,2.6493575307987812e-05
ham,sherawat,1,2.6493575307987812e-05
ham,gauti,1,2.6493575307987812e-05
ham,sehwag,1,2.6493575307987812e-05
ham,burger,1,2.6493575307987812e-05
ham,seekers,1,2.6493575307987812e-05
ham,performed,1,2.6493575307987812e-05
ham,peoples,1,2.6493575307987812e-05
ham,operate,1,2.6493575307987812e-05
ham,multis,1,2.6493575307987812e-05
ham,factory,1,2.6493575307987812e-05
ham,casualty,1,2.6493575307987812e-05
ham,stuff42moro,1,2.6493575307987812e-05
ham,includes,1,2.6493575307987812e-05
ham,loans,1,2.6493575307987812e-05
ham,hairdressers,1,2.6493575307987812e-05
ham,beforehand,1,2.6493575307987812e-05
ham,ams,1,2.6493575307987812e-05
ham,4the,1,2.6493575307987812e-05
ham,signin,1,2.6493575307987812e-05
ham,memorable,1,2.6493575307987812e-05
ham,ip,1,2.6493575307987812e-05
ham,minecraft,1,2.6493575307987812e-05
ham,server,1,2.6493575307987812e-05
ham,grumpy,1,2.6493575307987812e-05
ham,lying,1,2.6493575307987812e-05
ham,plural,1,2.6493575307987812e-05
ham,openin,1,2.6493575307987812e-05
ham,formal,1,2.6493575307987812e-05
ham,ratio,1,2.6493575307987812e-05
ham,apples,1,2.6493575307987812e-05
ham,pairs,1,2.6493575307987812e-05
ham,malarky,1,2.6493575307987812e-05
ham,sao,1,2.6493575307987812e-05
ham,predict,1,2.6493575307987812e-05
ham,involve,1,2.6493575307987812e-05
ham,imposed,1,2.6493575307987812e-05
ham,del,1,2.6493575307987812e-05
ham,lucyxx,1,2.6493575307987812e-05
ham,tmorrow,1,2.6493575307987812e-05
ham,accomodate,1,2.6493575307987812e-05
ham,hotmail,1,2.6493575307987812e-05
ham,nver,1,2.6493575307987812e-05
ham,biggest,1,2.6493575307987812e-05
ham,dot,1,2.6493575307987812e-05
ham,ummma,1,2.6493575307987812e-05
ham,sindu,1,2.6493575307987812e-05
ham,nevering,1,2.6493575307987812e-05
ham,typical,1,2.6493575307987812e-05
ham,dirt,1,2.6493575307987812e-05
ham,chores,1,2.6493575307987812e-05
ham,exist,1,2.6493575307987812e-05
ham,hail,1,2.6493575307987812e-05
ham,mist,1,2.6493575307987812e-05
ham,aaooooright,1,2.6493575307987812e-05
ham,envy,1,2.6493575307987812e-05
ham,excited,1,2.6493575307987812e-05
ham,cultures,1,2.6493575307987812e-05
ham,missunderstding,1,2.6493575307987812e-05
ham,bridge,1,2.6493575307987812e-05
ham,lager,1,2.6493575307987812e-05
ham,axis,1,2.6493575307987812e-05
ham,surname,1,2.6493575307987812e-05
ham,clue,1,2.6493575307987812e-05
ham,spanish,1,2.6493575307987812e-05
ham,begins,1,2.6493575307987812e-05
ham,lifted,1,2.6493575307987812e-05
ham,hopes,1,2.6493575307987812e-05
ham,approaches,1,2.6493575307987812e-05
ham,handsome,1,2.6493575307987812e-05
ham,finding,1,2.6493575307987812e-05
ham,league,1,2.6493575307987812e-05
ham,ors,1,2.6493575307987812e-05
ham,stool,1,2.6493575307987812e-05
ham,1pm,1,2.6493575307987812e-05
ham,babyjontet,1,2.6493575307987812e-05
ham,enc,1,2.6493575307987812e-05
ham,ga,1,2.6493575307987812e-05
ham,alter,1,2.6493575307987812e-05
ham,dats,1,2.6493575307987812e-05
ham,dogg,1,2.6493575307987812e-05
ham,refund,1,2.6493575307987812e-05
ham,prediction,1,2.6493575307987812e-05
ham,register,1,2.6493575307987812e-05
ham,ubandu,1,2.6493575307987812e-05
ham,disk,1,2.6493575307987812e-05
ham,scenery,1,2.6493575307987812e-05
ham,elama,1,2.6493575307987812e-05
ham,mudyadhu,1,2.6493575307987812e-05
ham,strict,1,2.6493575307987812e-05
ham,gandhipuram,1,2.6493575307987812e-05
ham,cross,1,2.6493575307987812e-05
ham,rubber,1,2.6493575307987812e-05
ham,hearing,1,2.6493575307987812e-05
ham,pleassssssseeeeee,1,2.6493575307987812e-05
ham,sportsx,1,2.6493575307987812e-05
ham,baig,1,2.6493575307987812e-05
ham,watches,1,2.6493575307987812e-05
ham,ups,1,2.6493575307987812e-05
ham,3days,1,2.6493575307987812e-05
ham,2wks,1,2.6493575307987812e-05
ham,usps,1,2.6493575307987812e-05
ham,bribe,1,2.6493575307987812e-05
ham,nipost,1,2.6493575307987812e-05
ham,suzy,1,2.6493575307987812e-05
ham,luton,1,2.6493575307987812e-05
ham,0125698789,1,2.6493575307987812e-05
ham,sometme,1,2.6493575307987812e-05
ham,evo,1,2.6493575307987812e-05
ham,narcotics,1,2.6493575307987812e-05
ham,objection,1,2.6493575307987812e-05
ham,rob,1,2.6493575307987812e-05
ham,mack,1,2.6493575307987812e-05
ham,theater,1,2.6493575307987812e-05
ham,celebrations,1,2.6493575307987812e-05
ham,ahold,1,2.6493575307987812e-05
ham,cruisin,1,2.6493575307987812e-05
ham,varunnathu,1,2.6493575307987812e-05
ham,edukkukayee,1,2.6493575307987812e-05
ham,raksha,1,2.6493575307987812e-05
ham,ollu,1,2.6493575307987812e-05
ham,resend,1,2.6493575307987812e-05
ham,gurl,1,2.6493575307987812e-05
ham,appropriate,1,2.6493575307987812e-05
ham,diesel,1,2.6493575307987812e-05
ham,fridge,1,2.6493575307987812e-05
ham,womdarfull,1,2.6493575307987812e-05
ham,remb,1,2.6493575307987812e-05
ham,jos,1,2.6493575307987812e-05
ham,bookshelf,1,2.6493575307987812e-05
ham,mylife,1,2.6493575307987812e-05
ham,l8,1,2.6493575307987812e-05
ham,gon,1,2.6493575307987812e-05
ham,guild,1,2.6493575307987812e-05
ham,evaporated,1,2.6493575307987812e-05
ham,privacy,1,2.6493575307987812e-05
ham,stealing,1,2.6493575307987812e-05
ham,employer,1,2.6493575307987812e-05
ham,daaaaa,1,2.6493575307987812e-05
ham,wined,1,2.6493575307987812e-05
ham,dined,1,2.6493575307987812e-05
ham,1000s,1,2.6493575307987812e-05
ham,hiding,1,2.6493575307987812e-05
ham,huiming,1,2.6493575307987812e-05
ham,prestige,1,2.6493575307987812e-05
ham,jeremiah,1,2.6493575307987812e-05
ham,iphone,1,2.6493575307987812e-05
ham,apeshit,1,2.6493575307987812e-05
ham,safely,1,2.6493575307987812e-05
ham,onam,1,2.6493575307987812e-05
ham,sirji,1,2.6493575307987812e-05
ham,tata,1,2.6493575307987812e-05
ham,aig,1,2.6493575307987812e-05
ham,andrews,1,2.6493575307987812e-05
ham,db,1,2.6493575307987812e-05
ham,sunshine,1,2.6493575307987812e-05
ham,dawns,1,2.6493575307987812e-05
ham,refreshed,1,2.6493575307987812e-05
ham,z,1,2.6493575307987812e-05
ham,uniform,1,2.6493575307987812e-05
ham,spoil,1,2.6493575307987812e-05
ham,lindsay,1,2.6493575307987812e-05
ham,bars,1,2.6493575307987812e-05
ham,heron,1,2.6493575307987812e-05
ham,payasam,1,2.6493575307987812e-05
ham,rinu,1,2.6493575307987812e-05
ham,taught,1,2.6493575307987812e-05
ham,becaus,1,2.6493575307987812e-05
ham,verifying,1,2.6493575307987812e-05
ham,prabu,1,2.6493575307987812e-05
ham,repairs,1,2.6493575307987812e-05
ham,followin,1,2.6493575307987812e-05
ham,wallet,1,2.6493575307987812e-05
ham,945,1,2.6493575307987812e-05
ham,owl,1,2.6493575307987812e-05
ham,kickboxing,1,2.6493575307987812e-05
ham,lap,1,2.6493575307987812e-05
ham,performance,1,2.6493575307987812e-05
ham,award,1,2.6493575307987812e-05
ham,calculated,1,2.6493575307987812e-05
ham,wahleykkum,1,2.6493575307987812e-05
ham,visitor,1,2.6493575307987812e-05
ham,stoners,1,2.6493575307987812e-05
ham,disastrous,1,2.6493575307987812e-05
ham,fav,1,2.6493575307987812e-05
ham,busetop,1,2.6493575307987812e-05
ham,iron,1,2.6493575307987812e-05
ham,okies,1,2.6493575307987812e-05
ham,wendy,1,2.6493575307987812e-05
ham,goal,1,2.6493575307987812e-05
ham,sentiment,1,2.6493575307987812e-05
ham,rowdy,1,2.6493575307987812e-05
ham,attitude,1,2.6493575307987812e-05
ham,attractive,1,2.6493575307987812e-05
ham,urination,1,2.6493575307987812e-05
ham,hillsborough,1,2.6493575307987812e-05
ham,shoul,1,2.6493575307987812e-05
ham,hasnt,1,2.6493575307987812e-05
ham,werethe,1,2.6493575307987812e-05
ham,monkeespeople,1,2.6493575307987812e-05
ham,monkeyaround,1,2.6493575307987812e-05
ham,howdy,1,2.6493575307987812e-05
ham,blimey,1,2.6493575307987812e-05
ham,exercise,1,2.6493575307987812e-05
ham,concentration,1,2.6493575307987812e-05
ham,hanks,1,2.6493575307987812e-05
ham,lotsly,1,2.6493575307987812e-05
ham,detail,1,2.6493575307987812e-05
ham,optimistic,1,2.6493575307987812e-05
ham,amy,1,2.6493575307987812e-05
ham,consistently,1,2.6493575307987812e-05
ham,practicum,1,2.6493575307987812e-05
ham,links,1,2.6493575307987812e-05
ham,ears,1,2.6493575307987812e-05
ham,wavering,1,2.6493575307987812e-05
ham,heal,1,2.6493575307987812e-05
ham,oral,1,2.6493575307987812e-05
ham,slippery,1,2.6493575307987812e-05
ham,bike,1,2.6493575307987812e-05
ham,enters,1,2.6493575307987812e-05
ham,removed,1,2.6493575307987812e-05
ham,machi,1,2.6493575307987812e-05
ham,mcr,1,2.6493575307987812e-05
ham,jaykwon,1,2.6493575307987812e-05
ham,thuglyfe,1,2.6493575307987812e-05
ham,falconerf,1,2.6493575307987812e-05
ham,faded,1,2.6493575307987812e-05
ham,glory,1,2.6493575307987812e-05
ham,ralphs,1,2.6493575307987812e-05
ham,reunion,1,2.6493575307987812e-05
ham,accenture,1,2.6493575307987812e-05
ham,jackson,1,2.6493575307987812e-05
ham,rec,1,2.6493575307987812e-05
ham,reache,1,2.6493575307987812e-05
ham,nuerologist,1,2.6493575307987812e-05
ham,lolnice,1,2.6493575307987812e-05
ham,westshore,1,2.6493575307987812e-05
ham,significance,1,2.6493575307987812e-05
ham,ammo,1,2.6493575307987812e-05
ham,ak,1,2.6493575307987812e-05
ham,problematic,1,2.6493575307987812e-05
ham,nos,1,2.6493575307987812e-05
ham,unconscious,1,2.6493575307987812e-05
ham,adults,1,2.6493575307987812e-05
ham,abnormally,1,2.6493575307987812e-05
ham,rude,1,2.6493575307987812e-05
ham,faggot,1,2.6493575307987812e-05
ham,bani,1,2.6493575307987812e-05
ham,leads,1,2.6493575307987812e-05
ham,buttons,1,2.6493575307987812e-05
ham,famous,1,2.6493575307987812e-05
ham,unconditionally,1,2.6493575307987812e-05
ham,temper,1,2.6493575307987812e-05
ham,oclock,1,2.6493575307987812e-05
ham,bash,1,2.6493575307987812e-05
ham,cooped,1,2.6493575307987812e-05
ham,invitation,1,2.6493575307987812e-05
ham,weddin,1,2.6493575307987812e-05
ham,alibi,1,2.6493575307987812e-05
ham,sink,1,2.6493575307987812e-05
ham,paces,1,2.6493575307987812e-05
ham,cage,1,2.6493575307987812e-05
ham,surrounded,1,2.6493575307987812e-05
ham,cuck,1,2.6493575307987812e-05
ham,deficient,1,2.6493575307987812e-05
ham,acknowledgement,1,2.6493575307987812e-05
ham,astoundingly,1,2.6493575307987812e-05
ham,tactless,1,2.6493575307987812e-05
ham,oath,1,2.6493575307987812e-05
ham,magic,1,2.6493575307987812e-05
ham,silly,1,2.6493575307987812e-05
ham,uv,1,2.6493575307987812e-05
ham,causes,1,2.6493575307987812e-05
ham,mutations,1,2.6493575307987812e-05
ham,sunscreen,1,2.6493575307987812e-05
ham,thesedays,1,2.6493575307987812e-05
ham,bao,1,2.6493575307987812e-05
ham,sugardad,1,2.6493575307987812e-05
ham,brownie,1,2.6493575307987812e-05
ham,ninish,1,2.6493575307987812e-05
ham,icky,1,2.6493575307987812e-05
ham,freek,1,2.6493575307987812e-05
ham,ridden,1,2.6493575307987812e-05
ham,missy,1,2.6493575307987812e-05
ham,goggles,1,2.6493575307987812e-05
ham,arguing,1,2.6493575307987812e-05
ham,arngd,1,2.6493575307987812e-05
ham,walkin,1,2.6493575307987812e-05
ham,unfortuntly,1,2.6493575307987812e-05
ham,bites,1,2.6493575307987812e-05
ham,frnt,1,2.6493575307987812e-05
ham,sayin,1,2.6493575307987812e-05
ham,jjc,1,2.6493575307987812e-05
ham,tendencies,1,2.6493575307987812e-05
ham,meive,1,2.6493575307987812e-05
ham,gotany,1,2.6493575307987812e-05
ham,srsly,1,2.6493575307987812e-05
ham,yi,1,2.6493575307987812e-05
ham,prix,1,2.6493575307987812e-05
ham,stands,1,2.6493575307987812e-05
ham,nitz,1,2.6493575307987812e-05
ham,blastin,1,2.6493575307987812e-05
ham,occur,1,2.6493575307987812e-05
ham,rajnikant,1,2.6493575307987812e-05
ham,ocean,1,2.6493575307987812e-05
ham,bridgwater,1,2.6493575307987812e-05
ham,banter,1,2.6493575307987812e-05
ham,dependents,1,2.6493575307987812e-05
ham,thanx4,1,2.6493575307987812e-05
ham,cer,1,2.6493575307987812e-05
ham,hundreds,1,2.6493575307987812e-05
ham,handsomes,1,2.6493575307987812e-05
ham,beauties,1,2.6493575307987812e-05
ham,aunties,1,2.6493575307987812e-05
ham,shock,1,2.6493575307987812e-05
ham,friendships,1,2.6493575307987812e-05
ham,dismay,1,2.6493575307987812e-05
ham,concerned,1,2.6493575307987812e-05
ham,tootsie,1,2.6493575307987812e-05
ham,seventeen,1,2.6493575307987812e-05
ham,ml,1,2.6493575307987812e-05
ham,fetching,1,2.6493575307987812e-05
ham,restock,1,2.6493575307987812e-05
ham,brighten,1,2.6493575307987812e-05
ham,allo,1,2.6493575307987812e-05
ham,braved,1,2.6493575307987812e-05
ham,triumphed,1,2.6493575307987812e-05
ham,uncomfortable,1,2.6493575307987812e-05
ham,sonetimes,1,2.6493575307987812e-05
ham,rough,1,2.6493575307987812e-05
ham,wesleys,1,2.6493575307987812e-05
ham,cloud,1,2.6493575307987812e-05
ham,wikipedia,1,2.6493575307987812e-05
ham,repent,1,2.6493575307987812e-05
ham,positions,1,2.6493575307987812e-05
ham,kama,1,2.6493575307987812e-05
ham,sutra,1,2.6493575307987812e-05
ham,nange,1,2.6493575307987812e-05
ham,bakra,1,2.6493575307987812e-05
ham,kalstiya,1,2.6493575307987812e-05
ham,lakhs,1,2.6493575307987812e-05
ham,ditto,1,2.6493575307987812e-05
ham,wetherspoons,1,2.6493575307987812e-05
ham,piggy,1,2.6493575307987812e-05
ham,freaky,1,2.6493575307987812e-05
ham,scrappy,1,2.6493575307987812e-05
ham,sdryb8i,1,2.6493575307987812e-05
ham,crying,1,2.6493575307987812e-05
ham,imprtant,1,2.6493575307987812e-05
ham,tomorw,1,2.6493575307987812e-05
ham,cherthala,1,2.6493575307987812e-05
ham,bfore,1,2.6493575307987812e-05
ham,tmorow,1,2.6493575307987812e-05
ham,engaged,1,2.6493575307987812e-05
ham,1405,1,2.6493575307987812e-05
ham,1680,1,2.6493575307987812e-05
ham,1843,1,2.6493575307987812e-05
ham,purchase,1,2.6493575307987812e-05
ham,entrepreneurs,1,2.6493575307987812e-05
ham,corporation,1,2.6493575307987812e-05
ham,prevent,1,2.6493575307987812e-05
ham,dehydration,1,2.6493575307987812e-05
ham,fluids,1,2.6493575307987812e-05
ham,trek,1,2.6493575307987812e-05
ham,harri,1,2.6493575307987812e-05
ham,shitstorm,1,2.6493575307987812e-05
ham,attributed,1,2.6493575307987812e-05
ham,sth,1,2.6493575307987812e-05
ham,specs,1,2.6493575307987812e-05
ham,px3748,1,2.6493575307987812e-05
ham,macha,1,2.6493575307987812e-05
ham,mindset,1,2.6493575307987812e-05
ham,wondar,1,2.6493575307987812e-05
ham,flim,1,2.6493575307987812e-05
ham,jelly,1,2.6493575307987812e-05
ham,scrumptious,1,2.6493575307987812e-05
ham,dao,1,2.6493575307987812e-05
ham,half8th,1,2.6493575307987812e-05
ham,jide,1,2.6493575307987812e-05
ham,visiting,1,2.6493575307987812e-05
ham,steak,1,2.6493575307987812e-05
ham,neglect,1,2.6493575307987812e-05
ham,prayers,1,2.6493575307987812e-05
ham,clocks,1,2.6493575307987812e-05
ham,realised,1,2.6493575307987812e-05
ham,wahay,1,2.6493575307987812e-05
ham,gaze,1,2.6493575307987812e-05
ham,caveboy,1,2.6493575307987812e-05
ham,vibrate,1,2.6493575307987812e-05
ham,acting,1,2.6493575307987812e-05
ham,grandmas,1,2.6493575307987812e-05
ham,hungover,1,2.6493575307987812e-05
ham,gua,1,2.6493575307987812e-05
ham,faber,1,2.6493575307987812e-05
ham,dramatic,1,2.6493575307987812e-05
ham,hunting,1,2.6493575307987812e-05
ham,drunkard,1,2.6493575307987812e-05
ham,idc,1,2.6493575307987812e-05
ham,weaseling,1,2.6493575307987812e-05
ham,trash,1,2.6493575307987812e-05
ham,punish,1,2.6493575307987812e-05
ham,beerage,1,2.6493575307987812e-05
ham,randomlly,1,2.6493575307987812e-05
ham,fixes,1,2.6493575307987812e-05
ham,spelling,1,2.6493575307987812e-05
ham,fondly,1,2.6493575307987812e-05
ham,dogbreath,1,2.6493575307987812e-05
ham,sounding,1,2.6493575307987812e-05
ham,weighed,1,2.6493575307987812e-05
ham,woohoo,1,2.6493575307987812e-05
ham,uncountable,1,2.6493575307987812e-05
ham,whereare,1,2.6493575307987812e-05
ham,friendsare,1,2.6493575307987812e-05
ham,thekingshead,1,2.6493575307987812e-05
ham,canlove,1,2.6493575307987812e-05
ham,dled,1,2.6493575307987812e-05
ham,smokin,1,2.6493575307987812e-05
ham,boooo,1,2.6493575307987812e-05
ham,costumes,1,2.6493575307987812e-05
ham,yowifes,1,2.6493575307987812e-05
ham,youi,1,2.6493575307987812e-05
ham,enjoyin,1,2.6493575307987812e-05
ham,yourjob,1,2.6493575307987812e-05
ham,iåõllspeak,1,2.6493575307987812e-05
ham,soonlots,1,2.6493575307987812e-05
ham,starshine,1,2.6493575307987812e-05
ham,sips,1,2.6493575307987812e-05
ham,bits,1,2.6493575307987812e-05
ham,turned,1,2.6493575307987812e-05
ham,burial,1,2.6493575307987812e-05
ham,rv,1,2.6493575307987812e-05
ham,hol,1,2.6493575307987812e-05
ham,rvx,1,2.6493575307987812e-05
ham,comprehensive,1,2.6493575307987812e-05
ham,prashanthettan,1,2.6493575307987812e-05
ham,samantha,1,2.6493575307987812e-05
ham,guitar,1,2.6493575307987812e-05
ham,impress,1,2.6493575307987812e-05
ham,doug,1,2.6493575307987812e-05
ham,realizes,1,2.6493575307987812e-05
ham,trauma,1,2.6493575307987812e-05
ham,swear,1,2.6493575307987812e-05
ham,inner,1,2.6493575307987812e-05
ham,tigress,1,2.6493575307987812e-05
ham,activate,1,2.6493575307987812e-05
ham,urfeeling,1,2.6493575307987812e-05
ham,bettersn,1,2.6493575307987812e-05
ham,probthat,1,2.6493575307987812e-05
ham,overdose,1,2.6493575307987812e-05
ham,lovejen,1,2.6493575307987812e-05
ham,ana,1,2.6493575307987812e-05
ham,sathy,1,2.6493575307987812e-05
ham,rto,1,2.6493575307987812e-05
ham,spoons,1,2.6493575307987812e-05
ham,corvettes,1,2.6493575307987812e-05
ham,bunkers,1,2.6493575307987812e-05
ham,philosophical,1,2.6493575307987812e-05
ham,hole,1,2.6493575307987812e-05
ham,atleast,1,2.6493575307987812e-05
ham,shakespeare,1,2.6493575307987812e-05
ham,woul,1,2.6493575307987812e-05
ham,curfew,1,2.6493575307987812e-05
ham,gibe,1,2.6493575307987812e-05
ham,getsleep,1,2.6493575307987812e-05
ham,studdying,1,2.6493575307987812e-05
ham,massages,1,2.6493575307987812e-05
ham,yoyyooo,1,2.6493575307987812e-05
ham,permissions,1,2.6493575307987812e-05
ham,mike,1,2.6493575307987812e-05
ham,hussey,1,2.6493575307987812e-05
ham,faglord,1,2.6493575307987812e-05
ham,nutter,1,2.6493575307987812e-05
ham,cutter,1,2.6493575307987812e-05
ham,ctter,1,2.6493575307987812e-05
ham,cttergg,1,2.6493575307987812e-05
ham,cttargg,1,2.6493575307987812e-05
ham,ctargg,1,2.6493575307987812e-05
ham,ctagg,1,2.6493575307987812e-05
ham,ie,1,2.6493575307987812e-05
ham,thus,1,2.6493575307987812e-05
ham,superb,1,2.6493575307987812e-05
ham,grateful,1,2.6493575307987812e-05
ham,happier,1,2.6493575307987812e-05
ham,agents,1,2.6493575307987812e-05
ham,experiment,1,2.6493575307987812e-05
ham,invoices,1,2.6493575307987812e-05
ham,smell,1,2.6493575307987812e-05
ham,tobacco,1,2.6493575307987812e-05
ham,assumed,1,2.6493575307987812e-05
ham,grinule,1,2.6493575307987812e-05
ham,fudge,1,2.6493575307987812e-05
ham,oreos,1,2.6493575307987812e-05
ham,zaher,1,2.6493575307987812e-05
ham,nauseous,1,2.6493575307987812e-05
ham,dieting,1,2.6493575307987812e-05
ham,reminder,1,2.6493575307987812e-05
ham,avalarr,1,2.6493575307987812e-05
ham,hollalater,1,2.6493575307987812e-05
ham,rounds,1,2.6493575307987812e-05
ham,blogging,1,2.6493575307987812e-05
ham,magicalsongs,1,2.6493575307987812e-05
ham,blogspot,1,2.6493575307987812e-05
ham,slices,1,2.6493575307987812e-05
ham,kvb,1,2.6493575307987812e-05
ham,alternative,1,2.6493575307987812e-05
ham,congratulations,1,2.6493575307987812e-05
ham,ore,1,2.6493575307987812e-05
ham,owo,1,2.6493575307987812e-05
ham,fro,1,2.6493575307987812e-05
ham,samus,1,2.6493575307987812e-05
ham,shoulders,1,2.6493575307987812e-05
ham,vomitin,1,2.6493575307987812e-05
ham,stuffed,1,2.6493575307987812e-05
ham,writhing,1,2.6493575307987812e-05
ham,tons,1,2.6493575307987812e-05
ham,paypal,1,2.6493575307987812e-05
ham,voila,1,2.6493575307987812e-05
ham,pockets,1,2.6493575307987812e-05
ham,theyre,1,2.6493575307987812e-05
ham,sorta,1,2.6493575307987812e-05
ham,blown,1,2.6493575307987812e-05
ham,scores,1,2.6493575307987812e-05
ham,sophas,1,2.6493575307987812e-05
ham,secondary,1,2.6493575307987812e-05
ham,applying,1,2.6493575307987812e-05
ham,ogunrinde,1,2.6493575307987812e-05
ham,lodging,1,2.6493575307987812e-05
ham,chk,1,2.6493575307987812e-05
ham,dict,1,2.6493575307987812e-05
ham,shb,1,2.6493575307987812e-05
ham,retired,1,2.6493575307987812e-05
ham,code,1,2.6493575307987812e-05
ham,natwest,1,2.6493575307987812e-05
ham,chad,1,2.6493575307987812e-05
ham,gymnastics,1,2.6493575307987812e-05
ham,christians,1,2.6493575307987812e-05
ham,token,1,2.6493575307987812e-05
ham,liking,1,2.6493575307987812e-05
ham,aptitude,1,2.6493575307987812e-05
ham,horse,1,2.6493575307987812e-05
ham,wrongly,1,2.6493575307987812e-05
ham,borin,1,2.6493575307987812e-05
ham,boggy,1,2.6493575307987812e-05
ham,biatch,1,2.6493575307987812e-05
ham,hesitate,1,2.6493575307987812e-05
ham,weakness,1,2.6493575307987812e-05
ham,notebook,1,2.6493575307987812e-05
ham,eightish,1,2.6493575307987812e-05
ham,carpark,1,2.6493575307987812e-05
ham,67441233,1,2.6493575307987812e-05
ham,irene,1,2.6493575307987812e-05
ham,ere,1,2.6493575307987812e-05
ham,bus8,1,2.6493575307987812e-05
ham,22,1,2.6493575307987812e-05
ham,61,1,2.6493575307987812e-05
ham,66,1,2.6493575307987812e-05
ham,382,1,2.6493575307987812e-05
ham,cres,1,2.6493575307987812e-05
ham,6ph,1,2.6493575307987812e-05
ham,5wkg,1,2.6493575307987812e-05
ham,sd,1,2.6493575307987812e-05
ham,26th,1,2.6493575307987812e-05
ham,july,1,2.6493575307987812e-05
ham,relaxing,1,2.6493575307987812e-05
ham,7am,1,2.6493575307987812e-05
ham,5ish,1,2.6493575307987812e-05
ham,stripes,1,2.6493575307987812e-05
ham,skirt,1,2.6493575307987812e-05
ham,escalator,1,2.6493575307987812e-05
ham,beth,1,2.6493575307987812e-05
ham,charlie,1,2.6493575307987812e-05
ham,helen,1,2.6493575307987812e-05
ham,syllabus,1,2.6493575307987812e-05
ham,30pm,1,2.6493575307987812e-05
ham,poyyarikatur,1,2.6493575307987812e-05
ham,kolathupalayam,1,2.6493575307987812e-05
ham,unjalur,1,2.6493575307987812e-05
ham,erode,1,2.6493575307987812e-05
ham,hero,1,2.6493575307987812e-05
ham,apt,1,2.6493575307987812e-05
ham,meat,1,2.6493575307987812e-05
ham,supreme,1,2.6493575307987812e-05
ham,cudnt,1,2.6493575307987812e-05
ham,ctla,1,2.6493575307987812e-05
ham,ente,1,2.6493575307987812e-05
ham,ishtamayoo,1,2.6493575307987812e-05
ham,bakrid,1,2.6493575307987812e-05
ham,glorious,1,2.6493575307987812e-05
ham,finds,1,2.6493575307987812e-05
ham,content,1,2.6493575307987812e-05
ham,coaxing,1,2.6493575307987812e-05
ham,images,1,2.6493575307987812e-05
ham,fond,1,2.6493575307987812e-05
ham,souveniers,1,2.6493575307987812e-05
ham,cougar,1,2.6493575307987812e-05
ham,scratches,1,2.6493575307987812e-05
ham,nanny,1,2.6493575307987812e-05
ham,zoe,1,2.6493575307987812e-05
ham,shitin,1,2.6493575307987812e-05
ham,defo,1,2.6493575307987812e-05
ham,hardest,1,2.6493575307987812e-05
ham,millions,1,2.6493575307987812e-05
ham,lekdog,1,2.6493575307987812e-05
ham,blankets,1,2.6493575307987812e-05
ham,sufficient,1,2.6493575307987812e-05
ham,atten,1,2.6493575307987812e-05
ham,iåõd,1,2.6493575307987812e-05
ham,doesnåõt,1,2.6493575307987812e-05
ham,soiree,1,2.6493575307987812e-05
ham,data,1,2.6493575307987812e-05
ham,analysis,1,2.6493575307987812e-05
ham,belligerent,1,2.6493575307987812e-05
ham,les,1,2.6493575307987812e-05
ham,rudi,1,2.6493575307987812e-05
ham,snoring,1,2.6493575307987812e-05
ham,ink,1,2.6493575307987812e-05
ham,515,1,2.6493575307987812e-05
ham,throwing,1,2.6493575307987812e-05
ham,finalise,1,2.6493575307987812e-05
ham,dentist,1,2.6493575307987812e-05
ham,lul,1,2.6493575307987812e-05
ham,nurses,1,2.6493575307987812e-05
ham,shes,1,2.6493575307987812e-05
ham,obese,1,2.6493575307987812e-05
ham,oyea,1,2.6493575307987812e-05
ham,ami,1,2.6493575307987812e-05
ham,parchi,1,2.6493575307987812e-05
ham,kicchu,1,2.6493575307987812e-05
ham,kaaj,1,2.6493575307987812e-05
ham,korte,1,2.6493575307987812e-05
ham,iccha,1,2.6493575307987812e-05
ham,korche,1,2.6493575307987812e-05
ham,tul,1,2.6493575307987812e-05
ham,dvd,1,2.6493575307987812e-05
ham,copies,1,2.6493575307987812e-05
ham,sculpture,1,2.6493575307987812e-05
ham,surya,1,2.6493575307987812e-05
ham,pokkiri,1,2.6493575307987812e-05
ham,attraction,1,2.6493575307987812e-05
ham,breath,1,2.6493575307987812e-05
ham,sorrows,1,2.6493575307987812e-05
ham,proove,1,2.6493575307987812e-05
ham,praises,1,2.6493575307987812e-05
ham,makiing,1,2.6493575307987812e-05
ham,sambar,1,2.6493575307987812e-05
ham,ndship,1,2.6493575307987812e-05
ham,needle,1,2.6493575307987812e-05
ham,4few,1,2.6493575307987812e-05
ham,conected,1,2.6493575307987812e-05
ham,spatula,1,2.6493575307987812e-05
ham,complexities,1,2.6493575307987812e-05
ham,freely,1,2.6493575307987812e-05
ham,taxes,1,2.6493575307987812e-05
ham,outrageous,1,2.6493575307987812e-05
ham,ryder,1,2.6493575307987812e-05
ham,strips,1,2.6493575307987812e-05
ham,postal,1,2.6493575307987812e-05
ham,gifts,1,2.6493575307987812e-05
ham,cliff,1,2.6493575307987812e-05
ham,wrking,1,2.6493575307987812e-05
ham,sittin,1,2.6493575307987812e-05
ham,drops,1,2.6493575307987812e-05
ham,hen,1,2.6493575307987812e-05
ham,smoked,1,2.6493575307987812e-05
ham,teju,1,2.6493575307987812e-05
ham,hourish,1,2.6493575307987812e-05
ham,amla,1,2.6493575307987812e-05
ham,convenience,1,2.6493575307987812e-05
ham,evaluation,1,2.6493575307987812e-05
ham,cheyyamo,1,2.6493575307987812e-05
ham,throws,1,2.6493575307987812e-05
ham,brothers,1,2.6493575307987812e-05
ham,errors,1,2.6493575307987812e-05
ham,tau,1,2.6493575307987812e-05
ham,piah,1,2.6493575307987812e-05
ham,shade,1,2.6493575307987812e-05
ham,copied,1,2.6493575307987812e-05
ham,sitter,1,2.6493575307987812e-05
ham,kaitlyn,1,2.6493575307987812e-05
ham,adult,1,2.6493575307987812e-05
ham,danger,1,2.6493575307987812e-05
ham,peeps,1,2.6493575307987812e-05
ham,comment,1,2.6493575307987812e-05
ham,veggie,1,2.6493575307987812e-05
ham,2000,1,2.6493575307987812e-05
ham,neighbors,1,2.6493575307987812e-05
ham,computerless,1,2.6493575307987812e-05
ham,balloon,1,2.6493575307987812e-05
ham,melody,1,2.6493575307987812e-05
ham,macs,1,2.6493575307987812e-05
ham,hme,1,2.6493575307987812e-05
ham,islands,1,2.6493575307987812e-05
ham,velachery,1,2.6493575307987812e-05
ham,flippin,1,2.6493575307987812e-05
ham,breaking,1,2.6493575307987812e-05
ham,cstore,1,2.6493575307987812e-05
ham,hangin,1,2.6493575307987812e-05
ham,lodge,1,2.6493575307987812e-05
ham,worrying,1,2.6493575307987812e-05
ham,quizzes,1,2.6493575307987812e-05
ham,popcorn,1,2.6493575307987812e-05
ham,thin,1,2.6493575307987812e-05
ham,arguments,1,2.6493575307987812e-05
ham,fed,1,2.6493575307987812e-05
ham,himso,1,2.6493575307987812e-05
ham,semi,1,2.6493575307987812e-05
ham,maaaan,1,2.6493575307987812e-05
ham,guessin,1,2.6493575307987812e-05
ham,ilol,1,2.6493575307987812e-05
ham,personally,1,2.6493575307987812e-05
ham,wuldnt,1,2.6493575307987812e-05
ham,lunchtime,1,2.6493575307987812e-05
ham,organise,1,2.6493575307987812e-05
ham,passable,1,2.6493575307987812e-05
ham,phd,1,2.6493575307987812e-05
ham,5years,1,2.6493575307987812e-05
ham,prakesh,1,2.6493575307987812e-05
ham,betta,1,2.6493575307987812e-05
ham,aging,1,2.6493575307987812e-05
ham,products,1,2.6493575307987812e-05
ham,submitting,1,2.6493575307987812e-05
ham,snatch,1,2.6493575307987812e-05
ham,drivby,1,2.6493575307987812e-05
ham,0quit,1,2.6493575307987812e-05
ham,edrunk,1,2.6493575307987812e-05
ham,iff,1,2.6493575307987812e-05
ham,pthis,1,2.6493575307987812e-05
ham,senrd,1,2.6493575307987812e-05
ham,dnot,1,2.6493575307987812e-05
ham,dancce,1,2.6493575307987812e-05
ham,drum,1,2.6493575307987812e-05
ham,basq,1,2.6493575307987812e-05
ham,ihave,1,2.6493575307987812e-05
ham,2nhite,1,2.6493575307987812e-05
ham,ros,1,2.6493575307987812e-05
ham,xxxxxxx,1,2.6493575307987812e-05
ham,relieved,1,2.6493575307987812e-05
ham,westonzoyland,1,2.6493575307987812e-05
ham,greatness,1,2.6493575307987812e-05
ham,europe,1,2.6493575307987812e-05
ham,goin2bed,1,2.6493575307987812e-05
ham,only1more,1,2.6493575307987812e-05
ham,mc,1,2.6493575307987812e-05
ham,every1,1,2.6493575307987812e-05
ham,ava,1,2.6493575307987812e-05
ham,goodtime,1,2.6493575307987812e-05
ham,oli,1,2.6493575307987812e-05
ham,melnite,1,2.6493575307987812e-05
ham,ifink,1,2.6493575307987812e-05
ham,everythin,1,2.6493575307987812e-05
ham,l8rs,1,2.6493575307987812e-05
ham,shun,1,2.6493575307987812e-05
ham,bian,1,2.6493575307987812e-05
ham,glass,1,2.6493575307987812e-05
ham,exhibition,1,2.6493575307987812e-05
ham,el,1,2.6493575307987812e-05
ham,nino,1,2.6493575307987812e-05
ham,downstem,1,2.6493575307987812e-05
ham,wahala,1,2.6493575307987812e-05
ham,inperialmusic,1,2.6493575307987812e-05
ham,listening2the,1,2.6493575307987812e-05
ham,byåóleafcutter,1,2.6493575307987812e-05
ham,johnåó,1,2.6493575307987812e-05
ham,insects,1,2.6493575307987812e-05
ham,molested,1,2.6493575307987812e-05
ham,plumbing,1,2.6493575307987812e-05
ham,remixed,1,2.6493575307987812e-05
ham,evil,1,2.6493575307987812e-05
ham,acid,1,2.6493575307987812e-05
ham,didntgive,1,2.6493575307987812e-05
ham,bellearlier,1,2.6493575307987812e-05
ham,cheery,1,2.6493575307987812e-05
ham,collected,1,2.6493575307987812e-05
ham,weirdo,1,2.6493575307987812e-05
ham,stalk,1,2.6493575307987812e-05
ham,profiles,1,2.6493575307987812e-05
ham,9am,1,2.6493575307987812e-05
ham,95,1,2.6493575307987812e-05
ham,pax,1,2.6493575307987812e-05
ham,deposit,1,2.6493575307987812e-05
ham,16,1,2.6493575307987812e-05
ham,jap,1,2.6493575307987812e-05
ham,disappeared,1,2.6493575307987812e-05
ham,certificate,1,2.6493575307987812e-05
ham,publish,1,2.6493575307987812e-05
ham,wheellock,1,2.6493575307987812e-05
ham,destination,1,2.6493575307987812e-05
ham,fifty,1,2.6493575307987812e-05
ham,settling,1,2.6493575307987812e-05
ham,happenin,1,2.6493575307987812e-05
ham,cocksuckers,1,2.6493575307987812e-05
ham,ipads,1,2.6493575307987812e-05
ham,worthless,1,2.6493575307987812e-05
ham,novelty,1,2.6493575307987812e-05
ham,items,1,2.6493575307987812e-05
ham,janx,1,2.6493575307987812e-05
ham,dads,1,2.6493575307987812e-05
ham,designation,1,2.6493575307987812e-05
ham,developer,1,2.6493575307987812e-05
ham,spirit,1,2.6493575307987812e-05
ham,shattered,1,2.6493575307987812e-05
ham,girlie,1,2.6493575307987812e-05
ham,colours,1,2.6493575307987812e-05
ham,darker,1,2.6493575307987812e-05
ham,styling,1,2.6493575307987812e-05
ham,gray,1,2.6493575307987812e-05
ham,listn,1,2.6493575307987812e-05
ham,watevr,1,2.6493575307987812e-05
ham,minus,1,2.6493575307987812e-05
ham,paragraphs,1,2.6493575307987812e-05
ham,coveragd,1,2.6493575307987812e-05
ham,vasai,1,2.6493575307987812e-05
ham,retard,1,2.6493575307987812e-05
ham,bathroom,1,2.6493575307987812e-05
ham,icic,1,2.6493575307987812e-05
ham,syria,1,2.6493575307987812e-05
ham,gauge,1,2.6493575307987812e-05
ham,completing,1,2.6493575307987812e-05
ham,ax,1,2.6493575307987812e-05
ham,surgical,1,2.6493575307987812e-05
ham,emergency,1,2.6493575307987812e-05
ham,unfolds,1,2.6493575307987812e-05
ham,korean,1,2.6493575307987812e-05
ham,fredericksburg,1,2.6493575307987812e-05
ham,que,1,2.6493575307987812e-05
ham,pases,1,2.6493575307987812e-05
ham,un,1,2.6493575307987812e-05
ham,buen,1,2.6493575307987812e-05
ham,tiempo,1,2.6493575307987812e-05
ham,compass,1,2.6493575307987812e-05
ham,gnun,1,2.6493575307987812e-05
ham,way2sms,1,2.6493575307987812e-05
ham,baaaaabe,1,2.6493575307987812e-05
ham,misss,1,2.6493575307987812e-05
ham,youuuuu,1,2.6493575307987812e-05
ham,convince,1,2.6493575307987812e-05
ham,witot,1,2.6493575307987812e-05
ham,buyer,1,2.6493575307987812e-05
ham,becz,1,2.6493575307987812e-05
ham,undrstndng,1,2.6493575307987812e-05
ham,avoids,1,2.6493575307987812e-05
ham,suffer,1,2.6493575307987812e-05
ham,steamboat,1,2.6493575307987812e-05
ham,forgive,1,2.6493575307987812e-05
ham,tp,1,2.6493575307987812e-05
ham,bbq,1,2.6493575307987812e-05
ham,6ish,1,2.6493575307987812e-05
ham,everyso,1,2.6493575307987812e-05
ham,panicks,1,2.6493575307987812e-05
ham,auntie,1,2.6493575307987812e-05
ham,huai,1,2.6493575307987812e-05
ham,path,1,2.6493575307987812e-05
ham,appear,1,2.6493575307987812e-05
ham,paths,1,2.6493575307987812e-05
ham,reserve,1,2.6493575307987812e-05
ham,thirunelvali,1,2.6493575307987812e-05
ham,tackle,1,2.6493575307987812e-05
ham,tonght,1,2.6493575307987812e-05
ham,ploughing,1,2.6493575307987812e-05
ham,pile,1,2.6493575307987812e-05
ham,ironing,1,2.6493575307987812e-05
ham,chinky,1,2.6493575307987812e-05
ham,wi,1,2.6493575307987812e-05
ham,nz,1,2.6493575307987812e-05
ham,aust,1,2.6493575307987812e-05
ham,bk,1,2.6493575307987812e-05
ham,recharged,1,2.6493575307987812e-05
ham,papa,1,2.6493575307987812e-05
ham,detailed,1,2.6493575307987812e-05
ham,losers,1,2.6493575307987812e-05
ham,beta,1,2.6493575307987812e-05
ham,noncomittal,1,2.6493575307987812e-05
ham,snickering,1,2.6493575307987812e-05
ham,chords,1,2.6493575307987812e-05
ham,boyf,1,2.6493575307987812e-05
ham,interviw,1,2.6493575307987812e-05
ham,spreadsheet,1,2.6493575307987812e-05
ham,whose,1,2.6493575307987812e-05
ham,determine,1,2.6493575307987812e-05
ham,entire,1,2.6493575307987812e-05
ham,recognises,1,2.6493575307987812e-05
ham,wisheds,1,2.6493575307987812e-05
ham,intrepid,1,2.6493575307987812e-05
ham,duo,1,2.6493575307987812e-05
ham,breeze,1,2.6493575307987812e-05
ham,fresh,1,2.6493575307987812e-05
ham,twittering,1,2.6493575307987812e-05
ham,ducking,1,2.6493575307987812e-05
ham,chinchillas,1,2.6493575307987812e-05
ham,function,1,2.6493575307987812e-05
ham,headstart,1,2.6493575307987812e-05
ham,rummer,1,2.6493575307987812e-05
ham,flying,1,2.6493575307987812e-05
ham,thanks2,1,2.6493575307987812e-05
ham,rajini,1,2.6493575307987812e-05
ham,spys,1,2.6493575307987812e-05
ham,yalru,1,2.6493575307987812e-05
ham,astne,1,2.6493575307987812e-05
ham,innu,1,2.6493575307987812e-05
ham,mundhe,1,2.6493575307987812e-05
ham,halla,1,2.6493575307987812e-05
ham,bilo,1,2.6493575307987812e-05
ham,edhae,1,2.6493575307987812e-05
ham,ovr,1,2.6493575307987812e-05
ham,vargu,1,2.6493575307987812e-05
ham,prone,1,2.6493575307987812e-05
ham,permission,1,2.6493575307987812e-05
ham,dose,1,2.6493575307987812e-05
ham,tablet,1,2.6493575307987812e-05
ham,incomm,1,2.6493575307987812e-05
ham,lotr,1,2.6493575307987812e-05
ham,maps,1,2.6493575307987812e-05
ham,tiring,1,2.6493575307987812e-05
ham,concentrating,1,2.6493575307987812e-05
ham,browsin,1,2.6493575307987812e-05
ham,compulsory,1,2.6493575307987812e-05
ham,investigate,1,2.6493575307987812e-05
ham,vitamin,1,2.6493575307987812e-05
ham,crucial,1,2.6493575307987812e-05
ham,host,1,2.6493575307987812e-05
ham,based,1,2.6493575307987812e-05
ham,idps,1,2.6493575307987812e-05
ham,linux,1,2.6493575307987812e-05
ham,systems,1,2.6493575307987812e-05
ham,converter,1,2.6493575307987812e-05
ham,sayy,1,2.6493575307987812e-05
ham,leanne,1,2.6493575307987812e-05
ham,format,1,2.6493575307987812e-05
ham,disc,1,2.6493575307987812e-05
ham,champ,1,2.6493575307987812e-05
ham,glasgow,1,2.6493575307987812e-05
ham,lovin,1,2.6493575307987812e-05
ham,corect,1,2.6493575307987812e-05
ham,speling,1,2.6493575307987812e-05
ham,cts,1,2.6493575307987812e-05
ham,employee,1,2.6493575307987812e-05
ham,nike,1,2.6493575307987812e-05
ham,sooo,1,2.6493575307987812e-05
ham,shouting,1,2.6493575307987812e-05
ham,dang,1,2.6493575307987812e-05
ham,earliest,1,2.6493575307987812e-05
ham,nordstrom,1,2.6493575307987812e-05
ham,conference,1,2.6493575307987812e-05
ham,degree,1,2.6493575307987812e-05
ham,bleak,1,2.6493575307987812e-05
ham,shant,1,2.6493575307987812e-05
ham,nearer,1,2.6493575307987812e-05
ham,raiden,1,2.6493575307987812e-05
ham,totes,1,2.6493575307987812e-05
ham,pierre,1,2.6493575307987812e-05
ham,cardin,1,2.6493575307987812e-05
ham,establish,1,2.6493575307987812e-05
ham,truro,1,2.6493575307987812e-05
ham,ext,1,2.6493575307987812e-05
ham,cloth,1,2.6493575307987812e-05
ham,sunroof,1,2.6493575307987812e-05
ham,blanked,1,2.6493575307987812e-05
ham,image,1,2.6493575307987812e-05
ham,kalainar,1,2.6493575307987812e-05
ham,thenampet,1,2.6493575307987812e-05
ham,nosy,1,2.6493575307987812e-05
ham,reacting,1,2.6493575307987812e-05
ham,freaked,1,2.6493575307987812e-05
ham,satanic,1,2.6493575307987812e-05
ham,imposter,1,2.6493575307987812e-05
ham,destiny,1,2.6493575307987812e-05
ham,companion,1,2.6493575307987812e-05
ham,chef,1,2.6493575307987812e-05
ham,listener,1,2.6493575307987812e-05
ham,organizer,1,2.6493575307987812e-05
ham,sympathetic,1,2.6493575307987812e-05
ham,athletic,1,2.6493575307987812e-05
ham,courageous,1,2.6493575307987812e-05
ham,determined,1,2.6493575307987812e-05
ham,dependable,1,2.6493575307987812e-05
ham,psychologist,1,2.6493575307987812e-05
ham,pest,1,2.6493575307987812e-05
ham,exterminator,1,2.6493575307987812e-05
ham,psychiatrist,1,2.6493575307987812e-05
ham,healer,1,2.6493575307987812e-05
ham,stylist,1,2.6493575307987812e-05
ham,aaniye,1,2.6493575307987812e-05
ham,pudunga,1,2.6493575307987812e-05
ham,venaam,1,2.6493575307987812e-05
ham,chez,1,2.6493575307987812e-05
ham,jules,1,2.6493575307987812e-05
ham,hhahhaahahah,1,2.6493575307987812e-05
ham,nig,1,2.6493575307987812e-05
ham,leonardo,1,2.6493575307987812e-05
ham,2years,1,2.6493575307987812e-05
ham,strain,1,2.6493575307987812e-05
ham,withdraw,1,2.6493575307987812e-05
ham,anyhow,1,2.6493575307987812e-05
ham,millers,1,2.6493575307987812e-05
ham,spark,1,2.6493575307987812e-05
ham,rawring,1,2.6493575307987812e-05
ham,xoxo,1,2.6493575307987812e-05
ham,somewhr,1,2.6493575307987812e-05
ham,crushes,1,2.6493575307987812e-05
ham,honeymoon,1,2.6493575307987812e-05
ham,outfit,1,2.6493575307987812e-05
ham,cheque,1,2.6493575307987812e-05
ham,leo,1,2.6493575307987812e-05
ham,haul,1,2.6493575307987812e-05
ham,wildlife,1,2.6493575307987812e-05
ham,want2come,1,2.6493575307987812e-05
ham,that2worzels,1,2.6493575307987812e-05
ham,wizzle,1,2.6493575307987812e-05
ham,shanghai,1,2.6493575307987812e-05
ham,21st,1,2.6493575307987812e-05
ham,cya,1,2.6493575307987812e-05
ham,645,1,2.6493575307987812e-05
ham,thnx,1,2.6493575307987812e-05
ham,sef,1,2.6493575307987812e-05
ham,anjie,1,2.6493575307987812e-05
ham,fring,1,2.6493575307987812e-05
ham,nte,1,2.6493575307987812e-05
ham,talents,1,2.6493575307987812e-05
ham,animal,1,2.6493575307987812e-05
ham,shiny,1,2.6493575307987812e-05
ham,warming,1,2.6493575307987812e-05
ham,french,1,2.6493575307987812e-05
ham,fooled,1,2.6493575307987812e-05
ham,keen,1,2.6493575307987812e-05
ham,dammit,1,2.6493575307987812e-05
ham,wright,1,2.6493575307987812e-05
ham,somewhat,1,2.6493575307987812e-05
ham,laden,1,2.6493575307987812e-05
ham,wrecked,1,2.6493575307987812e-05
ham,six,1,2.6493575307987812e-05
ham,spontaneously,1,2.6493575307987812e-05
ham,goodevening,1,2.6493575307987812e-05
ham,spageddies,1,2.6493575307987812e-05
ham,phasing,1,2.6493575307987812e-05
ham,fourth,1,2.6493575307987812e-05
ham,dimension,1,2.6493575307987812e-05
ham,meaningful,1,2.6493575307987812e-05
ham,lines,1,2.6493575307987812e-05
ham,compromised,1,2.6493575307987812e-05
ham,dub,1,2.6493575307987812e-05
ham,je,1,2.6493575307987812e-05
ham,toughest,1,2.6493575307987812e-05
ham,squatting,1,2.6493575307987812e-05
ham,sonathaya,1,2.6493575307987812e-05
ham,soladha,1,2.6493575307987812e-05
ham,cd,1,2.6493575307987812e-05
ham,raping,1,2.6493575307987812e-05
ham,dudes,1,2.6493575307987812e-05
ham,weightloss,1,2.6493575307987812e-05
ham,mushy,1,2.6493575307987812e-05
ham,embarrassed,1,2.6493575307987812e-05
ham,stash,1,2.6493575307987812e-05
ham,priya,1,2.6493575307987812e-05
ham,kilos,1,2.6493575307987812e-05
ham,accidant,1,2.6493575307987812e-05
ham,tookplace,1,2.6493575307987812e-05
ham,ghodbandar,1,2.6493575307987812e-05
ham,slovely,1,2.6493575307987812e-05
ham,sc,1,2.6493575307987812e-05
ham,specialise,1,2.6493575307987812e-05
ham,wad,1,2.6493575307987812e-05
ham,desparately,1,2.6493575307987812e-05
ham,stereo,1,2.6493575307987812e-05
ham,mi,1,2.6493575307987812e-05
ham,classmates,1,2.6493575307987812e-05
ham,fires,1,2.6493575307987812e-05
ham,missionary,1,2.6493575307987812e-05
ham,entertaining,1,2.6493575307987812e-05
ham,hugh,1,2.6493575307987812e-05
ham,laurie,1,2.6493575307987812e-05
ham,praps,1,2.6493575307987812e-05
ham,jon,1,2.6493575307987812e-05
ham,spain,1,2.6493575307987812e-05
ham,dinero,1,2.6493575307987812e-05
ham,åôrents,1,2.6493575307987812e-05
ham,000pes,1,2.6493575307987812e-05
ham,complaining,1,2.6493575307987812e-05
ham,finn,1,2.6493575307987812e-05
ham,downon,1,2.6493575307987812e-05
ham,theacusations,1,2.6493575307987812e-05
ham,itxt,1,2.6493575307987812e-05
ham,iwana,1,2.6493575307987812e-05
ham,wotu,1,2.6493575307987812e-05
ham,thew,1,2.6493575307987812e-05
ham,haventcn,1,2.6493575307987812e-05
ham,nething,1,2.6493575307987812e-05
ham,dine,1,2.6493575307987812e-05
ham,services,1,2.6493575307987812e-05
ham,inspection,1,2.6493575307987812e-05
ham,nursery,1,2.6493575307987812e-05
ham,follow,1,2.6493575307987812e-05
ham,panren,1,2.6493575307987812e-05
ham,paru,1,2.6493575307987812e-05
ham,chuckin,1,2.6493575307987812e-05
ham,trainners,1,2.6493575307987812e-05
ham,carryin,1,2.6493575307987812e-05
ham,bac,1,2.6493575307987812e-05
ham,dhanush,1,2.6493575307987812e-05
ham,needing,1,2.6493575307987812e-05
ham,habba,1,2.6493575307987812e-05
ham,dileep,1,2.6493575307987812e-05
ham,muchand,1,2.6493575307987812e-05
ham,venugopal,1,2.6493575307987812e-05
ham,mentioned,1,2.6493575307987812e-05
ham,remembrs,1,2.6493575307987812e-05
ham,everytime,1,2.6493575307987812e-05
ham,3230,1,2.6493575307987812e-05
ham,textbook,1,2.6493575307987812e-05
ham,algorithms,1,2.6493575307987812e-05
ham,edition,1,2.6493575307987812e-05
ham,intend,1,2.6493575307987812e-05
ham,iwas,1,2.6493575307987812e-05
ham,marine,1,2.6493575307987812e-05
ham,itried2tell,1,2.6493575307987812e-05
ham,urmom,1,2.6493575307987812e-05
ham,careabout,1,2.6493575307987812e-05
ham,learned,1,2.6493575307987812e-05
ham,iraq,1,2.6493575307987812e-05
ham,afghanistan,1,2.6493575307987812e-05
ham,stable,1,2.6493575307987812e-05
ham,honest,1,2.6493575307987812e-05
ham,traveling,1,2.6493575307987812e-05
ham,pai,1,2.6493575307987812e-05
ham,seh,1,2.6493575307987812e-05
ham,parts,1,2.6493575307987812e-05
ham,walsall,1,2.6493575307987812e-05
ham,tue,1,2.6493575307987812e-05
ham,terry,1,2.6493575307987812e-05
ham,chatting,1,2.6493575307987812e-05
ham,ccna,1,2.6493575307987812e-05
ham,shrek,1,2.6493575307987812e-05
ham,fellow,1,2.6493575307987812e-05
ham,dying,1,2.6493575307987812e-05
ham,lifting,1,2.6493575307987812e-05
ham,teresa,1,2.6493575307987812e-05
ham,dec,1,2.6493575307987812e-05
ham,ld,1,2.6493575307987812e-05
ham,bam,1,2.6493575307987812e-05
ham,aid,1,2.6493575307987812e-05
ham,usmle,1,2.6493575307987812e-05
ham,squishy,1,2.6493575307987812e-05
ham,mwahs,1,2.6493575307987812e-05
ham,prominent,1,2.6493575307987812e-05
ham,cheek,1,2.6493575307987812e-05
ham,september,1,2.6493575307987812e-05
ham,norm,1,2.6493575307987812e-05
ham,comingdown,1,2.6493575307987812e-05
ham,murali,1,2.6493575307987812e-05
ham,sts,1,2.6493575307987812e-05
ham,engalnd,1,2.6493575307987812e-05
ham,mia,1,2.6493575307987812e-05
ham,elliot,1,2.6493575307987812e-05
ham,kissing,1,2.6493575307987812e-05
ham,matric,1,2.6493575307987812e-05
ham,850,1,2.6493575307987812e-05
ham,650,1,2.6493575307987812e-05
ham,payments,1,2.6493575307987812e-05
ham,fedex,1,2.6493575307987812e-05
ham,reception,1,2.6493575307987812e-05
ham,consensus,1,2.6493575307987812e-05
ham,entertain,1,2.6493575307987812e-05
ham,tag,1,2.6493575307987812e-05
ham,bras,1,2.6493575307987812e-05
ham,strewn,1,2.6493575307987812e-05
ham,pillows,1,2.6493575307987812e-05
ham,weaknesses,1,2.6493575307987812e-05
ham,knee,1,2.6493575307987812e-05
ham,exposes,1,2.6493575307987812e-05
ham,pulls,1,2.6493575307987812e-05
ham,wicked,1,2.6493575307987812e-05
ham,supports,1,2.6493575307987812e-05
ham,srt,1,2.6493575307987812e-05
ham,ps3,1,2.6493575307987812e-05
ham,jontin,1,2.6493575307987812e-05
ham,biro,1,2.6493575307987812e-05
ham,shell,1,2.6493575307987812e-05
ham,unconsciously,1,2.6493575307987812e-05
ham,unhappy,1,2.6493575307987812e-05
ham,jog,1,2.6493575307987812e-05
ham,lark,1,2.6493575307987812e-05
ham,lim,1,2.6493575307987812e-05
ham,parachute,1,2.6493575307987812e-05
ham,placed,1,2.6493575307987812e-05
ham,lambda,1,2.6493575307987812e-05
ham,angels,1,2.6493575307987812e-05
ham,snowball,1,2.6493575307987812e-05
ham,ello,1,2.6493575307987812e-05
ham,duffer,1,2.6493575307987812e-05
ham,grr,1,2.6493575307987812e-05
ham,pharmacy,1,2.6493575307987812e-05
ham,fffff,1,2.6493575307987812e-05
ham,lifebook,1,2.6493575307987812e-05
ham,zhong,1,2.6493575307987812e-05
ham,qing,1,2.6493575307987812e-05
ham,act,1,2.6493575307987812e-05
ham,hypertension,1,2.6493575307987812e-05
ham,annoyin,1,2.6493575307987812e-05
ham,nigro,1,2.6493575307987812e-05
ham,scratching,1,2.6493575307987812e-05
ham,anyplaces,1,2.6493575307987812e-05
ham,priority,1,2.6493575307987812e-05
ham,ecstasy,1,2.6493575307987812e-05
ham,hittng,1,2.6493575307987812e-05
ham,reflex,1,2.6493575307987812e-05
ham,adewale,1,2.6493575307987812e-05
ham,egbon,1,2.6493575307987812e-05
ham,mary,1,2.6493575307987812e-05
ham,deduct,1,2.6493575307987812e-05
ham,wrks,1,2.6493575307987812e-05
ham,monkey,1,2.6493575307987812e-05
ham,asshole,1,2.6493575307987812e-05
ham,grab,1,2.6493575307987812e-05
ham,sliding,1,2.6493575307987812e-05
ham,payback,1,2.6493575307987812e-05
ham,tescos,1,2.6493575307987812e-05
ham,feathery,1,2.6493575307987812e-05
ham,bowa,1,2.6493575307987812e-05
ham,infra,1,2.6493575307987812e-05
ham,gep,1,2.6493575307987812e-05
ham,shhhhh,1,2.6493575307987812e-05
ham,related,1,2.6493575307987812e-05
ham,arul,1,2.6493575307987812e-05
ham,amk,1,2.6493575307987812e-05
ham,length,1,2.6493575307987812e-05
ham,antha,1,2.6493575307987812e-05
ham,corrct,1,2.6493575307987812e-05
ham,dane,1,2.6493575307987812e-05
ham,basket,1,2.6493575307987812e-05
ham,rupaul,1,2.6493575307987812e-05
ham,practising,1,2.6493575307987812e-05
ham,curtsey,1,2.6493575307987812e-05
ham,memory,1,2.6493575307987812e-05
ham,converted,1,2.6493575307987812e-05
ham,african,1,2.6493575307987812e-05
ham,soil,1,2.6493575307987812e-05
ham,roles,1,2.6493575307987812e-05
ham,community,1,2.6493575307987812e-05
ham,outreach,1,2.6493575307987812e-05
ham,8lb,1,2.6493575307987812e-05
ham,7oz,1,2.6493575307987812e-05
ham,brilliantly,1,2.6493575307987812e-05
ham,forwarding,1,2.6493575307987812e-05
ham,intention,1,2.6493575307987812e-05
ham,visitors,1,2.6493575307987812e-05
ham,rules,1,2.6493575307987812e-05
ham,bend,1,2.6493575307987812e-05
ham,thia,1,2.6493575307987812e-05
ham,inlude,1,2.6493575307987812e-05
ham,previews,1,2.6493575307987812e-05
ham,ambrith,1,2.6493575307987812e-05
ham,madurai,1,2.6493575307987812e-05
ham,dha,1,2.6493575307987812e-05
ham,marrge,1,2.6493575307987812e-05
ham,kitty,1,2.6493575307987812e-05
ham,shaved,1,2.6493575307987812e-05
ham,tactful,1,2.6493575307987812e-05
ham,pert,1,2.6493575307987812e-05
ham,crammed,1,2.6493575307987812e-05
ham,satsgettin,1,2.6493575307987812e-05
ham,47per,1,2.6493575307987812e-05
ham,apologize,1,2.6493575307987812e-05
ham,pei,1,2.6493575307987812e-05
ham,subtoitles,1,2.6493575307987812e-05
ham,jot,1,2.6493575307987812e-05
ham,cereals,1,2.6493575307987812e-05
ham,gari,1,2.6493575307987812e-05
ham,bold2,1,2.6493575307987812e-05
ham,thkin,1,2.6493575307987812e-05
ham,resubbing,1,2.6493575307987812e-05
ham,shadow,1,2.6493575307987812e-05
ham,breadstick,1,2.6493575307987812e-05
ham,saeed,1,2.6493575307987812e-05
ham,purple,1,2.6493575307987812e-05
ham,yelow,1,2.6493575307987812e-05
ham,brown,1,2.6493575307987812e-05
ham,arranging,1,2.6493575307987812e-05
ham,eldest,1,2.6493575307987812e-05
ham,drugdealer,1,2.6493575307987812e-05
ham,wondarfull,1,2.6493575307987812e-05
ham,onbus,1,2.6493575307987812e-05
ham,donyt,1,2.6493575307987812e-05
ham,latelyxxx,1,2.6493575307987812e-05
ham,stressed,1,2.6493575307987812e-05
ham,soooo,1,2.6493575307987812e-05
ham,provider,1,2.6493575307987812e-05
ham,tming,1,2.6493575307987812e-05
ham,cutest,1,2.6493575307987812e-05
ham,dice,1,2.6493575307987812e-05
ham,howda,1,2.6493575307987812e-05
ham,mathe,1,2.6493575307987812e-05
ham,samachara,1,2.6493575307987812e-05
ham,audrie,1,2.6493575307987812e-05
ham,autocorrect,1,2.6493575307987812e-05
ham,simulate,1,2.6493575307987812e-05
ham,readiness,1,2.6493575307987812e-05
ham,lara,1,2.6493575307987812e-05
ham,supplies,1,2.6493575307987812e-05
ham,guesses,1,2.6493575307987812e-05
ham,attach,1,2.6493575307987812e-05
ham,washob,1,2.6493575307987812e-05
ham,nobbing,1,2.6493575307987812e-05
ham,nickey,1,2.6493575307987812e-05
ham,platt,1,2.6493575307987812e-05
ham,spotty,1,2.6493575307987812e-05
ham,province,1,2.6493575307987812e-05
ham,sterling,1,2.6493575307987812e-05
ham,hall,1,2.6493575307987812e-05
ham,hesitation,1,2.6493575307987812e-05
ham,intha,1,2.6493575307987812e-05
ham,ponnungale,1,2.6493575307987812e-05
ham,ipaditan,1,2.6493575307987812e-05
ham,rejected,1,2.6493575307987812e-05
ham,noisy,1,2.6493575307987812e-05
ham,needa,1,2.6493575307987812e-05
ham,manual,1,2.6493575307987812e-05
ham,reset,1,2.6493575307987812e-05
ham,troubleshooting,1,2.6493575307987812e-05
ham,strongly,1,2.6493575307987812e-05
ham,beg,1,2.6493575307987812e-05
ham,creativity,1,2.6493575307987812e-05
ham,stifled,1,2.6493575307987812e-05
ham,requirements,1,2.6493575307987812e-05
ham,dave,1,2.6493575307987812e-05
ham,heåõs,1,2.6493575307987812e-05
ham,2getha,1,2.6493575307987812e-05
ham,nosh,1,2.6493575307987812e-05
ham,waaaat,1,2.6493575307987812e-05
ham,lololo,1,2.6493575307987812e-05
ham,occupied,1,2.6493575307987812e-05
ham,documents,1,2.6493575307987812e-05
ham,submitted,1,2.6493575307987812e-05
ham,stapati,1,2.6493575307987812e-05
ham,cutie,1,2.6493575307987812e-05
ham,hills,1,2.6493575307987812e-05
ham,honesty,1,2.6493575307987812e-05
ham,specialisation,1,2.6493575307987812e-05
ham,labor,1,2.6493575307987812e-05
ham,shakara,1,2.6493575307987812e-05
ham,beggar,1,2.6493575307987812e-05
ham,smashed,1,2.6493575307987812e-05
ham,dent,1,2.6493575307987812e-05
ham,crickiting,1,2.6493575307987812e-05
ham,imin,1,2.6493575307987812e-05
ham,dontmatter,1,2.6493575307987812e-05
ham,urgoin,1,2.6493575307987812e-05
ham,outl8r,1,2.6493575307987812e-05
ham,yavnt,1,2.6493575307987812e-05
ham,original,1,2.6493575307987812e-05
ham,popping,1,2.6493575307987812e-05
ham,ibuprofens,1,2.6493575307987812e-05
ham,sip,1,2.6493575307987812e-05
ham,grown,1,2.6493575307987812e-05
ham,chinatown,1,2.6493575307987812e-05
ham,porridge,1,2.6493575307987812e-05
ham,claypot,1,2.6493575307987812e-05
ham,yam,1,2.6493575307987812e-05
ham,fishhead,1,2.6493575307987812e-05
ham,beehoon,1,2.6493575307987812e-05
ham,jaklin,1,2.6493575307987812e-05
ham,nearby,1,2.6493575307987812e-05
ham,cliffs,1,2.6493575307987812e-05
ham,ooh,1,2.6493575307987812e-05
ham,4got,1,2.6493575307987812e-05
ham,moseley,1,2.6493575307987812e-05
ham,weds,1,2.6493575307987812e-05
ham,thankyou,1,2.6493575307987812e-05
ham,aluable,1,2.6493575307987812e-05
ham,ffectionate,1,2.6493575307987812e-05
ham,oveable,1,2.6493575307987812e-05
ham,ternal,1,2.6493575307987812e-05
ham,oble,1,2.6493575307987812e-05
ham,ruthful,1,2.6493575307987812e-05
ham,ntimate,1,2.6493575307987812e-05
ham,atural,1,2.6493575307987812e-05
ham,namous,1,2.6493575307987812e-05
ham,textin,1,2.6493575307987812e-05
ham,amigos,1,2.6493575307987812e-05
ham,burn,1,2.6493575307987812e-05
ham,progress,1,2.6493575307987812e-05
ham,arty,1,2.6493575307987812e-05
ham,collages,1,2.6493575307987812e-05
ham,tryin,1,2.6493575307987812e-05
ham,2hrs,1,2.6493575307987812e-05
ham,waliking,1,2.6493575307987812e-05
ham,cartons,1,2.6493575307987812e-05
ham,shelves,1,2.6493575307987812e-05
ham,mirror,1,2.6493575307987812e-05
ham,jod,1,2.6493575307987812e-05
ham,keris,1,2.6493575307987812e-05
ham,smidgin,1,2.6493575307987812e-05
ham,intentions,1,2.6493575307987812e-05
ham,accordin,1,2.6493575307987812e-05
ham,knocking,1,2.6493575307987812e-05
ham,como,1,2.6493575307987812e-05
ham,listened2the,1,2.6493575307987812e-05
ham,plaid,1,2.6493575307987812e-05
ham,air1,1,2.6493575307987812e-05
ham,hilarious,1,2.6493575307987812e-05
ham,boughtåóbraindanceåóa,1,2.6493575307987812e-05
ham,ofstuff,1,2.6493575307987812e-05
ham,aphexåõs,1,2.6493575307987812e-05
ham,abel,1,2.6493575307987812e-05
ham,nelson,1,2.6493575307987812e-05
ham,unmits,1,2.6493575307987812e-05
ham,newspapers,1,2.6493575307987812e-05
ham,yummmm,1,2.6493575307987812e-05
ham,puzzeles,1,2.6493575307987812e-05
ham,include,1,2.6493575307987812e-05
ham,shifad,1,2.6493575307987812e-05
ham,raised,1,2.6493575307987812e-05
ham,official,1,2.6493575307987812e-05
ham,doctors,1,2.6493575307987812e-05
ham,reminds,1,2.6493575307987812e-05
ham,dust,1,2.6493575307987812e-05
ham,watchin,1,2.6493575307987812e-05
ham,lifetime,1,2.6493575307987812e-05
ham,meaningless,1,2.6493575307987812e-05
ham,brdget,1,2.6493575307987812e-05
ham,jones,1,2.6493575307987812e-05
ham,inever,1,2.6493575307987812e-05
ham,hype,1,2.6493575307987812e-05
ham,studio,1,2.6493575307987812e-05
ham,velly,1,2.6493575307987812e-05
ham,marking,1,2.6493575307987812e-05
ham,va,1,2.6493575307987812e-05
ham,hanger,1,2.6493575307987812e-05
ham,blanket,1,2.6493575307987812e-05
ham,significant,1,2.6493575307987812e-05
ham,waqt,1,2.6493575307987812e-05
ham,pehle,1,2.6493575307987812e-05
ham,naseeb,1,2.6493575307987812e-05
ham,zyada,1,2.6493575307987812e-05
ham,kisi,1,2.6493575307987812e-05
ham,ko,1,2.6493575307987812e-05
ham,kuch,1,2.6493575307987812e-05
ham,milta,1,2.6493575307987812e-05
ham,hum,1,2.6493575307987812e-05
ham,sochte,1,2.6493575307987812e-05
ham,jeetey,1,2.6493575307987812e-05
ham,stalking,1,2.6493575307987812e-05
ham,reminded,1,2.6493575307987812e-05
ham,varaya,1,2.6493575307987812e-05
ham,elaya,1,2.6493575307987812e-05
ham,anand,1,2.6493575307987812e-05
ham,offers,1,2.6493575307987812e-05
ham,beach,1,2.6493575307987812e-05
ham,expected,1,2.6493575307987812e-05
ham,jez,1,2.6493575307987812e-05
ham,iscoming,1,2.6493575307987812e-05
ham,todo,1,2.6493575307987812e-05
ham,workand,1,2.6493575307987812e-05
ham,whilltake,1,2.6493575307987812e-05
ham,zogtorius,1,2.6493575307987812e-05
ham,iåõve,1,2.6493575307987812e-05
ham,financial,1,2.6493575307987812e-05
ham,alian,1,2.6493575307987812e-05
ham,posible,1,2.6493575307987812e-05
ham,century,1,2.6493575307987812e-05
ham,cm,1,2.6493575307987812e-05
ham,frwd,1,2.6493575307987812e-05
ham,affectionate,1,2.6493575307987812e-05
ham,sorts,1,2.6493575307987812e-05
ham,owned,1,2.6493575307987812e-05
ham,possessive,1,2.6493575307987812e-05
ham,clarification,1,2.6493575307987812e-05
ham,coimbatore,1,2.6493575307987812e-05
ham,opinions,1,2.6493575307987812e-05
ham,categories,1,2.6493575307987812e-05
ham,ethnicity,1,2.6493575307987812e-05
ham,census,1,2.6493575307987812e-05
ham,transcribing,1,2.6493575307987812e-05
ham,cakes,1,2.6493575307987812e-05
ham,goodmate,1,2.6493575307987812e-05
ham,asusual,1,2.6493575307987812e-05
ham,cheered,1,2.6493575307987812e-05
ham,franyxxxxx,1,2.6493575307987812e-05
ham,batt,1,2.6493575307987812e-05
ham,gained,1,2.6493575307987812e-05
ham,pressure,1,2.6493575307987812e-05
ham,limits,1,2.6493575307987812e-05
ham,doke,1,2.6493575307987812e-05
ham,laying,1,2.6493575307987812e-05
ham,neshanth,1,2.6493575307987812e-05
ham,byatch,1,2.6493575307987812e-05
ham,whassup,1,2.6493575307987812e-05
ham,cl,1,2.6493575307987812e-05
ham,chiong,1,2.6493575307987812e-05
ham,dialogue,1,2.6493575307987812e-05
ham,reltnship,1,2.6493575307987812e-05
ham,pose,1,2.6493575307987812e-05
ham,comb,1,2.6493575307987812e-05
ham,dryer,1,2.6493575307987812e-05
ham,fps,1,2.6493575307987812e-05
ham,computational,1,2.6493575307987812e-05
ham,disturbance,1,2.6493575307987812e-05
ham,dlf,1,2.6493575307987812e-05
ham,premarica,1,2.6493575307987812e-05
ham,rgds,1,2.6493575307987812e-05
ham,err,1,2.6493575307987812e-05
ham,8pm,1,2.6493575307987812e-05
ham,hitter,1,2.6493575307987812e-05
ham,offline,1,2.6493575307987812e-05
ham,anjola,1,2.6493575307987812e-05
ham,txting,1,2.6493575307987812e-05
ham,directors,1,2.6493575307987812e-05
ham,lac,1,2.6493575307987812e-05
ham,deposited,1,2.6493575307987812e-05
ham,taxless,1,2.6493575307987812e-05
ham,suply,1,2.6493575307987812e-05
ham,projects,1,2.6493575307987812e-05
ham,imf,1,2.6493575307987812e-05
ham,blocked,1,2.6493575307987812e-05
ham,corrupt,1,2.6493575307987812e-05
ham,itna,1,2.6493575307987812e-05
ham,karo,1,2.6493575307987812e-05
ham,ki,1,2.6493575307987812e-05
ham,pura,1,2.6493575307987812e-05
ham,padhe,1,2.6493575307987812e-05
ham,torrents,1,2.6493575307987812e-05
ham,particularly,1,2.6493575307987812e-05
ham,slowing,1,2.6493575307987812e-05
ham,commit,1,2.6493575307987812e-05
ham,rightio,1,2.6493575307987812e-05
ham,brum,1,2.6493575307987812e-05
ham,scorable,1,2.6493575307987812e-05
ham,paranoid,1,2.6493575307987812e-05
ham,brin,1,2.6493575307987812e-05
ham,sheet,1,2.6493575307987812e-05
ham,complain,1,2.6493575307987812e-05
ham,bettr,1,2.6493575307987812e-05
ham,bsnl,1,2.6493575307987812e-05
ham,offc,1,2.6493575307987812e-05
ham,payed,1,2.6493575307987812e-05
ham,suganya,1,2.6493575307987812e-05
ham,dessert,1,2.6493575307987812e-05
ham,abeg,1,2.6493575307987812e-05
ham,profit,1,2.6493575307987812e-05
ham,sponsors,1,2.6493575307987812e-05
ham,onum,1,2.6493575307987812e-05
ham,poet,1,2.6493575307987812e-05
ham,imagination,1,2.6493575307987812e-05
ham,rr,1,2.6493575307987812e-05
ham,famamus,1,2.6493575307987812e-05
ham,locks,1,2.6493575307987812e-05
ham,jenne,1,2.6493575307987812e-05
ham,easiest,1,2.6493575307987812e-05
ham,barcelona,1,2.6493575307987812e-05
ham,pansy,1,2.6493575307987812e-05
ham,jungle,1,2.6493575307987812e-05
ham,kanji,1,2.6493575307987812e-05
ham,srs,1,2.6493575307987812e-05
ham,drizzling,1,2.6493575307987812e-05
ham,appointments,1,2.6493575307987812e-05
ham,excused,1,2.6493575307987812e-05
ham,drama,1,2.6493575307987812e-05
ham,struggling,1,2.6493575307987812e-05
ham,ego,1,2.6493575307987812e-05
ham,necessity,1,2.6493575307987812e-05
ham,reppurcussions,1,2.6493575307987812e-05
ham,cosign,1,2.6493575307987812e-05
ham,hcl,1,2.6493575307987812e-05
ham,requires,1,2.6493575307987812e-05
ham,freshers,1,2.6493575307987812e-05
ham,suman,1,2.6493575307987812e-05
ham,telephonic,1,2.6493575307987812e-05
ham,bids,1,2.6493575307987812e-05
ham,reliant,1,2.6493575307987812e-05
ham,fwiw,1,2.6493575307987812e-05
ham,afford,1,2.6493575307987812e-05
ham,sq825,1,2.6493575307987812e-05
ham,arrival,1,2.6493575307987812e-05
ham,citylink,1,2.6493575307987812e-05
ham,props,1,2.6493575307987812e-05
ham,pleasant,1,2.6493575307987812e-05
ham,statements,1,2.6493575307987812e-05
ham,bognor,1,2.6493575307987812e-05
ham,splendid,1,2.6493575307987812e-05
ham,ktv,1,2.6493575307987812e-05
ham,misplaced,1,2.6493575307987812e-05
ham,computers,1,2.6493575307987812e-05
ham,begun,1,2.6493575307987812e-05
ham,registration,1,2.6493575307987812e-05
ham,permanent,1,2.6493575307987812e-05
ham,residency,1,2.6493575307987812e-05
ham,claire,1,2.6493575307987812e-05
ham,risks,1,2.6493575307987812e-05
ham,benefits,1,2.6493575307987812e-05
ham,6months,1,2.6493575307987812e-05
ham,predicting,1,2.6493575307987812e-05
ham,accumulation,1,2.6493575307987812e-05
ham,programs,1,2.6493575307987812e-05
ham,belongs,1,2.6493575307987812e-05
ham,fated,1,2.6493575307987812e-05
ham,shoranur,1,2.6493575307987812e-05
ham,fuelled,1,2.6493575307987812e-05
ham,concern,1,2.6493575307987812e-05
ham,prior,1,2.6493575307987812e-05
ham,grief,1,2.6493575307987812e-05
ham,honestly,1,2.6493575307987812e-05
ham,promptly,1,2.6493575307987812e-05
ham,burnt,1,2.6493575307987812e-05
ham,someplace,1,2.6493575307987812e-05
ham,goods,1,2.6493575307987812e-05
ham,pressies,1,2.6493575307987812e-05
ham,ultimately,1,2.6493575307987812e-05
ham,tor,1,2.6493575307987812e-05
ham,motive,1,2.6493575307987812e-05
ham,tui,1,2.6493575307987812e-05
ham,achieve,1,2.6493575307987812e-05
ham,korli,1,2.6493575307987812e-05
ham,dock,1,2.6493575307987812e-05
ham,rolled,1,2.6493575307987812e-05
ham,newscaster,1,2.6493575307987812e-05
ham,dabbles,1,2.6493575307987812e-05
ham,flute,1,2.6493575307987812e-05
ham,wheel,1,2.6493575307987812e-05
ham,the4th,1,2.6493575307987812e-05
ham,october,1,2.6493575307987812e-05
ham,elaborating,1,2.6493575307987812e-05
ham,safety,1,2.6493575307987812e-05
ham,aspects,1,2.6493575307987812e-05
ham,flow,1,2.6493575307987812e-05
ham,developed,1,2.6493575307987812e-05
ham,ovarian,1,2.6493575307987812e-05
ham,cysts,1,2.6493575307987812e-05
ham,shrink,1,2.6493575307987812e-05
ham,upping,1,2.6493575307987812e-05
ham,grams,1,2.6493575307987812e-05
ham,timin,1,2.6493575307987812e-05
ham,apes,1,2.6493575307987812e-05
ham,ibm,1,2.6493575307987812e-05
ham,hp,1,2.6493575307987812e-05
ham,gosh,1,2.6493575307987812e-05
ham,spose,1,2.6493575307987812e-05
ham,rimac,1,2.6493575307987812e-05
ham,arestaurant,1,2.6493575307987812e-05
ham,squid,1,2.6493575307987812e-05
ham,dosomething,1,2.6493575307987812e-05
ham,dabooks,1,2.6493575307987812e-05
ham,eachother,1,2.6493575307987812e-05
ham,luckily,1,2.6493575307987812e-05
ham,starring,1,2.6493575307987812e-05
ham,restocked,1,2.6493575307987812e-05
ham,smoothly,1,2.6493575307987812e-05
ham,challenging,1,2.6493575307987812e-05
ham,breakfast,1,2.6493575307987812e-05
ham,hamper,1,2.6493575307987812e-05
ham,reality,1,2.6493575307987812e-05
ham,unni,1,2.6493575307987812e-05
ham,lacking,1,2.6493575307987812e-05
ham,particular,1,2.6493575307987812e-05
ham,dramastorm,1,2.6493575307987812e-05
ham,forfeit,1,2.6493575307987812e-05
ham,digi,1,2.6493575307987812e-05
ham,coupla,1,2.6493575307987812e-05
ham,wks,1,2.6493575307987812e-05
ham,sundayish,1,2.6493575307987812e-05
ham,held,1,2.6493575307987812e-05
ham,prasad,1,2.6493575307987812e-05
ham,rcb,1,2.6493575307987812e-05
ham,battle,1,2.6493575307987812e-05
ham,kochi,1,2.6493575307987812e-05
ham,checkup,1,2.6493575307987812e-05
ham,smear,1,2.6493575307987812e-05
ham,gobi,1,2.6493575307987812e-05
ham,4w,1,2.6493575307987812e-05
ham,technologies,1,2.6493575307987812e-05
ham,olowoyey,1,2.6493575307987812e-05
ham,argentina,1,2.6493575307987812e-05
ham,taxt,1,2.6493575307987812e-05
ham,massage,1,2.6493575307987812e-05
ham,tie,1,2.6493575307987812e-05
ham,pos,1,2.6493575307987812e-05
ham,lool,1,2.6493575307987812e-05
ham,shaking,1,2.6493575307987812e-05
ham,phones,1,2.6493575307987812e-05
ham,scarcasim,1,2.6493575307987812e-05
ham,naal,1,2.6493575307987812e-05
ham,eruku,1,2.6493575307987812e-05
ham,impressively,1,2.6493575307987812e-05
ham,sensible,1,2.6493575307987812e-05
ham,obedient,1,2.6493575307987812e-05
ham,ft,1,2.6493575307987812e-05
ham,combination,1,2.6493575307987812e-05
ham,needy,1,2.6493575307987812e-05
ham,playng,1,2.6493575307987812e-05
ham,yupz,1,2.6493575307987812e-05
ham,ericson,1,2.6493575307987812e-05
ham,der,1,2.6493575307987812e-05
ham,luks,1,2.6493575307987812e-05
ham,modl,1,2.6493575307987812e-05
ham,cheesy,1,2.6493575307987812e-05
ham,frosty,1,2.6493575307987812e-05
ham,witin,1,2.6493575307987812e-05
ham,nudist,1,2.6493575307987812e-05
ham,themed,1,2.6493575307987812e-05
ham,pump,1,2.6493575307987812e-05
ham,signal,1,2.6493575307987812e-05
ham,unusual,1,2.6493575307987812e-05
ham,palm,1,2.6493575307987812e-05
ham,printing,1,2.6493575307987812e-05
ham,handing,1,2.6493575307987812e-05
ham,stated,1,2.6493575307987812e-05
ham,perpetual,1,2.6493575307987812e-05
ham,dd,1,2.6493575307987812e-05
ham,pract,1,2.6493575307987812e-05
ham,flung,1,2.6493575307987812e-05
ham,justbeen,1,2.6493575307987812e-05
ham,overa,1,2.6493575307987812e-05
ham,brains,1,2.6493575307987812e-05
ham,mush,1,2.6493575307987812e-05
ham,tunde,1,2.6493575307987812e-05
ham,missions,1,2.6493575307987812e-05
ham,avo,1,2.6493575307987812e-05
ham,crashed,1,2.6493575307987812e-05
ham,cuddled,1,2.6493575307987812e-05
ham,chachi,1,2.6493575307987812e-05
ham,pl,1,2.6493575307987812e-05
ham,tiz,1,2.6493575307987812e-05
ham,kanagu,1,2.6493575307987812e-05
ham,prices,1,2.6493575307987812e-05
ham,ringing,1,2.6493575307987812e-05
ham,houseful,1,2.6493575307987812e-05
ham,brats,1,2.6493575307987812e-05
ham,pulling,1,2.6493575307987812e-05
ham,derp,1,2.6493575307987812e-05
ham,abusers,1,2.6493575307987812e-05
ham,lipo,1,2.6493575307987812e-05
ham,easter,1,2.6493575307987812e-05
ham,netflix,1,2.6493575307987812e-05
ham,clash,1,2.6493575307987812e-05
ham,arr,1,2.6493575307987812e-05
ham,oscar,1,2.6493575307987812e-05
ham,rebtel,1,2.6493575307987812e-05
ham,firefox,1,2.6493575307987812e-05
ham,user,1,2.6493575307987812e-05
ham,impressed,1,2.6493575307987812e-05
ham,funs,1,2.6493575307987812e-05
ham,replacing,1,2.6493575307987812e-05
ham,ordered,1,2.6493575307987812e-05
ham,mittelschmertz,1,2.6493575307987812e-05
ham,paracetamol,1,2.6493575307987812e-05
ham,arrived,1,2.6493575307987812e-05
ham,cthen,1,2.6493575307987812e-05
ham,conclusion,1,2.6493575307987812e-05
ham,references,1,2.6493575307987812e-05
ham,rugby,1,2.6493575307987812e-05
ham,affidavit,1,2.6493575307987812e-05
ham,twiggs,1,2.6493575307987812e-05
ham,courtroom,1,2.6493575307987812e-05
ham,showers,1,2.6493575307987812e-05
ham,possessiveness,1,2.6493575307987812e-05
ham,poured,1,2.6493575307987812e-05
ham,golden,1,2.6493575307987812e-05
ham,lasting,1,2.6493575307987812e-05
ham,wtc,1,2.6493575307987812e-05
ham,weiyi,1,2.6493575307987812e-05
ham,private,1,2.6493575307987812e-05
ham,paining,1,2.6493575307987812e-05
ham,maggi,1,2.6493575307987812e-05
ham,mee,1,2.6493575307987812e-05
ham,nasty,1,2.6493575307987812e-05
ham,cough,1,2.6493575307987812e-05
ham,pooja,1,2.6493575307987812e-05
ham,sweatter,1,2.6493575307987812e-05
ham,ambitious,1,2.6493575307987812e-05
ham,miiiiiiissssssssss,1,2.6493575307987812e-05
ham,tunji,1,2.6493575307987812e-05
ham,misscall,1,2.6493575307987812e-05
ham,frndz,1,2.6493575307987812e-05
ham,6missed,1,2.6493575307987812e-05
ham,tall,1,2.6493575307987812e-05
ham,robs,1,2.6493575307987812e-05
ham,avenge,1,2.6493575307987812e-05
ham,choices,1,2.6493575307987812e-05
ham,toss,1,2.6493575307987812e-05
ham,gudni8,1,2.6493575307987812e-05
ham,dancin,1,2.6493575307987812e-05
ham,explicitly,1,2.6493575307987812e-05
ham,nora,1,2.6493575307987812e-05
ham,smith,1,2.6493575307987812e-05
ham,gayle,1,2.6493575307987812e-05
ham,crucify,1,2.6493575307987812e-05
ham,butting,1,2.6493575307987812e-05
ham,vs,1,2.6493575307987812e-05
ham,cedar,1,2.6493575307987812e-05
ham,durham,1,2.6493575307987812e-05
ham,reserved,1,2.6493575307987812e-05
ham,wall,1,2.6493575307987812e-05
ham,printer,1,2.6493575307987812e-05
ham,groovy,1,2.6493575307987812e-05
ham,groovying,1,2.6493575307987812e-05
ham,harish,1,2.6493575307987812e-05
ham,transfred,1,2.6493575307987812e-05
ham,acnt,1,2.6493575307987812e-05
ham,showrooms,1,2.6493575307987812e-05
ham,shaping,1,2.6493575307987812e-05
ham,attending,1,2.6493575307987812e-05
ham,doinat,1,2.6493575307987812e-05
ham,callon,1,2.6493575307987812e-05
ham,configure,1,2.6493575307987812e-05
ham,settings,1,2.6493575307987812e-05
ham,ûªm,1,2.6493575307987812e-05
ham,ûªt,1,2.6493575307987812e-05
ham,anal,1,2.6493575307987812e-05
ham,pears,1,2.6493575307987812e-05
ham,summer,1,2.6493575307987812e-05
ham,worlds,1,2.6493575307987812e-05
ham,oooooh,1,2.6493575307987812e-05
ham,weåõve,1,2.6493575307987812e-05
ham,mint,1,2.6493575307987812e-05
ham,humans,1,2.6493575307987812e-05
ham,studyn,1,2.6493575307987812e-05
ham,everyboy,1,2.6493575307987812e-05
ham,xxxxxxxx,1,2.6493575307987812e-05
ham,1thing,1,2.6493575307987812e-05
ham,answr,1,2.6493575307987812e-05
ham,liquor,1,2.6493575307987812e-05
ham,loko,1,2.6493575307987812e-05
ham,730,1,2.6493575307987812e-05
ham,lined,1,2.6493575307987812e-05
ham,laughs,1,2.6493575307987812e-05
ham,fireplace,1,2.6493575307987812e-05
ham,icon,1,2.6493575307987812e-05
ham,fifth,1,2.6493575307987812e-05
ham,woozles,1,2.6493575307987812e-05
ham,weasels,1,2.6493575307987812e-05
ham,machines,1,2.6493575307987812e-05
ham,fucks,1,2.6493575307987812e-05
ham,ignorant,1,2.6493575307987812e-05
ham,mys,1,2.6493575307987812e-05
ham,downs,1,2.6493575307987812e-05
ham,fletcher,1,2.6493575307987812e-05
ham,bowls,1,2.6493575307987812e-05
ham,cozy,1,2.6493575307987812e-05
ham,buzzzz,1,2.6493575307987812e-05
ham,vibrator,1,2.6493575307987812e-05
ham,shake,1,2.6493575307987812e-05
ham,trends,1,2.6493575307987812e-05
ham,pros,1,2.6493575307987812e-05
ham,cons,1,2.6493575307987812e-05
ham,description,1,2.6493575307987812e-05
ham,nuclear,1,2.6493575307987812e-05
ham,fusion,1,2.6493575307987812e-05
ham,iter,1,2.6493575307987812e-05
ham,jet,1,2.6493575307987812e-05
ham,nowhere,1,2.6493575307987812e-05
ham,ikno,1,2.6493575307987812e-05
ham,doesdiscount,1,2.6493575307987812e-05
ham,shitinnit,1,2.6493575307987812e-05
ham,jabo,1,2.6493575307987812e-05
ham,sapna,1,2.6493575307987812e-05
ham,manege,1,2.6493575307987812e-05
ham,hogidhe,1,2.6493575307987812e-05
ham,chinnu,1,2.6493575307987812e-05
ham,swalpa,1,2.6493575307987812e-05
ham,agidhane,1,2.6493575307987812e-05
ham,sports,1,2.6493575307987812e-05
ham,footbl,1,2.6493575307987812e-05
ham,crckt,1,2.6493575307987812e-05
ham,swell,1,2.6493575307987812e-05
ham,tim,1,2.6493575307987812e-05
ham,bollox,1,2.6493575307987812e-05
ham,tol,1,2.6493575307987812e-05
ham,ingredients,1,2.6493575307987812e-05
ham,pocy,1,2.6493575307987812e-05
ham,non,1,2.6493575307987812e-05
ham,senor,1,2.6493575307987812e-05
ham,giggle,1,2.6493575307987812e-05
ham,possibly,1,2.6493575307987812e-05
ham,person2die,1,2.6493575307987812e-05
ham,nvq,1,2.6493575307987812e-05
ham,grinder,1,2.6493575307987812e-05
ham,buyers,1,2.6493575307987812e-05
ham,figuring,1,2.6493575307987812e-05
ham,entirely,1,2.6493575307987812e-05
ham,disconnected,1,2.6493575307987812e-05
ham,onluy,1,2.6493575307987812e-05
ham,matters,1,2.6493575307987812e-05
ham,offcampus,1,2.6493575307987812e-05
ham,riley,1,2.6493575307987812e-05
ham,ew,1,2.6493575307987812e-05
ham,wesley,1,2.6493575307987812e-05
ham,lingo,1,2.6493575307987812e-05
ham,approaching,1,2.6493575307987812e-05
ham,sankranti,1,2.6493575307987812e-05
ham,republic,1,2.6493575307987812e-05
ham,shivratri,1,2.6493575307987812e-05
ham,ugadi,1,2.6493575307987812e-05
ham,fools,1,2.6493575307987812e-05
ham,independence,1,2.6493575307987812e-05
ham,teachers,1,2.6493575307987812e-05
ham,childrens,1,2.6493575307987812e-05
ham,festival,1,2.6493575307987812e-05
ham,dasara,1,2.6493575307987812e-05
ham,mornings,1,2.6493575307987812e-05
ham,afternoons,1,2.6493575307987812e-05
ham,rememberi,1,2.6493575307987812e-05
ham,joys,1,2.6493575307987812e-05
ham,lifeis,1,2.6493575307987812e-05
ham,daywith,1,2.6493575307987812e-05
ham,somewheresomeone,1,2.6493575307987812e-05
ham,tosend,1,2.6493575307987812e-05
ham,greeting,1,2.6493575307987812e-05
ham,selflessness,1,2.6493575307987812e-05
ham,initiate,1,2.6493575307987812e-05
ham,tallent,1,2.6493575307987812e-05
ham,wasting,1,2.6493575307987812e-05
ham,portal,1,2.6493575307987812e-05
ham,t4get2text,1,2.6493575307987812e-05
ham,lennon,1,2.6493575307987812e-05
ham,bothering,1,2.6493575307987812e-05
ham,fox,1,2.6493575307987812e-05
ham,frndsship,1,2.6493575307987812e-05
ham,dwn,1,2.6493575307987812e-05
ham,slaaaaave,1,2.6493575307987812e-05
ham,summon,1,2.6493575307987812e-05
ham,33,1,2.6493575307987812e-05
ham,appendix,1,2.6493575307987812e-05
ham,slob,1,2.6493575307987812e-05
ham,smiled,1,2.6493575307987812e-05
ham,webpage,1,2.6493575307987812e-05
ham,yeesh,1,2.6493575307987812e-05
ham,gopalettan,1,2.6493575307987812e-05
ham,participate,1,2.6493575307987812e-05
ham,ay,1,2.6493575307987812e-05
ham,steal,1,2.6493575307987812e-05
ham,isaiah,1,2.6493575307987812e-05
ham,expert,1,2.6493575307987812e-05
ham,thinl,1,2.6493575307987812e-05
ham,importantly,1,2.6493575307987812e-05
ham,tightly,1,2.6493575307987812e-05
ham,wnevr,1,2.6493575307987812e-05
ham,fal,1,2.6493575307987812e-05
ham,fals,1,2.6493575307987812e-05
ham,yen,1,2.6493575307987812e-05
ham,madodu,1,2.6493575307987812e-05
ham,nav,1,2.6493575307987812e-05
ham,pretsorginta,1,2.6493575307987812e-05
ham,nammanna,1,2.6493575307987812e-05
ham,pretsovru,1,2.6493575307987812e-05
ham,alwa,1,2.6493575307987812e-05
ham,sg,1,2.6493575307987812e-05
ham,phyhcmk,1,2.6493575307987812e-05
ham,pc1323,1,2.6493575307987812e-05
ham,emigrated,1,2.6493575307987812e-05
ham,hopeful,1,2.6493575307987812e-05
ham,olol,1,2.6493575307987812e-05
ham,stagwood,1,2.6493575307987812e-05
ham,winterstone,1,2.6493575307987812e-05
ham,victors,1,2.6493575307987812e-05
ham,jp,1,2.6493575307987812e-05
ham,mofo,1,2.6493575307987812e-05
ham,pathaya,1,2.6493575307987812e-05
ham,enketa,1,2.6493575307987812e-05
ham,maraikara,1,2.6493575307987812e-05
ham,priest,1,2.6493575307987812e-05
ham,reserves,1,2.6493575307987812e-05
ham,intrude,1,2.6493575307987812e-05
ham,walkabout,1,2.6493575307987812e-05
ham,cashed,1,2.6493575307987812e-05
ham,announced,1,2.6493575307987812e-05
ham,blog,1,2.6493575307987812e-05
ham,footie,1,2.6493575307987812e-05
ham,blow,1,2.6493575307987812e-05
ham,phil,1,2.6493575307987812e-05
ham,neville,1,2.6493575307987812e-05
ham,abbey,1,2.6493575307987812e-05
ham,returning,1,2.6493575307987812e-05
ham,punj,1,2.6493575307987812e-05
ham,pre,1,2.6493575307987812e-05
ham,sacked,1,2.6493575307987812e-05
ham,barred,1,2.6493575307987812e-05
ham,twat,1,2.6493575307987812e-05
ham,dungerees,1,2.6493575307987812e-05
ham,decking,1,2.6493575307987812e-05
ham,punch,1,2.6493575307987812e-05
ham,mentionned,1,2.6493575307987812e-05
ham,hogolo,1,2.6493575307987812e-05
ham,gold,1,2.6493575307987812e-05
ham,kodstini,1,2.6493575307987812e-05
ham,madstini,1,2.6493575307987812e-05
ham,hogli,1,2.6493575307987812e-05
ham,mutai,1,2.6493575307987812e-05
ham,eerulli,1,2.6493575307987812e-05
ham,kodthini,1,2.6493575307987812e-05
ham,thasa,1,2.6493575307987812e-05
ham,messed,1,2.6493575307987812e-05
ham,tex,1,2.6493575307987812e-05
ham,mecause,1,2.6493575307987812e-05
ham,werebored,1,2.6493575307987812e-05
ham,okden,1,2.6493575307987812e-05
ham,uin,1,2.6493575307987812e-05
ham,soundåõs,1,2.6493575307987812e-05
ham,likeyour,1,2.6493575307987812e-05
ham,gr8fun,1,2.6493575307987812e-05
ham,updat,1,2.6493575307987812e-05
ham,countinlots,1,2.6493575307987812e-05
ham,xxxxx,1,2.6493575307987812e-05
ham,tagged,1,2.6493575307987812e-05
ham,arrive,1,2.6493575307987812e-05
ham,hdd,1,2.6493575307987812e-05
ham,casing,1,2.6493575307987812e-05
ham,mystery,1,2.6493575307987812e-05
ham,opened,1,2.6493575307987812e-05
ham,describe,1,2.6493575307987812e-05
ham,asus,1,2.6493575307987812e-05
ham,randomly,1,2.6493575307987812e-05
ham,reformat,1,2.6493575307987812e-05
ham,le,1,2.6493575307987812e-05
ham,plumbers,1,2.6493575307987812e-05
ham,wrench,1,2.6493575307987812e-05
ham,bcum,1,2.6493575307987812e-05
ham,films,1,2.6493575307987812e-05
ham,appeal,1,2.6493575307987812e-05
ham,thriller,1,2.6493575307987812e-05
ham,director,1,2.6493575307987812e-05
ham,elephant,1,2.6493575307987812e-05
ham,shove,1,2.6493575307987812e-05
ham,um,1,2.6493575307987812e-05
ham,cr,1,2.6493575307987812e-05
ham,pookie,1,2.6493575307987812e-05
ham,nri,1,2.6493575307987812e-05
ham,x2,1,2.6493575307987812e-05
ham,deserve,1,2.6493575307987812e-05
ham,diddy,1,2.6493575307987812e-05
ham,neighbor,1,2.6493575307987812e-05
ham,toothpaste,1,2.6493575307987812e-05
ham,poking,1,2.6493575307987812e-05
ham,conditions,1,2.6493575307987812e-05
ham,coccooning,1,2.6493575307987812e-05
ham,mus,1,2.6493575307987812e-05
ham,newquay,1,2.6493575307987812e-05
ham,1im,1,2.6493575307987812e-05
ham,talkin,1,2.6493575307987812e-05
ham,divorce,1,2.6493575307987812e-05
ham,windy,1,2.6493575307987812e-05
ham,tirunelvai,1,2.6493575307987812e-05
ham,dusk,1,2.6493575307987812e-05
ham,puzzles,1,2.6493575307987812e-05
ham,stairs,1,2.6493575307987812e-05
ham,phews,1,2.6493575307987812e-05
ham,recycling,1,2.6493575307987812e-05
ham,earning,1,2.6493575307987812e-05
ham,toledo,1,2.6493575307987812e-05
ham,tai,1,2.6493575307987812e-05
ham,feng,1,2.6493575307987812e-05
ham,reservations,1,2.6493575307987812e-05
ham,swimsuit,1,2.6493575307987812e-05
ham,squeeeeeze,1,2.6493575307987812e-05
ham,frndshp,1,2.6493575307987812e-05
ham,luvd,1,2.6493575307987812e-05
ham,volcanoes,1,2.6493575307987812e-05
ham,erupt,1,2.6493575307987812e-05
ham,arise,1,2.6493575307987812e-05
ham,hurricanes,1,2.6493575307987812e-05
ham,sway,1,2.6493575307987812e-05
ham,aroundn,1,2.6493575307987812e-05
ham,disasters,1,2.6493575307987812e-05
ham,lighters,1,2.6493575307987812e-05
ham,7pm,1,2.6493575307987812e-05
ham,lasagna,1,2.6493575307987812e-05
ham,chickened,1,2.6493575307987812e-05
ham,woould,1,2.6493575307987812e-05
ham,raviyog,1,2.6493575307987812e-05
ham,peripherals,1,2.6493575307987812e-05
ham,bhayandar,1,2.6493575307987812e-05
ham,sunoco,1,2.6493575307987812e-05
ham,musical,1,2.6493575307987812e-05
ham,plate,1,2.6493575307987812e-05
ham,leftovers,1,2.6493575307987812e-05
ham,caller,1,2.6493575307987812e-05
ham,starving,1,2.6493575307987812e-05
ham,fatty,1,2.6493575307987812e-05
ham,badrith,1,2.6493575307987812e-05
ham,owe,1,2.6493575307987812e-05
ham,checkin,1,2.6493575307987812e-05
ham,block,1,2.6493575307987812e-05
ham,armenia,1,2.6493575307987812e-05
ham,swann,1,2.6493575307987812e-05
ham,330,1,2.6493575307987812e-05
ham,1120,1,2.6493575307987812e-05
ham,1205,1,2.6493575307987812e-05
ham,justify,1,2.6493575307987812e-05
ham,hunt,1,2.6493575307987812e-05
ham,everyones,1,2.6493575307987812e-05
ham,babysitting,1,2.6493575307987812e-05
ham,gonnamissu,1,2.6493575307987812e-05
ham,buttheres,1,2.6493575307987812e-05
ham,aboutas,1,2.6493575307987812e-05
ham,merememberin,1,2.6493575307987812e-05
ham,asthere,1,2.6493575307987812e-05
ham,ofsi,1,2.6493575307987812e-05
ham,breakin,1,2.6493575307987812e-05
ham,yaxx,1,2.6493575307987812e-05
ham,poortiyagi,1,2.6493575307987812e-05
ham,odalebeku,1,2.6493575307987812e-05
ham,hanumanji,1,2.6493575307987812e-05
ham,hanuman,1,2.6493575307987812e-05
ham,bajarangabali,1,2.6493575307987812e-05
ham,maruti,1,2.6493575307987812e-05
ham,pavanaputra,1,2.6493575307987812e-05
ham,sankatmochan,1,2.6493575307987812e-05
ham,ramaduth,1,2.6493575307987812e-05
ham,mahaveer,1,2.6493575307987812e-05
ham,janarige,1,2.6493575307987812e-05
ham,ivatte,1,2.6493575307987812e-05
ham,kalisidare,1,2.6493575307987812e-05
ham,olage,1,2.6493575307987812e-05
ham,ondu,1,2.6493575307987812e-05
ham,keluviri,1,2.6493575307987812e-05
ham,maretare,1,2.6493575307987812e-05
ham,inde,1,2.6493575307987812e-05
ham,dodda,1,2.6493575307987812e-05
ham,problum,1,2.6493575307987812e-05
ham,nalli,1,2.6493575307987812e-05
ham,siguviri,1,2.6493575307987812e-05
ham,idu,1,2.6493575307987812e-05
ham,matra,1,2.6493575307987812e-05
ham,neglet,1,2.6493575307987812e-05
ham,ijust,1,2.6493575307987812e-05
ham,talked,1,2.6493575307987812e-05
ham,opps,1,2.6493575307987812e-05
ham,gei,1,2.6493575307987812e-05
ham,tron,1,2.6493575307987812e-05
ham,dl,1,2.6493575307987812e-05
ham,spiffing,1,2.6493575307987812e-05
ham,workage,1,2.6493575307987812e-05
ham,craving,1,2.6493575307987812e-05
ham,supose,1,2.6493575307987812e-05
ham,babysit,1,2.6493575307987812e-05
ham,spaces,1,2.6493575307987812e-05
ham,embassy,1,2.6493575307987812e-05
ham,lightly,1,2.6493575307987812e-05
ham,checkboxes,1,2.6493575307987812e-05
ham,hardcore,1,2.6493575307987812e-05
ham,batsman,1,2.6493575307987812e-05
ham,yetty,1,2.6493575307987812e-05
ham,approx,1,2.6493575307987812e-05
ham,21,1,2.6493575307987812e-05
ham,emailed,1,2.6493575307987812e-05
ham,yifeng,1,2.6493575307987812e-05
ham,slurp,1,2.6493575307987812e-05
ham,3miles,1,2.6493575307987812e-05
ham,brainless,1,2.6493575307987812e-05
ham,doll,1,2.6493575307987812e-05
ham,vehicle,1,2.6493575307987812e-05
ham,sariyag,1,2.6493575307987812e-05
ham,madoke,1,2.6493575307987812e-05
ham,barolla,1,2.6493575307987812e-05
ham,postponed,1,2.6493575307987812e-05
ham,stocked,1,2.6493575307987812e-05
ham,tiime,1,2.6493575307987812e-05
ham,tears,1,2.6493575307987812e-05
ham,afternon,1,2.6493575307987812e-05
ham,interviews,1,2.6493575307987812e-05
ham,resizing,1,2.6493575307987812e-05
ham,opposed,1,2.6493575307987812e-05
ham,somerset,1,2.6493575307987812e-05
ham,overtime,1,2.6493575307987812e-05
ham,nigpun,1,2.6493575307987812e-05
ham,dismissial,1,2.6493575307987812e-05
ham,screwd,1,2.6493575307987812e-05
ham,bull,1,2.6493575307987812e-05
ham,floating,1,2.6493575307987812e-05
ham,heehee,1,2.6493575307987812e-05
ham,arithmetic,1,2.6493575307987812e-05
ham,percentages,1,2.6493575307987812e-05
ham,chillaxin,1,2.6493575307987812e-05
ham,das,1,2.6493575307987812e-05
ham,iknow,1,2.6493575307987812e-05
ham,wellda,1,2.6493575307987812e-05
ham,peril,1,2.6493575307987812e-05
ham,studentfinancial,1,2.6493575307987812e-05
ham,monster,1,2.6493575307987812e-05
ham,obey,1,2.6493575307987812e-05
ham,uhhhhrmm,1,2.6493575307987812e-05
ham,youphone,1,2.6493575307987812e-05
ham,athome,1,2.6493575307987812e-05
ham,youwanna,1,2.6493575307987812e-05
ham,jack,1,2.6493575307987812e-05
ham,helpful,1,2.6493575307987812e-05
ham,pretend,1,2.6493575307987812e-05
ham,hypotheticalhuagauahahuagahyuhagga,1,2.6493575307987812e-05
ham,brainy,1,2.6493575307987812e-05
ham,occasion,1,2.6493575307987812e-05
ham,celebrated,1,2.6493575307987812e-05
ham,reflection,1,2.6493575307987812e-05
ham,values,1,2.6493575307987812e-05
ham,affections,1,2.6493575307987812e-05
ham,traditions,1,2.6493575307987812e-05
ham,cantdo,1,2.6493575307987812e-05
ham,anythingtomorrow,1,2.6493575307987812e-05
ham,myparents,1,2.6493575307987812e-05
ham,aretaking,1,2.6493575307987812e-05
ham,outfor,1,2.6493575307987812e-05
ham,katexxx,1,2.6493575307987812e-05
ham,level,1,2.6493575307987812e-05
ham,gate,1,2.6493575307987812e-05
ham,board,1,2.6493575307987812e-05
ham,overheating,1,2.6493575307987812e-05
ham,reslove,1,2.6493575307987812e-05
ham,inst,1,2.6493575307987812e-05
ham,western,1,2.6493575307987812e-05
ham,notixiquating,1,2.6493575307987812e-05
ham,laxinorficated,1,2.6493575307987812e-05
ham,bambling,1,2.6493575307987812e-05
ham,entropication,1,2.6493575307987812e-05
ham,oblisingately,1,2.6493575307987812e-05
ham,opted,1,2.6493575307987812e-05
ham,masteriastering,1,2.6493575307987812e-05
ham,amplikater,1,2.6493575307987812e-05
ham,fidalfication,1,2.6493575307987812e-05
ham,champlaxigating,1,2.6493575307987812e-05
ham,atrocious,1,2.6493575307987812e-05
ham,wotz,1,2.6493575307987812e-05
ham,junna,1,2.6493575307987812e-05
ham,accident,1,2.6493575307987812e-05
ham,a30,1,2.6493575307987812e-05
ham,divert,1,2.6493575307987812e-05
ham,wadebridge,1,2.6493575307987812e-05
ham,vill,1,2.6493575307987812e-05
ham,orc,1,2.6493575307987812e-05
ham,seeking,1,2.6493575307987812e-05
ham,wherre,1,2.6493575307987812e-05
ham,resolution,1,2.6493575307987812e-05
ham,frank,1,2.6493575307987812e-05
ham,logoff,1,2.6493575307987812e-05
ham,parkin,1,2.6493575307987812e-05
ham,asa,1,2.6493575307987812e-05
ham,charming,1,2.6493575307987812e-05
ham,mention,1,2.6493575307987812e-05
ham,served,1,2.6493575307987812e-05
ham,arnt,1,2.6493575307987812e-05
ham,xxxxxxxxxxxxxx,1,2.6493575307987812e-05
ham,alle,1,2.6493575307987812e-05
ham,mone,1,2.6493575307987812e-05
ham,eppolum,1,2.6493575307987812e-05
ham,pole,1,2.6493575307987812e-05
ham,allalo,1,2.6493575307987812e-05
ham,fundamentals,1,2.6493575307987812e-05
ham,1mega,1,2.6493575307987812e-05
ham,pixels,1,2.6493575307987812e-05
ham,3optical,1,2.6493575307987812e-05
ham,5digital,1,2.6493575307987812e-05
ham,dooms,1,2.6493575307987812e-05
ham,noiåõm,1,2.6493575307987812e-05
ham,js,1,2.6493575307987812e-05
ham,burgundy,1,2.6493575307987812e-05
ham,captaining,1,2.6493575307987812e-05
ham,amrita,1,2.6493575307987812e-05
ham,profile,1,2.6493575307987812e-05
ham,bpo,1,2.6493575307987812e-05
ham,nighters,1,2.6493575307987812e-05
ham,persevered,1,2.6493575307987812e-05
ham,regretted,1,2.6493575307987812e-05
ham,wasnåõt,1,2.6493575307987812e-05
ham,spouse,1,2.6493575307987812e-05
ham,pmt,1,2.6493575307987812e-05
ham,4give,1,2.6493575307987812e-05
ham,shldxxxx,1,2.6493575307987812e-05
ham,scenario,1,2.6493575307987812e-05
ham,spun,1,2.6493575307987812e-05
ham,wrld,1,2.6493575307987812e-05
ham,pounded,1,2.6493575307987812e-05
ham,broadband,1,2.6493575307987812e-05
ham,processed,1,2.6493575307987812e-05
ham,installation,1,2.6493575307987812e-05
ham,tensed,1,2.6493575307987812e-05
ham,coughing,1,2.6493575307987812e-05
ham,survey,1,2.6493575307987812e-05
ham,warned,1,2.6493575307987812e-05
ham,sprint,1,2.6493575307987812e-05
ham,gower,1,2.6493575307987812e-05
ham,åômorrow,1,2.6493575307987812e-05
ham,420,1,2.6493575307987812e-05
ham,sabarish,1,2.6493575307987812e-05
ham,inpersonation,1,2.6493575307987812e-05
ham,flea,1,2.6493575307987812e-05
ham,ny,1,2.6493575307987812e-05
ham,taj,1,2.6493575307987812e-05
ham,symbol,1,2.6493575307987812e-05
ham,lesser,1,2.6493575307987812e-05
ham,known,1,2.6493575307987812e-05
ham,facts,1,2.6493575307987812e-05
ham,wifes,1,2.6493575307987812e-05
ham,delivery,1,2.6493575307987812e-05
ham,arises,1,2.6493575307987812e-05
ham,hari,1,2.6493575307987812e-05
ham,webadres,1,2.6493575307987812e-05
ham,geting,1,2.6493575307987812e-05
ham,passport,1,2.6493575307987812e-05
ham,multiply,1,2.6493575307987812e-05
ham,independently,1,2.6493575307987812e-05
ham,showed,1,2.6493575307987812e-05
ham,twins,1,2.6493575307987812e-05
ham,equally,1,2.6493575307987812e-05
ham,uneventful,1,2.6493575307987812e-05
ham,pesky,1,2.6493575307987812e-05
ham,cyclists,1,2.6493575307987812e-05
ham,adi,1,2.6493575307987812e-05
ham,entey,1,2.6493575307987812e-05
ham,nattil,1,2.6493575307987812e-05
ham,kittum,1,2.6493575307987812e-05
ham,hire,1,2.6493575307987812e-05
ham,hitman,1,2.6493575307987812e-05
ham,cps,1,2.6493575307987812e-05
ham,outages,1,2.6493575307987812e-05
ham,conserve,1,2.6493575307987812e-05
ham,jordan,1,2.6493575307987812e-05
ham,voted,1,2.6493575307987812e-05
ham,epi,1,2.6493575307987812e-05
ham,bare,1,2.6493575307987812e-05
ham,bhaskar,1,2.6493575307987812e-05
ham,gong,1,2.6493575307987812e-05
ham,kaypoh,1,2.6493575307987812e-05
ham,basketball,1,2.6493575307987812e-05
ham,outdoors,1,2.6493575307987812e-05
ham,interfued,1,2.6493575307987812e-05
ham,listed,1,2.6493575307987812e-05
ham,apology,1,2.6493575307987812e-05
ham,hustle,1,2.6493575307987812e-05
ham,forth,1,2.6493575307987812e-05
ham,harlem,1,2.6493575307987812e-05
ham,workout,1,2.6493575307987812e-05
ham,fats,1,2.6493575307987812e-05
ham,zac,1,2.6493575307987812e-05
ham,hui,1,2.6493575307987812e-05
ham,versus,1,2.6493575307987812e-05
ham,underdtand,1,2.6493575307987812e-05
ham,muchxxlove,1,2.6493575307987812e-05
ham,locaxx,1,2.6493575307987812e-05
ham,skateboarding,1,2.6493575307987812e-05
ham,thrown,1,2.6493575307987812e-05
ham,winds,1,2.6493575307987812e-05
ham,bandages,1,2.6493575307987812e-05
ham,sky,1,2.6493575307987812e-05
ham,hectic,1,2.6493575307987812e-05
ham,virtual,1,2.6493575307987812e-05
ham,apnt,1,2.6493575307987812e-05
ham,pants,1,2.6493575307987812e-05
ham,go2sri,1,2.6493575307987812e-05
ham,lanka,1,2.6493575307987812e-05
ham,merely,1,2.6493575307987812e-05
ham,relationship,1,2.6493575307987812e-05
ham,wherevr,1,2.6493575307987812e-05
ham,gudnyt,1,2.6493575307987812e-05
ham,plum,1,2.6493575307987812e-05
ham,smacks,1,2.6493575307987812e-05
ham,50s,1,2.6493575307987812e-05
ham,alot,1,2.6493575307987812e-05
ham,formatting,1,2.6493575307987812e-05
ham,attracts,1,2.6493575307987812e-05
ham,lancaster,1,2.6493575307987812e-05
ham,neway,1,2.6493575307987812e-05
ham,couldnåõt,1,2.6493575307987812e-05
ham,soc,1,2.6493575307987812e-05
ham,bsn,1,2.6493575307987812e-05
ham,advising,1,2.6493575307987812e-05
ham,lobby,1,2.6493575307987812e-05
ham,showered,1,2.6493575307987812e-05
ham,ything,1,2.6493575307987812e-05
ham,lubly,1,2.6493575307987812e-05
ham,catches,1,2.6493575307987812e-05
ham,specify,1,2.6493575307987812e-05
ham,domain,1,2.6493575307987812e-05
ham,nusstu,1,2.6493575307987812e-05
ham,bari,1,2.6493575307987812e-05
ham,hudgi,1,2.6493575307987812e-05
ham,yorge,1,2.6493575307987812e-05
ham,pataistha,1,2.6493575307987812e-05
ham,ertini,1,2.6493575307987812e-05
ham,hasbro,1,2.6493575307987812e-05
ham,august,1,2.6493575307987812e-05
ham,jump,1,2.6493575307987812e-05
ham,hoops,1,2.6493575307987812e-05
ham,ummifying,1,2.6493575307987812e-05
ham,associate,1,2.6493575307987812e-05
ham,rip,1,2.6493575307987812e-05
ham,uterus,1,2.6493575307987812e-05
ham,jacuzzi,1,2.6493575307987812e-05
ham,aldrine,1,2.6493575307987812e-05
ham,rtm,1,2.6493575307987812e-05
ham,sources,1,2.6493575307987812e-05
ham,unhappiness,1,2.6493575307987812e-05
ham,necesity,1,2.6493575307987812e-05
ham,witout,1,2.6493575307987812e-05
ham,colleg,1,2.6493575307987812e-05
ham,wth,1,2.6493575307987812e-05
ham,functions,1,2.6493575307987812e-05
ham,events,1,2.6493575307987812e-05
ham,espe,1,2.6493575307987812e-05
ham,irritated,1,2.6493575307987812e-05
ham,4wrd,1,2.6493575307987812e-05
ham,wthout,1,2.6493575307987812e-05
ham,takecare,1,2.6493575307987812e-05
ham,univ,1,2.6493575307987812e-05
ham,rajas,1,2.6493575307987812e-05
ham,burrito,1,2.6493575307987812e-05
ham,stitch,1,2.6493575307987812e-05
ham,trouser,1,2.6493575307987812e-05
ham,cheetos,1,2.6493575307987812e-05
ham,names,1,2.6493575307987812e-05
ham,synced,1,2.6493575307987812e-05
ham,shangela,1,2.6493575307987812e-05
ham,poo,1,2.6493575307987812e-05
ham,gloucesterroad,1,2.6493575307987812e-05
ham,uup,1,2.6493575307987812e-05
ham,ouch,1,2.6493575307987812e-05
ham,forgiveness,1,2.6493575307987812e-05
ham,glo,1,2.6493575307987812e-05
ham,wlcome,1,2.6493575307987812e-05
ham,timi,1,2.6493575307987812e-05
ham,fishrman,1,2.6493575307987812e-05
ham,sack,1,2.6493575307987812e-05
ham,strtd,1,2.6493575307987812e-05
ham,throwin,1,2.6493575307987812e-05
ham,1stone,1,2.6493575307987812e-05
ham,physics,1,2.6493575307987812e-05
ham,praveesh,1,2.6493575307987812e-05
ham,delicious,1,2.6493575307987812e-05
ham,salad,1,2.6493575307987812e-05
ham,beers,1,2.6493575307987812e-05
ham,whore,1,2.6493575307987812e-05
ham,flood,1,2.6493575307987812e-05
ham,beads,1,2.6493575307987812e-05
ham,wishlist,1,2.6493575307987812e-05
ham,section,1,2.6493575307987812e-05
ham,nitro,1,2.6493575307987812e-05
ham,comfort,1,2.6493575307987812e-05
ham,luxury,1,2.6493575307987812e-05
ham,sold,1,2.6493575307987812e-05
ham,creative,1,2.6493575307987812e-05
ham,reffering,1,2.6493575307987812e-05
ham,getiing,1,2.6493575307987812e-05
ham,weirdy,1,2.6493575307987812e-05
ham,brownies,1,2.6493575307987812e-05
ham,restrict,1,2.6493575307987812e-05
ham,greece,1,2.6493575307987812e-05
ham,recorded,1,2.6493575307987812e-05
ham,someday,1,2.6493575307987812e-05
ham,grandfather,1,2.6493575307987812e-05
ham,expired,1,2.6493575307987812e-05
ham,yuou,1,2.6493575307987812e-05
ham,spot,1,2.6493575307987812e-05
ham,bunch,1,2.6493575307987812e-05
ham,lotto,1,2.6493575307987812e-05
ham,purchases,1,2.6493575307987812e-05
ham,authorise,1,2.6493575307987812e-05
ham,45pm,1,2.6493575307987812e-05
ham,gimmi,1,2.6493575307987812e-05
ham,goss,1,2.6493575307987812e-05
ham,ystrday,1,2.6493575307987812e-05
ham,chile,1,2.6493575307987812e-05
ham,subletting,1,2.6493575307987812e-05
ham,ammae,1,2.6493575307987812e-05
ham,steering,1,2.6493575307987812e-05
ham,sleeps,1,2.6493575307987812e-05
ham,rounder,1,2.6493575307987812e-05
ham,required,1,2.6493575307987812e-05
ham,lambu,1,2.6493575307987812e-05
ham,ji,1,2.6493575307987812e-05
ham,batchlor,1,2.6493575307987812e-05
ham,zoom,1,2.6493575307987812e-05
ham,pure,1,2.6493575307987812e-05
ham,hearted,1,2.6493575307987812e-05
ham,enemies,1,2.6493575307987812e-05
ham,smiley,1,2.6493575307987812e-05
ham,gail,1,2.6493575307987812e-05
ham,l8tr,1,2.6493575307987812e-05
ham,yaxxx,1,2.6493575307987812e-05
ham,theoretically,1,2.6493575307987812e-05
ham,hooked,1,2.6493575307987812e-05
ham,formally,1,2.6493575307987812e-05
ham,multimedia,1,2.6493575307987812e-05
ham,vague,1,2.6493575307987812e-05
ham,accounting,1,2.6493575307987812e-05
ham,delayed,1,2.6493575307987812e-05
ham,housing,1,2.6493575307987812e-05
ham,agency,1,2.6493575307987812e-05
ham,renting,1,2.6493575307987812e-05
ham,presents,1,2.6493575307987812e-05
ham,nicky,1,2.6493575307987812e-05
ham,gumby,1,2.6493575307987812e-05
ham,sized,1,2.6493575307987812e-05
ham,tarpon,1,2.6493575307987812e-05
ham,springs,1,2.6493575307987812e-05
ham,cab,1,2.6493575307987812e-05
ham,steps,1,2.6493575307987812e-05
ham,limited,1,2.6493575307987812e-05
ham,radiator,1,2.6493575307987812e-05
ham,proper,1,2.6493575307987812e-05
ham,tongued,1,2.6493575307987812e-05
ham,shorts,1,2.6493575307987812e-05
ham,qi,1,2.6493575307987812e-05
ham,suddenly,1,2.6493575307987812e-05
ham,flurries,1,2.6493575307987812e-05
ham,perform,1,2.6493575307987812e-05
ham,cards,1,2.6493575307987812e-05
ham,rebooting,1,2.6493575307987812e-05
ham,nigh,1,2.6493575307987812e-05
ham,nooooooo,1,2.6493575307987812e-05
ham,cable,1,2.6493575307987812e-05
ham,outage,1,2.6493575307987812e-05
ham,sos,1,2.6493575307987812e-05
ham,playin,1,2.6493575307987812e-05
ham,guoyang,1,2.6493575307987812e-05
ham,rahul,1,2.6493575307987812e-05
ham,dengra,1,2.6493575307987812e-05
ham,antelope,1,2.6493575307987812e-05
ham,toplay,1,2.6493575307987812e-05
ham,fieldof,1,2.6493575307987812e-05
ham,selfindependence,1,2.6493575307987812e-05
ham,contention,1,2.6493575307987812e-05
ham,borderline,1,2.6493575307987812e-05
ham,545,1,2.6493575307987812e-05
ham,nightnight,1,2.6493575307987812e-05
ham,possibility,1,2.6493575307987812e-05
ham,grooved,1,2.6493575307987812e-05
ham,mising,1,2.6493575307987812e-05
ham,lanre,1,2.6493575307987812e-05
ham,fakeye,1,2.6493575307987812e-05
ham,eckankar,1,2.6493575307987812e-05
ham,ph,1,2.6493575307987812e-05
ham,degrees,1,2.6493575307987812e-05
ham,dodgey,1,2.6493575307987812e-05
ham,seing,1,2.6493575307987812e-05
ham,funky,1,2.6493575307987812e-05
ham,asssssholeeee,1,2.6493575307987812e-05
ham,ceri,1,2.6493575307987812e-05
ham,rebel,1,2.6493575307987812e-05
ham,dreamz,1,2.6493575307987812e-05
ham,buddy,1,2.6493575307987812e-05
ham,blokes,1,2.6493575307987812e-05
ham,nationwide,1,2.6493575307987812e-05
ham,newport,1,2.6493575307987812e-05
ham,shortly,1,2.6493575307987812e-05
ham,juliana,1,2.6493575307987812e-05
ham,nachos,1,2.6493575307987812e-05
ham,dizzamn,1,2.6493575307987812e-05
ham,suitemates,1,2.6493575307987812e-05
ham,nimbomsons,1,2.6493575307987812e-05
ham,continent,1,2.6493575307987812e-05
ham,emerging,1,2.6493575307987812e-05
ham,fiend,1,2.6493575307987812e-05
ham,impede,1,2.6493575307987812e-05
ham,hesitant,1,2.6493575307987812e-05
ham,ow,1,2.6493575307987812e-05
ham,60,1,2.6493575307987812e-05
ham,400thousad,1,2.6493575307987812e-05
ham,nose,1,2.6493575307987812e-05
ham,essay,1,2.6493575307987812e-05
ham,tram,1,2.6493575307987812e-05
ham,vic,1,2.6493575307987812e-05
ham,coherently,1,2.6493575307987812e-05
ham,gran,1,2.6493575307987812e-05
ham,onlyfound,1,2.6493575307987812e-05
ham,afew,1,2.6493575307987812e-05
ham,cusoon,1,2.6493575307987812e-05
ham,honi,1,2.6493575307987812e-05
ham,southern,1,2.6493575307987812e-05
ham,rayan,1,2.6493575307987812e-05
ham,macleran,1,2.6493575307987812e-05
ham,balls,1,2.6493575307987812e-05
ham,olave,1,2.6493575307987812e-05
ham,mandara,1,2.6493575307987812e-05
ham,trishul,1,2.6493575307987812e-05
ham,woo,1,2.6493575307987812e-05
ham,hoo,1,2.6493575307987812e-05
ham,panties,1,2.6493575307987812e-05
ham,thout,1,2.6493575307987812e-05
ham,flatter,1,2.6493575307987812e-05
ham,pints,1,2.6493575307987812e-05
ham,carlin,1,2.6493575307987812e-05
ham,ciao,1,2.6493575307987812e-05
ham,starve,1,2.6493575307987812e-05
ham,impression,1,2.6493575307987812e-05
ham,motivate,1,2.6493575307987812e-05
ham,darkness,1,2.6493575307987812e-05
ham,wknd,1,2.6493575307987812e-05
ham,yalrigu,1,2.6493575307987812e-05
ham,heltini,1,2.6493575307987812e-05
ham,iyo,1,2.6493575307987812e-05
ham,shared,1,2.6493575307987812e-05
ham,uttered,1,2.6493575307987812e-05
ham,trusting,1,2.6493575307987812e-05
ham,noice,1,2.6493575307987812e-05
ham,esaplanade,1,2.6493575307987812e-05
ham,occurs,1,2.6493575307987812e-05
ham,enna,1,2.6493575307987812e-05
ham,kalaachutaarama,1,2.6493575307987812e-05
ham,coco,1,2.6493575307987812e-05
ham,sporadically,1,2.6493575307987812e-05
ham,youåõre,1,2.6493575307987812e-05
ham,burden,1,2.6493575307987812e-05
ham,harder,1,2.6493575307987812e-05
ham,nbme,1,2.6493575307987812e-05
ham,sickness,1,2.6493575307987812e-05
ham,gam,1,2.6493575307987812e-05
ham,smash,1,2.6493575307987812e-05
ham,religiously,1,2.6493575307987812e-05
ham,await,1,2.6493575307987812e-05
ham,muhommad,1,2.6493575307987812e-05
ham,penny,1,2.6493575307987812e-05
ham,hubby,1,2.6493575307987812e-05
ham,fiting,1,2.6493575307987812e-05
ham,load,1,2.6493575307987812e-05
ham,mj,1,2.6493575307987812e-05
ham,unconvinced,1,2.6493575307987812e-05
ham,elaborate,1,2.6493575307987812e-05
ham,willpower,1,2.6493575307987812e-05
ham,absence,1,2.6493575307987812e-05
ham,answerin,1,2.6493575307987812e-05
ham,åè10,1,2.6493575307987812e-05
ham,evey,1,2.6493575307987812e-05
ham,mnth,1,2.6493575307987812e-05
ham,prin,1,2.6493575307987812e-05
ham,û_thanks,1,2.6493575307987812e-05
ham,ashwini,1,2.6493575307987812e-05
ham,thet,1,2.6493575307987812e-05
ham,skinny,1,2.6493575307987812e-05
ham,casting,1,2.6493575307987812e-05
ham,hockey,1,2.6493575307987812e-05
ham,elections,1,2.6493575307987812e-05
ham,116,1,2.6493575307987812e-05
ham,hlday,1,2.6493575307987812e-05
ham,camp,1,2.6493575307987812e-05
ham,amrca,1,2.6493575307987812e-05
ham,serena,1,2.6493575307987812e-05
ham,prescribed,1,2.6493575307987812e-05
ham,med,1,2.6493575307987812e-05
ham,meatballs,1,2.6493575307987812e-05
ham,approve,1,2.6493575307987812e-05
ham,panalam,1,2.6493575307987812e-05
ham,posts,1,2.6493575307987812e-05
ham,fortune,1,2.6493575307987812e-05
ham,allday,1,2.6493575307987812e-05
ham,perf,1,2.6493575307987812e-05
ham,outsider,1,2.6493575307987812e-05
ham,ûówell,1,2.6493575307987812e-05
ham,98321561,1,2.6493575307987812e-05
ham,familiar,1,2.6493575307987812e-05
ham,depression,1,2.6493575307987812e-05
ham,infact,1,2.6493575307987812e-05
ham,canåõt,1,2.6493575307987812e-05
ham,cornwall,1,2.6493575307987812e-05
ham,isnåõt,1,2.6493575307987812e-05
ham,shite,1,2.6493575307987812e-05
ham,kip,1,2.6493575307987812e-05
ham,hont,1,2.6493575307987812e-05
ham,nannys,1,2.6493575307987812e-05
ham,puts,1,2.6493575307987812e-05
ham,perspective,1,2.6493575307987812e-05
ham,conveying,1,2.6493575307987812e-05
ham,debating,1,2.6493575307987812e-05
ham,jb,1,2.6493575307987812e-05
ham,florida,1,2.6493575307987812e-05
ham,hidden,1,2.6493575307987812e-05
ham,teams,1,2.6493575307987812e-05
ham,swhrt,1,2.6493575307987812e-05
ham,eye,1,2.6493575307987812e-05
ham,general,1,2.6493575307987812e-05
ham,jetton,1,2.6493575307987812e-05
ham,lunsford,1,2.6493575307987812e-05
ham,enjoying,1,2.6493575307987812e-05
ham,kfc,1,2.6493575307987812e-05
ham,meals,1,2.6493575307987812e-05
ham,gravy,1,2.6493575307987812e-05
ham,attended,1,2.6493575307987812e-05
ham,mw,1,2.6493575307987812e-05
ham,tuth,1,2.6493575307987812e-05
ham,eviction,1,2.6493575307987812e-05
ham,spiral,1,2.6493575307987812e-05
ham,michael,1,2.6493575307987812e-05
ham,riddance,1,2.6493575307987812e-05
ham,suffers,1,2.6493575307987812e-05
ham,raglan,1,2.6493575307987812e-05
ham,edward,1,2.6493575307987812e-05
ham,cricket,1,2.6493575307987812e-05
ham,closeby,1,2.6493575307987812e-05
ham,skye,1,2.6493575307987812e-05
ham,bookedthe,1,2.6493575307987812e-05
ham,hut,1,2.6493575307987812e-05
ham,drastic,1,2.6493575307987812e-05
ham,garments,1,2.6493575307987812e-05
ham,sez,1,2.6493575307987812e-05
ham,arab,1,2.6493575307987812e-05
ham,evry1,1,2.6493575307987812e-05
ham,eshxxxxxxxxxxx,1,2.6493575307987812e-05
ham,lay,1,2.6493575307987812e-05
ham,bimbo,1,2.6493575307987812e-05
ham,ugo,1,2.6493575307987812e-05
ham,detroit,1,2.6493575307987812e-05
ham,portege,1,2.6493575307987812e-05
ham,m100,1,2.6493575307987812e-05
ham,semiobscure,1,2.6493575307987812e-05
ham,loosu,1,2.6493575307987812e-05
ham,careless,1,2.6493575307987812e-05
ham,freaking,1,2.6493575307987812e-05
ham,myspace,1,2.6493575307987812e-05
ham,logged,1,2.6493575307987812e-05
ham,partner,1,2.6493575307987812e-05
ham,method,1,2.6493575307987812e-05
ham,jewelry,1,2.6493575307987812e-05
ham,fumbling,1,2.6493575307987812e-05
ham,stone,1,2.6493575307987812e-05
ham,weekdays,1,2.6493575307987812e-05
ham,nails,1,2.6493575307987812e-05
ham,asia,1,2.6493575307987812e-05
ham,stil,1,2.6493575307987812e-05
ham,tobed,1,2.6493575307987812e-05
ham,430,1,2.6493575307987812e-05
ham,asthma,1,2.6493575307987812e-05
ham,attack,1,2.6493575307987812e-05
ham,ball,1,2.6493575307987812e-05
ham,spin,1,2.6493575307987812e-05
ham,haiyoh,1,2.6493575307987812e-05
ham,million,1,2.6493575307987812e-05
ham,prsn,1,2.6493575307987812e-05
ham,saves,1,2.6493575307987812e-05
ham,audiitions,1,2.6493575307987812e-05
ham,relocate,1,2.6493575307987812e-05
ham,pocked,1,2.6493575307987812e-05
ham,motivating,1,2.6493575307987812e-05
ham,brison,1,2.6493575307987812e-05
ham,spelled,1,2.6493575307987812e-05
ham,caps,1,2.6493575307987812e-05
ham,among,1,2.6493575307987812e-05
ham,bullshit,1,2.6493575307987812e-05
ham,motherfucker,1,2.6493575307987812e-05
ham,woodland,1,2.6493575307987812e-05
ham,avenue,1,2.6493575307987812e-05
ham,parish,1,2.6493575307987812e-05
ham,magazine,1,2.6493575307987812e-05
ham,telephone,1,2.6493575307987812e-05
ham,billy,1,2.6493575307987812e-05
ham,awww,1,2.6493575307987812e-05
ham,useless,1,2.6493575307987812e-05
ham,loo,1,2.6493575307987812e-05
ham,ed,1,2.6493575307987812e-05
ham,swollen,1,2.6493575307987812e-05
ham,glands,1,2.6493575307987812e-05
ham,bcaz,1,2.6493575307987812e-05
ham,stu,1,2.6493575307987812e-05
ham,truble,1,2.6493575307987812e-05
ham,evone,1,2.6493575307987812e-05
ham,hates,1,2.6493575307987812e-05
ham,view,1,2.6493575307987812e-05
ham,gays,1,2.6493575307987812e-05
ham,games,1,2.6493575307987812e-05
ham,dual,1,2.6493575307987812e-05
ham,hostile,1,2.6493575307987812e-05
ham,haircut,1,2.6493575307987812e-05
ham,breezy,1,2.6493575307987812e-05
ham,1apple,1,2.6493575307987812e-05
ham,1tulsi,1,2.6493575307987812e-05
ham,leaf,1,2.6493575307987812e-05
ham,1lemon,1,2.6493575307987812e-05
ham,1cup,1,2.6493575307987812e-05
ham,problms,1,2.6493575307987812e-05
ham,litres,1,2.6493575307987812e-05
ham,watr,1,2.6493575307987812e-05
ham,diseases,1,2.6493575307987812e-05
ham,snd,1,2.6493575307987812e-05
ham,lavender,1,2.6493575307987812e-05
ham,manky,1,2.6493575307987812e-05
ham,scouse,1,2.6493575307987812e-05
ham,travelling,1,2.6493575307987812e-05
ham,inmind,1,2.6493575307987812e-05
ham,recreation,1,2.6493575307987812e-05
ham,judgemental,1,2.6493575307987812e-05
ham,fridays,1,2.6493575307987812e-05
ham,waheeda,1,2.6493575307987812e-05
ham,allow,1,2.6493575307987812e-05
ham,bot,1,2.6493575307987812e-05
ham,notes,1,2.6493575307987812e-05
ham,eventually,1,2.6493575307987812e-05
ham,tolerance,1,2.6493575307987812e-05
ham,hits,1,2.6493575307987812e-05
ham,hellogorgeous,1,2.6493575307987812e-05
ham,nitw,1,2.6493575307987812e-05
ham,texd,1,2.6493575307987812e-05
ham,hopeu,1,2.6493575307987812e-05
ham,4ward,1,2.6493575307987812e-05
ham,jaz,1,2.6493575307987812e-05
ham,exorcism,1,2.6493575307987812e-05
ham,emily,1,2.6493575307987812e-05
ham,emotion,1,2.6493575307987812e-05
ham,prayrs,1,2.6493575307987812e-05
ham,othrwise,1,2.6493575307987812e-05
ham,ujhhhhhhh,1,2.6493575307987812e-05
ham,sandiago,1,2.6493575307987812e-05
ham,parantella,1,2.6493575307987812e-05
ham,hugging,1,2.6493575307987812e-05
ham,sweater,1,2.6493575307987812e-05
ham,mango,1,2.6493575307987812e-05
ham,involved,1,2.6493575307987812e-05
ham,consent,1,2.6493575307987812e-05
ham,mathews,1,2.6493575307987812e-05
ham,tait,1,2.6493575307987812e-05
ham,edwards,1,2.6493575307987812e-05
ham,anderson,1,2.6493575307987812e-05
ham,haunt,1,2.6493575307987812e-05
ham,promoting,1,2.6493575307987812e-05
ham,crowd,1,2.6493575307987812e-05
ham,snowboarding,1,2.6493575307987812e-05
ham,christmassy,1,2.6493575307987812e-05
ham,baaaaaaaabe,1,2.6493575307987812e-05
ham,ignoring,1,2.6493575307987812e-05
ham,shola,1,2.6493575307987812e-05
ham,sagamu,1,2.6493575307987812e-05
ham,lautech,1,2.6493575307987812e-05
ham,vital,1,2.6493575307987812e-05
ham,completes,1,2.6493575307987812e-05
ham,education,1,2.6493575307987812e-05
ham,rates,1,2.6493575307987812e-05
ham,zealand,1,2.6493575307987812e-05
ham,qet,1,2.6493575307987812e-05
ham,dial,1,2.6493575307987812e-05
ham,browser,1,2.6493575307987812e-05
ham,surf,1,2.6493575307987812e-05
ham,conversations,1,2.6493575307987812e-05
ham,senses,1,2.6493575307987812e-05
ham,overemphasise,1,2.6493575307987812e-05
ham,internal,1,2.6493575307987812e-05
ham,subs,1,2.6493575307987812e-05
ham,extract,1,2.6493575307987812e-05
ham,immed,1,2.6493575307987812e-05
ham,skint,1,2.6493575307987812e-05
ham,fancied,1,2.6493575307987812e-05
ham,bevies,1,2.6493575307987812e-05
ham,waz,1,2.6493575307987812e-05
ham,othrs,1,2.6493575307987812e-05
ham,spoon,1,2.6493575307987812e-05
ham,watchng,1,2.6493575307987812e-05
ham,comfey,1,2.6493575307987812e-05
ham,quitting,1,2.6493575307987812e-05
ham,least5times,1,2.6493575307987812e-05
ham,wudn,1,2.6493575307987812e-05
ham,frequently,1,2.6493575307987812e-05
ham,cupboard,1,2.6493575307987812e-05
ham,route,1,2.6493575307987812e-05
ham,2mro,1,2.6493575307987812e-05
ham,uk,1,2.6493575307987812e-05
ham,risk,1,2.6493575307987812e-05
ham,grasp,1,2.6493575307987812e-05
ham,flavour,1,2.6493575307987812e-05
ham,laready,1,2.6493575307987812e-05
ham,denying,1,2.6493575307987812e-05
ham,dom,1,2.6493575307987812e-05
ham,ffffuuuuuuu,1,2.6493575307987812e-05
ham,julianaland,1,2.6493575307987812e-05
ham,oblivious,1,2.6493575307987812e-05
ham,dehydrated,1,2.6493575307987812e-05
ham,mapquest,1,2.6493575307987812e-05
ham,dogwood,1,2.6493575307987812e-05
ham,archive,1,2.6493575307987812e-05
ham,lengths,1,2.6493575307987812e-05
ham,behalf,1,2.6493575307987812e-05
ham,stunning,1,2.6493575307987812e-05
ham,visa,1,2.6493575307987812e-05
ham,gucci,1,2.6493575307987812e-05
ham,sozi,1,2.6493575307987812e-05
ham,culdnt,1,2.6493575307987812e-05
ham,talkbut,1,2.6493575307987812e-05
ham,wannatell,1,2.6493575307987812e-05
ham,wenwecan,1,2.6493575307987812e-05
ham,smsing,1,2.6493575307987812e-05
ham,efficient,1,2.6493575307987812e-05
ham,15pm,1,2.6493575307987812e-05
ham,erutupalam,1,2.6493575307987812e-05
ham,thandiyachu,1,2.6493575307987812e-05
ham,invention,1,2.6493575307987812e-05
ham,lyrics,1,2.6493575307987812e-05
ham,nevr,1,2.6493575307987812e-05
ham,unrecognized,1,2.6493575307987812e-05
ham,somone,1,2.6493575307987812e-05
ham,valuing,1,2.6493575307987812e-05
ham,definitly,1,2.6493575307987812e-05
ham,undrstnd,1,2.6493575307987812e-05
ham,ger,1,2.6493575307987812e-05
ham,toking,1,2.6493575307987812e-05
ham,syd,1,2.6493575307987812e-05
ham,khelate,1,2.6493575307987812e-05
ham,kintu,1,2.6493575307987812e-05
ham,opponenter,1,2.6493575307987812e-05
ham,dhorte,1,2.6493575307987812e-05
ham,lage,1,2.6493575307987812e-05
ham,fried,1,2.6493575307987812e-05
ham,spares,1,2.6493575307987812e-05
ham,looovvve,1,2.6493575307987812e-05
ham,warwick,1,2.6493575307987812e-05
ham,tmw,1,2.6493575307987812e-05
ham,canceled,1,2.6493575307987812e-05
ham,havn,1,2.6493575307987812e-05
ham,tops,1,2.6493575307987812e-05
ham,grandma,1,2.6493575307987812e-05
ham,parade,1,2.6493575307987812e-05
ham,posting,1,2.6493575307987812e-05
ham,grumble,1,2.6493575307987812e-05
ham,linear,1,2.6493575307987812e-05
ham,algebra,1,2.6493575307987812e-05
ham,decorating,1,2.6493575307987812e-05
ham,roomate,1,2.6493575307987812e-05
ham,graduated,1,2.6493575307987812e-05
ham,adjustable,1,2.6493575307987812e-05
ham,cooperative,1,2.6493575307987812e-05
ham,allows,1,2.6493575307987812e-05
ham,nottingham,1,2.6493575307987812e-05
ham,63miles,1,2.6493575307987812e-05
ham,40mph,1,2.6493575307987812e-05
ham,mornin,1,2.6493575307987812e-05
ham,thanku,1,2.6493575307987812e-05
ham,2morro,1,2.6493575307987812e-05
ham,guessed,1,2.6493575307987812e-05
ham,beside,1,2.6493575307987812e-05
ham,brisk,1,2.6493575307987812e-05
ham,walks,1,2.6493575307987812e-05
ham,tellmiss,1,2.6493575307987812e-05
ham,contribute,1,2.6493575307987812e-05
ham,greatly,1,2.6493575307987812e-05
ham,urgh,1,2.6493575307987812e-05
ham,coach,1,2.6493575307987812e-05
ham,smells,1,2.6493575307987812e-05
ham,duvet,1,2.6493575307987812e-05
ham,predictive,1,2.6493575307987812e-05
ham,24th,1,2.6493575307987812e-05
ham,sept,1,2.6493575307987812e-05
ham,beverage,1,2.6493575307987812e-05
ham,pist,1,2.6493575307987812e-05
ham,surrender,1,2.6493575307987812e-05
ham,symptoms,1,2.6493575307987812e-05
ham,rdy,1,2.6493575307987812e-05
ham,backwards,1,2.6493575307987812e-05
ham,abstract,1,2.6493575307987812e-05
ham,africa,1,2.6493575307987812e-05
ham,avin,1,2.6493575307987812e-05
ham,quiteamuzing,1,2.6493575307987812e-05
ham,thatåõscool,1,2.6493575307987812e-05
ham,rows,1,2.6493575307987812e-05
ham,engagement,1,2.6493575307987812e-05
ham,fixd,1,2.6493575307987812e-05
ham,njan,1,2.6493575307987812e-05
ham,vilikkam,1,2.6493575307987812e-05
ham,sudn,1,2.6493575307987812e-05
ham,maths,1,2.6493575307987812e-05
ham,chapter,1,2.6493575307987812e-05
ham,chop,1,2.6493575307987812e-05
ham,noooooooo,1,2.6493575307987812e-05
ham,firsg,1,2.6493575307987812e-05
ham,split,1,2.6493575307987812e-05
ham,wasnt,1,2.6493575307987812e-05
ham,heat,1,2.6493575307987812e-05
ham,applyed,1,2.6493575307987812e-05
ham,laid,1,2.6493575307987812e-05
ham,voucher,1,2.6493575307987812e-05
ham,virgin,1,2.6493575307987812e-05
ham,sumfing,1,2.6493575307987812e-05
ham,hiphop,1,2.6493575307987812e-05
ham,oxygen,1,2.6493575307987812e-05
ham,resort,1,2.6493575307987812e-05
ham,roller,1,2.6493575307987812e-05
ham,sport,1,2.6493575307987812e-05
ham,showr,1,2.6493575307987812e-05
ham,upon,1,2.6493575307987812e-05
ham,ceiling,1,2.6493575307987812e-05
ham,presnts,1,2.6493575307987812e-05
ham,bcz,1,2.6493575307987812e-05
ham,jeevithathile,1,2.6493575307987812e-05
ham,irulinae,1,2.6493575307987812e-05
ham,neekunna,1,2.6493575307987812e-05
ham,prakasamanu,1,2.6493575307987812e-05
ham,sneham,1,2.6493575307987812e-05
ham,prakasam,1,2.6493575307987812e-05
ham,ennal,1,2.6493575307987812e-05
ham,mns,1,2.6493575307987812e-05
ham,blowing,1,2.6493575307987812e-05
ham,firmware,1,2.6493575307987812e-05
ham,vijaykanth,1,2.6493575307987812e-05
ham,hide,1,2.6493575307987812e-05
ham,anythiing,1,2.6493575307987812e-05
ham,keypad,1,2.6493575307987812e-05
ham,btwn,1,2.6493575307987812e-05
ham,decades,1,2.6493575307987812e-05
ham,goverment,1,2.6493575307987812e-05
ham,expects,1,2.6493575307987812e-05
ham,spice,1,2.6493575307987812e-05
ham,prasanth,1,2.6493575307987812e-05
ham,ettans,1,2.6493575307987812e-05
ham,appy,1,2.6493575307987812e-05
ham,fizz,1,2.6493575307987812e-05
ham,contains,1,2.6493575307987812e-05
ham,genus,1,2.6493575307987812e-05
ham,robinson,1,2.6493575307987812e-05
ham,outs,1,2.6493575307987812e-05
ham,soz,1,2.6493575307987812e-05
ham,imat,1,2.6493575307987812e-05
ham,mums,1,2.6493575307987812e-05
ham,sometext,1,2.6493575307987812e-05
ham,wewa,1,2.6493575307987812e-05
ham,130,1,2.6493575307987812e-05
ham,iriver,1,2.6493575307987812e-05
ham,255,1,2.6493575307987812e-05
ham,128,1,2.6493575307987812e-05
ham,bw,1,2.6493575307987812e-05
ham,surly,1,2.6493575307987812e-05
ham,ending,1,2.6493575307987812e-05
ham,capital,1,2.6493575307987812e-05
ham,mmmmmmm,1,2.6493575307987812e-05
ham,snuggles,1,2.6493575307987812e-05
ham,contented,1,2.6493575307987812e-05
ham,whispers,1,2.6493575307987812e-05
ham,error,1,2.6493575307987812e-05
ham,healthy,1,2.6493575307987812e-05
ham,2bold,1,2.6493575307987812e-05
ham,sticky,1,2.6493575307987812e-05
ham,scraped,1,2.6493575307987812e-05
ham,barrel,1,2.6493575307987812e-05
ham,misfits,1,2.6493575307987812e-05
ham,sections,1,2.6493575307987812e-05
ham,clearer,1,2.6493575307987812e-05
ham,peach,1,2.6493575307987812e-05
ham,tasts,1,2.6493575307987812e-05
ham,shindig,1,2.6493575307987812e-05
ham,phonebook,1,2.6493575307987812e-05
ham,eng,1,2.6493575307987812e-05
ham,rocking,1,2.6493575307987812e-05
ham,ashes,1,2.6493575307987812e-05
ham,shijutta,1,2.6493575307987812e-05
ham,offense,1,2.6493575307987812e-05
ham,dvg,1,2.6493575307987812e-05
ham,vinobanagar,1,2.6493575307987812e-05
ham,condition,1,2.6493575307987812e-05
ham,ovulate,1,2.6493575307987812e-05
ham,3wks,1,2.6493575307987812e-05
ham,woah,1,2.6493575307987812e-05
ham,realising,1,2.6493575307987812e-05
ham,orh,1,2.6493575307987812e-05
ham,hides,1,2.6493575307987812e-05
ham,thousands,1,2.6493575307987812e-05
ham,secrets,1,2.6493575307987812e-05
ham,n8,1,2.6493575307987812e-05
ham,canteen,1,2.6493575307987812e-05
ham,stressfull,1,2.6493575307987812e-05
ham,adds,1,2.6493575307987812e-05
ham,140,1,2.6493575307987812e-05
ham,ìä,1,2.6493575307987812e-05
ham,180,1,2.6493575307987812e-05
ham,pleasured,1,2.6493575307987812e-05
ham,providing,1,2.6493575307987812e-05
ham,assistance,1,2.6493575307987812e-05
ham,whens,1,2.6493575307987812e-05
ham,watever,1,2.6493575307987812e-05
ham,built,1,2.6493575307987812e-05
ham,lonlines,1,2.6493575307987812e-05
ham,lotz,1,2.6493575307987812e-05
ham,memories,1,2.6493575307987812e-05
ham,gailxx,1,2.6493575307987812e-05
ham,repeat,1,2.6493575307987812e-05
ham,instructions,1,2.6493575307987812e-05
ham,complacent,1,2.6493575307987812e-05
ham,mina,1,2.6493575307987812e-05
ham,miwa,1,2.6493575307987812e-05
ham,statement,1,2.6493575307987812e-05
ham,mth,1,2.6493575307987812e-05
ham,mths,1,2.6493575307987812e-05
ham,opposite,1,2.6493575307987812e-05
ham,heavily,1,2.6493575307987812e-05
ham,dolls,1,2.6493575307987812e-05
ham,patrick,1,2.6493575307987812e-05
ham,swayze,1,2.6493575307987812e-05
ham,quarter,1,2.6493575307987812e-05
ham,flirting,1,2.6493575307987812e-05
ham,fired,1,2.6493575307987812e-05
ham,limping,1,2.6493575307987812e-05
ham,followed,1,2.6493575307987812e-05
ham,aa,1,2.6493575307987812e-05
ham,oga,1,2.6493575307987812e-05
ham,poorly,1,2.6493575307987812e-05
ham,punishment,1,2.6493575307987812e-05
ham,brb,1,2.6493575307987812e-05
ham,kill,1,2.6493575307987812e-05
ham,predicte,1,2.6493575307987812e-05
ham,situations,1,2.6493575307987812e-05
ham,loosing,1,2.6493575307987812e-05
ham,smaller,1,2.6493575307987812e-05
ham,capacity,1,2.6493575307987812e-05
ham,defer,1,2.6493575307987812e-05
ham,admission,1,2.6493575307987812e-05
ham,checkmate,1,2.6493575307987812e-05
ham,chess,1,2.6493575307987812e-05
ham,persian,1,2.6493575307987812e-05
ham,phrase,1,2.6493575307987812e-05
ham,shah,1,2.6493575307987812e-05
ham,maat,1,2.6493575307987812e-05
ham,rats,1,2.6493575307987812e-05
ham,themes,1,2.6493575307987812e-05
ham,burns,1,2.6493575307987812e-05
ham,photoshop,1,2.6493575307987812e-05
ham,manageable,1,2.6493575307987812e-05
ham,increase,1,2.6493575307987812e-05
ham,north,1,2.6493575307987812e-05
ham,carolina,1,2.6493575307987812e-05
ham,texas,1,2.6493575307987812e-05
ham,gre,1,2.6493575307987812e-05
ham,bomb,1,2.6493575307987812e-05
ham,breathing,1,2.6493575307987812e-05
ham,powerful,1,2.6493575307987812e-05
ham,weapon,1,2.6493575307987812e-05
ham,lovly,1,2.6493575307987812e-05
ham,clas,1,2.6493575307987812e-05
ham,lit,1,2.6493575307987812e-05
ham,loooooool,1,2.6493575307987812e-05
ham,couch,1,2.6493575307987812e-05
ham,rents,1,2.6493575307987812e-05
ham,swashbuckling,1,2.6493575307987812e-05
ham,terror,1,2.6493575307987812e-05
ham,cruel,1,2.6493575307987812e-05
ham,decent,1,2.6493575307987812e-05
ham,joker,1,2.6493575307987812e-05
ham,dip,1,2.6493575307987812e-05
ham,gek1510,1,2.6493575307987812e-05
ham,cruise,1,2.6493575307987812e-05
ham,feelin,1,2.6493575307987812e-05
ham,happiest,1,2.6493575307987812e-05
ham,characters,1,2.6493575307987812e-05
ham,differences,1,2.6493575307987812e-05
ham,lists,1,2.6493575307987812e-05
ham,antibiotic,1,2.6493575307987812e-05
ham,abdomen,1,2.6493575307987812e-05
ham,gynae,1,2.6493575307987812e-05
ham,6times,1,2.6493575307987812e-05
ham,exposed,1,2.6493575307987812e-05
ham,chastity,1,2.6493575307987812e-05
ham,device,1,2.6493575307987812e-05
ham,beatings,1,2.6493575307987812e-05
ham,uses,1,2.6493575307987812e-05
ham,gut,1,2.6493575307987812e-05
ham,wrenching,1,2.6493575307987812e-05
ham,tallahassee,1,2.6493575307987812e-05
ham,taka,1,2.6493575307987812e-05
ham,wrote,1,2.6493575307987812e-05
ham,ritten,1,2.6493575307987812e-05
ham,fold,1,2.6493575307987812e-05
ham,solihull,1,2.6493575307987812e-05
ham,nhs,1,2.6493575307987812e-05
ham,local,1,2.6493575307987812e-05
ham,2b,1,2.6493575307987812e-05
ham,terminated,1,2.6493575307987812e-05
ham,inconvenience,1,2.6493575307987812e-05
ham,dentists,1,2.6493575307987812e-05
ham,snot,1,2.6493575307987812e-05
ham,unintentional,1,2.6493575307987812e-05
ham,nonetheless,1,2.6493575307987812e-05
ham,hooch,1,2.6493575307987812e-05
ham,toaday,1,2.6493575307987812e-05
ham,splat,1,2.6493575307987812e-05
ham,grazed,1,2.6493575307987812e-05
ham,knees,1,2.6493575307987812e-05
ham,deny,1,2.6493575307987812e-05
ham,hearin,1,2.6493575307987812e-05
ham,yah,1,2.6493575307987812e-05
ham,torture,1,2.6493575307987812e-05
ham,england,1,2.6493575307987812e-05
ham,hopeing,1,2.6493575307987812e-05
ham,sisters,1,2.6493575307987812e-05
ham,lips,1,2.6493575307987812e-05
ham,congratulation,1,2.6493575307987812e-05
ham,court,1,2.6493575307987812e-05
ham,chapel,1,2.6493575307987812e-05
ham,frontierville,1,2.6493575307987812e-05
ham,mountain,1,2.6493575307987812e-05
ham,deer,1,2.6493575307987812e-05
ham,mailed,1,2.6493575307987812e-05
ham,varma,1,2.6493575307987812e-05
ham,secure,1,2.6493575307987812e-05
ham,farting,1,2.6493575307987812e-05
ham,ortxt,1,2.6493575307987812e-05
ham,stuffing,1,2.6493575307987812e-05
ham,ahhhh,1,2.6493575307987812e-05
ham,kaila,1,2.6493575307987812e-05
ham,hos,1,2.6493575307987812e-05
ham,collapsed,1,2.6493575307987812e-05
ham,cumming,1,2.6493575307987812e-05
ham,jade,1,2.6493575307987812e-05
ham,paul,1,2.6493575307987812e-05
ham,barmed,1,2.6493575307987812e-05
ham,thinkthis,1,2.6493575307987812e-05
ham,dangerous,1,2.6493575307987812e-05
ham,rushing,1,2.6493575307987812e-05
ham,channel,1,2.6493575307987812e-05
ham,coulda,1,2.6493575307987812e-05
ham,okday,1,2.6493575307987812e-05
ham,hmph,1,2.6493575307987812e-05
ham,baller,1,2.6493575307987812e-05
ham,punto,1,2.6493575307987812e-05
ham,ayo,1,2.6493575307987812e-05
ham,travelled,1,2.6493575307987812e-05
ham,toyota,1,2.6493575307987812e-05
ham,camry,1,2.6493575307987812e-05
ham,olayiwola,1,2.6493575307987812e-05
ham,mileage,1,2.6493575307987812e-05
ham,landing,1,2.6493575307987812e-05
ham,clover,1,2.6493575307987812e-05
ham,achan,1,2.6493575307987812e-05
ham,amma,1,2.6493575307987812e-05
ham,rencontre,1,2.6493575307987812e-05
ham,mountains,1,2.6493575307987812e-05
ham,nìâte,1,2.6493575307987812e-05
ham,puppy,1,2.6493575307987812e-05
ham,noise,1,2.6493575307987812e-05
ham,crossing,1,2.6493575307987812e-05
ham,inconvenient,1,2.6493575307987812e-05
ham,adsense,1,2.6493575307987812e-05
ham,approved,1,2.6493575307987812e-05
ham,dudette,1,2.6493575307987812e-05
ham,perumbavoor,1,2.6493575307987812e-05
ham,stage,1,2.6493575307987812e-05
ham,clarify,1,2.6493575307987812e-05
ham,preponed,1,2.6493575307987812e-05
ham,younger,1,2.6493575307987812e-05
ham,liver,1,2.6493575307987812e-05
ham,opener,1,2.6493575307987812e-05
ham,guides,1,2.6493575307987812e-05
ham,watched,1,2.6493575307987812e-05
ham,loneliness,1,2.6493575307987812e-05
ham,skyving,1,2.6493575307987812e-05
ham,club,1,2.6493575307987812e-05
ham,onwords,1,2.6493575307987812e-05
ham,mtnl,1,2.6493575307987812e-05
ham,mumbai,1,2.6493575307987812e-05
ham,rajitha,1,2.6493575307987812e-05
ham,ranju,1,2.6493575307987812e-05
ham,styles,1,2.6493575307987812e-05
ham,disagreeable,1,2.6493575307987812e-05
ham,afterwards,1,2.6493575307987812e-05
ham,uawake,1,2.6493575307987812e-05
ham,feellikw,1,2.6493575307987812e-05
ham,justfound,1,2.6493575307987812e-05
ham,aletter,1,2.6493575307987812e-05
ham,thatmum,1,2.6493575307987812e-05
ham,gotmarried,1,2.6493575307987812e-05
ham,4thnov,1,2.6493575307987812e-05
ham,ourbacks,1,2.6493575307987812e-05
ham,fuckinnice,1,2.6493575307987812e-05
ham,rearrange,1,2.6493575307987812e-05
ham,dormitory,1,2.6493575307987812e-05
ham,astronomer,1,2.6493575307987812e-05
ham,starer,1,2.6493575307987812e-05
ham,election,1,2.6493575307987812e-05
ham,recount,1,2.6493575307987812e-05
ham,hitler,1,2.6493575307987812e-05
ham,eleven,1,2.6493575307987812e-05
ham,worms,1,2.6493575307987812e-05
ham,suffering,1,2.6493575307987812e-05
ham,dysentry,1,2.6493575307987812e-05
ham,andre,1,2.6493575307987812e-05
ham,virgil,1,2.6493575307987812e-05
ham,gokila,1,2.6493575307987812e-05
ham,shanil,1,2.6493575307987812e-05
ham,exchanged,1,2.6493575307987812e-05
ham,uncut,1,2.6493575307987812e-05
ham,diamond,1,2.6493575307987812e-05
ham,dino,1,2.6493575307987812e-05
ham,prem,1,2.6493575307987812e-05
ham,kotees,1,2.6493575307987812e-05
ham,hassling,1,2.6493575307987812e-05
ham,andres,1,2.6493575307987812e-05
ham,haughaighgtujhyguj,1,2.6493575307987812e-05
ham,fassyole,1,2.6493575307987812e-05
ham,blacko,1,2.6493575307987812e-05
ham,londn,1,2.6493575307987812e-05
ham,responsibilities,1,2.6493575307987812e-05
ham,humanities,1,2.6493575307987812e-05
ham,reassurance,1,2.6493575307987812e-05
ham,aslamalaikkum,1,2.6493575307987812e-05
ham,tohar,1,2.6493575307987812e-05
ham,beeen,1,2.6493575307987812e-05
ham,muht,1,2.6493575307987812e-05
ham,albi,1,2.6493575307987812e-05
ham,mufti,1,2.6493575307987812e-05
ham,mahfuuz,1,2.6493575307987812e-05
ham,enufcredeit,1,2.6493575307987812e-05
ham,tocall,1,2.6493575307987812e-05
ham,ileave,1,2.6493575307987812e-05
ham,treats,1,2.6493575307987812e-05
ham,okors,1,2.6493575307987812e-05
ham,ibored,1,2.6493575307987812e-05
ham,adding,1,2.6493575307987812e-05
ham,zeros,1,2.6493575307987812e-05
ham,savings,1,2.6493575307987812e-05
ham,goigng,1,2.6493575307987812e-05
ham,perfume,1,2.6493575307987812e-05
ham,sday,1,2.6493575307987812e-05
ham,grocers,1,2.6493575307987812e-05
ham,pubs,1,2.6493575307987812e-05
ham,frankie,1,2.6493575307987812e-05
ham,bennys,1,2.6493575307987812e-05
ham,warner,1,2.6493575307987812e-05
ham,changing,1,2.6493575307987812e-05
ham,diapers,1,2.6493575307987812e-05
ham,owed,1,2.6493575307987812e-05
ham,unlike,1,2.6493575307987812e-05
ham,patients,1,2.6493575307987812e-05
ham,turkeys,1,2.6493575307987812e-05
ham,helens,1,2.6493575307987812e-05
ham,princes,1,2.6493575307987812e-05
ham,unintentionally,1,2.6493575307987812e-05
ham,wenever,1,2.6493575307987812e-05
ham,stability,1,2.6493575307987812e-05
ham,tranquility,1,2.6493575307987812e-05
ham,vibrant,1,2.6493575307987812e-05
ham,colourful,1,2.6493575307987812e-05
ham,renewal,1,2.6493575307987812e-05
ham,bawling,1,2.6493575307987812e-05
ham,failure,1,2.6493575307987812e-05
ham,failing,1,2.6493575307987812e-05
ham,velusamy,1,2.6493575307987812e-05
ham,facilities,1,2.6493575307987812e-05
ham,karnan,1,2.6493575307987812e-05
ham,bluray,1,2.6493575307987812e-05
ham,salt,1,2.6493575307987812e-05
ham,wounds,1,2.6493575307987812e-05
ham,logging,1,2.6493575307987812e-05
ham,geoenvironmental,1,2.6493575307987812e-05
ham,implications,1,2.6493575307987812e-05
ham,fuuuuck,1,2.6493575307987812e-05
ham,salmon,1,2.6493575307987812e-05
ham,uploaded,1,2.6493575307987812e-05
ham,wrkin,1,2.6493575307987812e-05
ham,awkward,1,2.6493575307987812e-05
ham,splash,1,2.6493575307987812e-05
ham,leg,1,2.6493575307987812e-05
ham,musta,1,2.6493575307987812e-05
ham,overdid,1,2.6493575307987812e-05
ham,downloaded,1,2.6493575307987812e-05
ham,foned,1,2.6493575307987812e-05
ham,chuck,1,2.6493575307987812e-05
ham,port,1,2.6493575307987812e-05
ham,stuffs,1,2.6493575307987812e-05
ham,juswoke,1,2.6493575307987812e-05
ham,boatin,1,2.6493575307987812e-05
ham,docks,1,2.6493575307987812e-05
ham,spinout,1,2.6493575307987812e-05
ham,uworld,1,2.6493575307987812e-05
ham,qbank,1,2.6493575307987812e-05
ham,assessment,1,2.6493575307987812e-05
ham,tke,1,2.6493575307987812e-05
ham,temales,1,2.6493575307987812e-05
ham,vid,1,2.6493575307987812e-05
ham,finishd,1,2.6493575307987812e-05
ham,dull,1,2.6493575307987812e-05
ham,studies,1,2.6493575307987812e-05
ham,anyones,1,2.6493575307987812e-05
ham,treadmill,1,2.6493575307987812e-05
ham,craigslist,1,2.6493575307987812e-05
ham,absolutely,1,2.6493575307987812e-05
ham,swan,1,2.6493575307987812e-05
ham,lamp,1,2.6493575307987812e-05
ham,foward,1,2.6493575307987812e-05
ham,misundrstud,1,2.6493575307987812e-05
ham,2u2,1,2.6493575307987812e-05
ham,genes,1,2.6493575307987812e-05
ham,resuming,1,2.6493575307987812e-05
ham,reapply,1,2.6493575307987812e-05
ham,treatin,1,2.6493575307987812e-05
ham,treacle,1,2.6493575307987812e-05
ham,mumhas,1,2.6493575307987812e-05
ham,beendropping,1,2.6493575307987812e-05
ham,theplace,1,2.6493575307987812e-05
ham,adress,1,2.6493575307987812e-05
ham,oyster,1,2.6493575307987812e-05
ham,sashimi,1,2.6493575307987812e-05
ham,rumbling,1,2.6493575307987812e-05
ham,marandratha,1,2.6493575307987812e-05
ham,correctly,1,2.6493575307987812e-05
ham,alaikkum,1,2.6493575307987812e-05
ham,heaven,1,2.6493575307987812e-05
ham,pisces,1,2.6493575307987812e-05
ham,aquarius,1,2.6493575307987812e-05
ham,2yrs,1,2.6493575307987812e-05
ham,steyn,1,2.6493575307987812e-05
ham,wicket,1,2.6493575307987812e-05
ham,sterm,1,2.6493575307987812e-05
ham,resolved,1,2.6493575307987812e-05
ham,jam,1,2.6493575307987812e-05
ham,hannaford,1,2.6493575307987812e-05
ham,wheat,1,2.6493575307987812e-05
ham,chex,1,2.6493575307987812e-05
ham,grownup,1,2.6493575307987812e-05
ham,costume,1,2.6493575307987812e-05
ham,jerk,1,2.6493575307987812e-05
ham,stink,1,2.6493575307987812e-05
ham,openings,1,2.6493575307987812e-05
ham,upcharge,1,2.6493575307987812e-05
ham,guai,1,2.6493575307987812e-05
ham,select,1,2.6493575307987812e-05
ham,astrology,1,2.6493575307987812e-05
ham,slacking,1,2.6493575307987812e-05
ham,mentor,1,2.6493575307987812e-05
ham,100,1,2.6493575307987812e-05
ham,percent,1,2.6493575307987812e-05
ham,sane,1,2.6493575307987812e-05
ham,helping,1,2.6493575307987812e-05
ham,spacebucks,1,2.6493575307987812e-05
ham,squeezed,1,2.6493575307987812e-05
ham,maintaining,1,2.6493575307987812e-05
ham,dreading,1,2.6493575307987812e-05
ham,thou,1,2.6493575307987812e-05
ham,suggestion,1,2.6493575307987812e-05
ham,lands,1,2.6493575307987812e-05
ham,helps,1,2.6493575307987812e-05
ham,forgt,1,2.6493575307987812e-05
ham,ajith,1,2.6493575307987812e-05
ham,ooooooh,1,2.6493575307987812e-05
ham,yoville,1,2.6493575307987812e-05
ham,mega,1,2.6493575307987812e-05
ham,asda,1,2.6493575307987812e-05
ham,counts,1,2.6493575307987812e-05
ham,officer,1,2.6493575307987812e-05
ham,bffs,1,2.6493575307987812e-05
ham,carly,1,2.6493575307987812e-05
ham,seperated,1,2.6493575307987812e-05
ham,ö,1,2.6493575307987812e-05
ham,ó_,1,2.6493575307987812e-05
ham,ud,1,2.6493575307987812e-05
ham,brolly,1,2.6493575307987812e-05
ham,franxx,1,2.6493575307987812e-05
ham,prometazine,1,2.6493575307987812e-05
ham,syrup,1,2.6493575307987812e-05
ham,5mls,1,2.6493575307987812e-05
ham,feed,1,2.6493575307987812e-05
ham,singapore,1,2.6493575307987812e-05
ham,victoria,1,2.6493575307987812e-05
ham,pocay,1,2.6493575307987812e-05
ham,wocay,1,2.6493575307987812e-05
ham,2morrowxxxx,1,2.6493575307987812e-05
ham,broth,1,2.6493575307987812e-05
ham,ramen,1,2.6493575307987812e-05
ham,fowler,1,2.6493575307987812e-05
ham,tats,1,2.6493575307987812e-05
ham,flew,1,2.6493575307987812e-05
ham,26,1,2.6493575307987812e-05
ham,attention,1,2.6493575307987812e-05
ham,tix,1,2.6493575307987812e-05
ham,fne,1,2.6493575307987812e-05
ham,youdoing,1,2.6493575307987812e-05
ham,worc,1,2.6493575307987812e-05
ham,foregate,1,2.6493575307987812e-05
ham,shrub,1,2.6493575307987812e-05
ham,get4an18th,1,2.6493575307987812e-05
ham,pendent,1,2.6493575307987812e-05
ham,hu,1,2.6493575307987812e-05
ham,navigate,1,2.6493575307987812e-05
ham,choosing,1,2.6493575307987812e-05
ham,require,1,2.6493575307987812e-05
ham,guidance,1,2.6493575307987812e-05
ham,chick,1,2.6493575307987812e-05
ham,boobs,1,2.6493575307987812e-05
ham,revealing,1,2.6493575307987812e-05
ham,gyno,1,2.6493575307987812e-05
ham,belong,1,2.6493575307987812e-05
ham,treasure,1,2.6493575307987812e-05
ham,slide,1,2.6493575307987812e-05
ham,positive,1,2.6493575307987812e-05
ham,negative,1,2.6493575307987812e-05
ham,hmmmm,1,2.6493575307987812e-05
ham,title,1,2.6493575307987812e-05
ham,command,1,2.6493575307987812e-05
ham,stressful,1,2.6493575307987812e-05
ham,holby,1,2.6493575307987812e-05
ham,li,1,2.6493575307987812e-05
ham,lecturer,1,2.6493575307987812e-05
ham,repeating,1,2.6493575307987812e-05
ham,yeovil,1,2.6493575307987812e-05
ham,motor,1,2.6493575307987812e-05
ham,max,1,2.6493575307987812e-05
ham,rhode,1,2.6493575307987812e-05
ham,bong,1,2.6493575307987812e-05
ham,ofcourse,1,2.6493575307987812e-05
ham,upload,1,2.6493575307987812e-05
ham,tamilnadu,1,2.6493575307987812e-05
ham,tip,1,2.6493575307987812e-05
ham,identification,1,2.6493575307987812e-05
ham,limit,1,2.6493575307987812e-05
ham,boundaries,1,2.6493575307987812e-05
ham,endless,1,2.6493575307987812e-05
ham,reassuring,1,2.6493575307987812e-05
ham,young,1,2.6493575307987812e-05
ham,referin,1,2.6493575307987812e-05
ham,saibaba,1,2.6493575307987812e-05
ham,colany,1,2.6493575307987812e-05
ham,chic,1,2.6493575307987812e-05
ham,declare,1,2.6493575307987812e-05
ham,disappointment,1,2.6493575307987812e-05
ham,irritation,1,2.6493575307987812e-05
ham,tantrum,1,2.6493575307987812e-05
ham,compliments,1,2.6493575307987812e-05
ham,adventuring,1,2.6493575307987812e-05
ham,chief,1,2.6493575307987812e-05
ham,mouse,1,2.6493575307987812e-05
ham,desk,1,2.6493575307987812e-05
ham,childporn,1,2.6493575307987812e-05
ham,jumpers,1,2.6493575307987812e-05
ham,hat,1,2.6493575307987812e-05
ham,belt,1,2.6493575307987812e-05
ham,cribbs,1,2.6493575307987812e-05
ham,spiritual,1,2.6493575307987812e-05
ham,barring,1,2.6493575307987812e-05
ham,sudden,1,2.6493575307987812e-05
ham,influx,1,2.6493575307987812e-05
ham,kane,1,2.6493575307987812e-05
ham,shud,1,2.6493575307987812e-05
ham,pshew,1,2.6493575307987812e-05
ham,units,1,2.6493575307987812e-05
ham,accent,1,2.6493575307987812e-05
ham,4years,1,2.6493575307987812e-05
ham,dental,1,2.6493575307987812e-05
ham,nmde,1,2.6493575307987812e-05
ham,dump,1,2.6493575307987812e-05
ham,heap,1,2.6493575307987812e-05
ham,lowes,1,2.6493575307987812e-05
ham,salesman,1,2.6493575307987812e-05
ham,pity,1,2.6493575307987812e-05
ham,suggestions,1,2.6493575307987812e-05
ham,bitching,1,2.6493575307987812e-05
